Div,Date,HomeTeam,AwayTeam,FTR,HomeLast5Points,AwayLast5Points,HomeLast5HomePoints,AwayLast5AwayPoints,HomeWinRateLastHome,AwayWinRateLastAway,HomeAvgGoalsScoredLast5,HomeAvgGoalsConcededLast5,AwayAvgGoalsScoredLast5,AwayAvgGoalsConcededLast5,HomeAvgShotsLast5,AwayAvgShotsLast5,HomeAvgShotsOnTargetLast5,AwayAvgShotsOnTargetLast5,HomeAvgShotsConcededLast5,AwayAvgShotsConcededLast5,HomeDaysRest,AwayDaysRest,H2HHomeTeamWinRate,H2HAwayTeamWinRate,H2HDrawRate,H2HMatchesPlayed,HomeAvgSecondHalfGoalsScoredLast5,HomeAvgSecondHalfGoalsConcededLast5,AwayAvgSecondHalfGoalsScoredLast5,AwayAvgSecondHalfGoalsConcededLast5,HomeElo,AwayElo,EloDifference,HomeTeamOverallElo,AwayTeamOverallElo,OverallEloDifference
E0,2014-08-16,Leicester,Everton,D,0,0,0,0,0.5,0.5,,,,,,,,,,,7,7,0.5,0.5,0.0,0,,,,,1500.0,1500.0,0.0,1500.0,1500.0,0.0
E0,2014-08-16,Man United,Swansea,A,0,0,0,0,0.5,0.5,,,,,,,,,,,7,7,0.5,0.5,0.0,0,,,,,1500.0,1500.0,0.0,1500.0,1500.0,0.0
E0,2014-08-16,QPR,Hull,A,0,0,0,0,0.5,0.5,,,,,,,,,,,7,7,0.5,0.5,0.0,0,,,,,1500.0,1500.0,0.0,1500.0,1500.0,0.0
E0,2014-08-16,Stoke,Aston Villa,A,0,0,0,0,0.5,0.5,,,,,,,,,,,7,7,0.5,0.5,0.0,0,,,,,1500.0,1500.0,0.0,1500.0,1500.0,0.0
E0,2014-08-16,West Brom,Sunderland,D,0,0,0,0,0.5,0.5,,,,,,,,,,,7,7,0.5,0.5,0.0,0,,,,,1500.0,1500.0,0.0,1500.0,1500.0,0.0
E0,2014-08-16,West Ham,Tottenham,A,0,0,0,0,0.5,0.5,,,,,,,,,,,7,7,0.5,0.5,0.0,0,,,,,1500.0,1500.0,0.0,1500.0,1500.0,0.0
E0,2014-08-16,Arsenal,Crystal Palace,H,0,0,0,0,0.5,0.5,,,,,,,,,,,7,7,0.5,0.5,0.0,0,,,,,1500.0,1500.0,0.0,1500.0,1500.0,0.0
E0,2014-08-17,Liverpool,Southampton,H,0,0,0,0,0.5,0.5,,,,,,,,,,,7,7,0.5,0.5,0.0,0,,,,,1500.0,1500.0,0.0,1500.0,1500.0,0.0
E0,2014-08-17,Newcastle,Man City,A,0,0,0,0,0.5,0.5,,,,,,,,,,,7,7,0.5,0.5,0.0,0,,,,,1500.0,1500.0,0.0,1500.0,1500.0,0.0
E0,2014-08-18,Burnley,Chelsea,A,0,0,0,0,0.5,0.5,,,,,,,,,,,7,7,0.5,0.5,0.0,0,,,,,1500.0,1500.0,0.0,1500.0,1500.0,0.0
E0,2014-08-23,Southampton,West Brom,D,0,1,0,0,0.5,0.5,1.0,2.0,2.0,2.0,12.0,10.0,6.0,5.0,12.0,7.0,6,7,0.5,0.5,0.0,0,1.0,1.0,1.0,1.0,1500.0,1500.0,0.0,1496.72363656764,1500.1757140817108,-3.4520775140708793
E0,2014-08-23,Everton,Arsenal,D,1,3,0,0,0.5,0.5,2.0,2.0,2.0,1.0,13.0,14.0,3.0,6.0,11.0,4.0,7,7,0.5,0.5,0.0,0,0.0,1.0,1.0,0.0,1500.0,1500.0,0.0,1500.3600002040037,1504.0149997959963,-3.6549995919926914
E0,2014-08-23,Crystal Palace,West Ham,A,0,0,0,0,0.5,0.5,1.0,2.0,0.0,1.0,4.0,18.0,2.0,4.0,14.0,10.0,7,7,0.5,0.5,0.0,0,0.0,1.0,0.0,1.0,1500.0,1500.0,0.0,1495.9850002040037,1495.8899997959963,0.0950004080073085
E0,2014-08-23,Chelsea,Leicester,H,3,1,0,0,0.5,0.5,3.0,1.0,2.0,2.0,11.0,11.0,3.0,3.0,9.0,13.0,5,7,0.5,0.5,0.0,0,0.0,0.0,1.0,0.0,1500.0,1500.0,0.0,1506.5400003060054,1499.6399997959963,6.900000510009022
E0,2014-08-23,Swansea,Burnley,H,3,0,0,0,0.5,0.5,2.0,1.0,1.0,3.0,5.0,9.0,4.0,2.0,14.0,11.0,7,5,0.5,0.5,0.0,0,1.0,1.0,0.0,0.0,1500.0,1500.0,0.0,1503.9711113151147,1493.4599996939946,10.511111621120108
E0,2014-08-23,Aston Villa,Newcastle,D,3,0,0,0,0.5,0.5,1.0,0.0,0.0,2.0,7.0,12.0,2.0,0.0,12.0,13.0,7,6,0.5,0.5,0.0,0,1.0,0.0,0.0,1.0,1500.0,1500.0,0.0,1504.1100002040037,1491.9599996939946,12.150000510009022
E0,2014-08-24,Sunderland,Man United,D,1,0,0,0,0.5,0.5,2.0,2.0,1.0,2.0,7.0,14.0,2.0,5.0,10.0,5.0,8,8,0.5,0.5,0.0,0,1.0,1.0,1.0,1.0,1500.0,1500.0,0.0,1499.8242859182892,1496.0288886848853,3.7953972334039463
E0,2014-08-24,Tottenham,QPR,H,3,0,0,0,0.5,0.5,1.0,0.0,0.0,1.0,10.0,19.0,4.0,6.0,18.0,11.0,8,8,0.5,0.5,0.0,0,1.0,0.0,0.0,1.0,1500.0,1500.0,0.0,1504.1100002040037,1496.1399997959963,7.970000408007309
E0,2014-08-24,Hull,Stoke,D,3,0,0,0,0.5,0.5,1.0,0.0,0.0,1.0,11.0,12.0,4.0,2.0,19.0,7.0,8,8,0.5,0.5,0.0,0,1.0,0.0,0.0,1.0,1500.0,1500.0,0.0,1503.8600002040037,1495.8899997959963,7.970000408007309
E0,2014-08-25,Man City,Liverpool,H,3,3,0,0,0.5,0.5,2.0,0.0,2.0,1.0,13.0,12.0,5.0,5.0,12.0,12.0,8,8,0.5,0.5,0.0,0,1.0,0.0,1.0,1.0,1500.0,1500.0,0.0,1508.0400003060054,1503.27636343236,4.763636873645282
E0,2014-08-30,West Ham,Southampton,A,3,1,0,0,0.0,0.0,1.5,1.0,0.5,1.0,17.5,10.0,6.0,4.0,9.5,10.0,7,7,0.5,0.5,0.0,0,0.5,1.0,0.5,0.5,1491.7799995919927,1493.44727313528,-1.667273543287365,1500.2676075497338,1496.7330887519809,3.5345187977529804
E0,2014-08-30,QPR,Sunderland,H,0,2,0,1,0.0,0.0,0.0,2.5,1.5,1.5,14.0,9.0,3.5,2.5,14.5,10.0,6,6,0.5,0.5,0.0,0,0.0,1.0,0.5,0.5,1492.2799995919927,1499.6485718365786,-7.368572244585948,1486.000969770822,1500.4525045706628,-14.451534799840829
E0,2014-08-30,Swansea,West Brom,H,6,2,3,1,1.0,0.0,1.5,0.5,1.0,1.0,7.5,9.0,4.5,3.5,13.0,7.5,7,7,0.5,0.5,0.0,0,0.5,0.5,0.5,0.5,1509.1312326245113,1499.9810956313183,9.150136993192971,1508.5367276273705,1500.1662618973698,8.37046573000066
E0,2014-08-30,Man City,Stoke,A,6,1,3,1,1.0,0.0,2.5,0.5,0.5,1.0,11.0,15.5,4.5,2.5,11.5,8.0,5,6,0.5,0.5,0.0,0,1.5,0.5,0.5,0.5,1510.3355049431714,1499.3864409956805,10.949063947490911,1513.207752777591,1495.5832202938366,17.624532483754365
E0,2014-08-30,Everton,Chelsea,A,2,6,1,3,0.0,1.0,2.0,2.0,2.5,0.5,10.5,19.0,2.5,6.5,12.0,7.5,7,7,0.5,0.5,0.0,0,0.0,1.5,1.0,0.0,1500.5555547121537,1513.080000612011,-12.524445899857255,1500.6377775600804,1511.599918955616,-10.962141395535582
E0,2014-08-30,Burnley,Man United,D,0,1,0,1,0.0,0.0,0.5,2.0,1.0,1.5,10.5,12.0,1.5,4.0,10.5,8.0,7,6,0.5,0.5,0.0,0,0.0,0.0,0.5,0.5,1486.919999387989,1498.743562695253,-11.823563307264294,1488.8943833817389,1495.400670032512,-6.506286650773063
E0,2014-08-30,Newcastle,Crystal Palace,D,1,0,0,0,0.0,0.0,0.0,1.0,1.0,2.5,11.5,6.5,2.0,3.0,11.0,15.5,7,7,0.5,0.5,0.0,0,0.0,0.5,0.5,1.0,1483.9199993879893,1491.9700004080073,-8.050001020018044,1493.5009650007248,1491.6073924502662,1.8935725504586571
E0,2014-08-31,Aston Villa,Hull,H,4,4,1,3,0.0,1.0,0.5,0.0,1.0,0.5,8.0,10.0,1.0,3.0,11.5,19.0,8,7,0.5,0.5,0.0,0,0.5,0.0,0.5,0.5,1496.9180693865396,1507.7200004080073,-10.80193102146768,1502.5690348972737,1504.1667797061634,-1.5977448088899564
E0,2014-08-31,Leicester,Arsenal,D,1,4,1,1,0.0,0.0,1.0,2.0,2.0,1.5,8.5,13.5,3.5,4.5,20.0,6.0,8,8,0.5,0.5,0.0,0,0.5,1.0,1.5,0.0,1499.2799995919927,1499.4444452878463,-0.1644456958536011,1494.580081146386,1503.7372224399196,-9.15714129353364
E0,2014-08-31,Tottenham,Liverpool,A,6,3,3,0,1.0,0.0,2.5,0.0,1.5,2.0,14.0,11.5,4.5,4.0,13.5,10.5,7,6,0.5,0.5,0.0,0,1.0,0.0,1.0,1.5,1520.2780600503486,1489.6644950568286,30.61356499351996,1514.249030229178,1498.1086109607745,16.140419268403775
E0,2014-09-13,Sunderland,Tottenham,D,2,6,1,3,0.0,1.0,1.0,1.3333333333333333,1.6666666666666667,1.0,11.333333333333334,11.666666666666666,3.6666666666666665,3.3333333333333335,12.666666666666666,14.666666666666666,14,13,0.5,0.5,0.0,0,0.3333333333333333,0.3333333333333333,0.6666666666666666,0.6666666666666666,1501.256437304747,1508.2200004080073,-6.96356310326064,1496.8513888625266,1503.8205155924145,-6.969126729887648
E0,2014-09-13,West Brom,Everton,A,2,2,1,1,0.0,0.0,0.6666666666666666,1.6666666666666667,2.3333333333333335,3.3333333333333335,11.333333333333334,12.666666666666666,3.0,4.0,10.0,12.0,14,14,0.5,0.5,0.0,0,0.3333333333333333,0.6666666666666666,0.6666666666666666,2.3333333333333335,1500.3514281634214,1500.7200004080073,-0.3685722445859483,1492.6640147862536,1496.3415552885365,-3.6775405022826817
E0,2014-09-13,Stoke,Leicester,A,4,2,0,0,0.0,0.0,0.6666666666666666,0.6666666666666666,1.0,1.6666666666666667,12.666666666666666,8.666666666666666,2.3333333333333335,3.3333333333333335,10.666666666666666,21.333333333333332,14,13,0.5,0.5,0.0,0,0.6666666666666666,0.3333333333333333,0.3333333333333333,0.6666666666666666,1491.7799995919927,1489.880162700779,1.8998368912136812,1499.6096265621536,1495.7241454354053,3.8854811267483456
E0,2014-09-13,Southampton,Newcastle,H,4,2,1,1,0.0,0.0,1.3333333333333333,1.0,1.0,1.6666666666666667,12.666666666666666,13.666666666666666,5.333333333333333,2.6666666666666665,8.0,11.333333333333334,14,14,0.5,0.5,0.0,0,1.0,0.3333333333333333,0.6666666666666666,1.0,1500.0189043686817,1503.0819306134604,-3.063026244778712,1505.2711017801175,1492.0453540771096,13.225747703007984
E0,2014-09-13,Liverpool,Aston Villa,A,6,7,3,3,1.0,1.0,2.0,1.3333333333333333,1.0,0.3333333333333333,13.333333333333334,9.0,5.333333333333333,2.0,9.333333333333334,10.666666666666666,13,13,0.5,0.5,0.0,0,1.3333333333333333,1.0,0.3333333333333333,0.3333333333333333,1506.55272686472,1508.2200004080073,-1.667273543287365,1508.537125597538,1505.8720542119122,2.6650713856256516
E0,2014-09-13,Crystal Palace,Burnley,D,1,1,0,0,0.0,0.0,1.6666666666666667,2.6666666666666665,0.3333333333333333,1.3333333333333333,8.333333333333334,10.0,4.333333333333333,2.0,16.333333333333332,9.333333333333334,14,14,0.5,0.5,0.0,0,1.0,1.3333333333333333,0.0,0.0,1491.244784492525,1490.8687673754887,0.3760171170363264,1493.0630033738814,1489.498492329153,3.5645110447287607
E0,2014-09-13,Arsenal,Man City,D,5,6,3,3,1.0,1.0,1.6666666666666667,1.3333333333333333,1.6666666666666667,0.6666666666666666,17.0,12.666666666666666,5.0,3.6666666666666665,7.0,10.0,13,14,0.5,0.5,0.0,0,1.0,0.0,1.0,0.6666666666666666,1508.0299995919927,1516.0800006120107,-8.050001020018044,1502.5931581509,1509.181346509274,-6.588188358374282
E0,2014-09-13,Chelsea,Swansea,H,9,9,3,3,1.0,1.0,3.6666666666666665,1.3333333333333333,2.0,0.3333333333333333,16.666666666666668,10.0,7.0,5.666666666666667,10.666666666666666,14.0,14,14,0.5,0.5,0.0,0,2.0,0.6666666666666666,0.6666666666666666,0.3333333333333333,1510.119837299221,1507.9422226302297,2.1776146689915095,1515.8961412271603,1516.0389747384868,-0.1428335113264438
E0,2014-09-14,Man United,QPR,H,2,3,0,0,0.0,0.0,0.6666666666666666,1.0,0.3333333333333333,1.6666666666666667,10.333333333333334,15.333333333333334,3.3333333333333335,4.0,8.333333333333334,15.0,15,15,0.5,0.5,0.0,0,0.3333333333333333,0.3333333333333333,0.0,0.6666666666666666,1492.0577773697703,1479.7219399496514,12.335837420119104,1494.796561085098,1489.602085478958,5.194475606140031
E0,2014-09-15,Hull,West Ham,D,4,3,1,3,0.0,1.0,1.0,1.0,1.3333333333333333,1.6666666666666667,9.666666666666666,13.0,3.0,4.666666666666667,16.333333333333332,12.333333333333334,15,16,0.5,0.5,0.0,0,0.6666666666666666,0.3333333333333333,0.3333333333333333,1.3333333333333333,1500.6135590043195,1508.755215507475,-8.141656503155446,1500.8637603915247,1491.7295945215974,9.1341658699273
E0,2014-09-20,West Ham,Liverpool,H,4,6,0,3,0.0,0.5,1.5,1.75,1.5,1.25,13.75,14.5,4.5,4.25,12.0,8.25,5,7,0.5,0.5,0.0,0,0.75,1.25,1.0,0.75,1474.7039735357196,1510.5215243303558,-35.81755079463619,1491.0778076499143,1504.0182317450997,-12.940424095185335
E0,2014-09-20,Swansea,Southampton,A,9,7,6,3,1.0,0.5,2.0,1.25,2.0,0.75,10.25,12.0,4.75,5.75,17.75,8.25,7,7,0.5,0.5,0.0,0,0.75,1.0,1.25,0.25,1524.135726846744,1510.5232991915532,13.612427655190912,1511.181499331925,1511.691661391512,-0.510162059587401
E0,2014-09-20,Burnley,Sunderland,D,2,3,1,1,0.0,0.0,0.25,1.0,1.25,1.5,10.25,10.0,2.25,3.0,10.5,13.25,7,7,0.5,0.5,0.0,0,0.0,0.0,0.5,0.5,1488.1282172828166,1492.4463404203063,-4.3181231374896925,1489.0805005049706,1495.8893535398506,-6.8088530348800305
E0,2014-09-20,Newcastle,Hull,D,2,5,1,3,0.0,0.5,0.75,2.25,1.25,1.25,12.5,10.0,3.0,3.75,11.0,16.25,7,5,0.5,0.5,0.0,0,0.5,1.25,0.75,0.75,1481.0087775407587,1501.1139617787298,-20.105184237971116,1485.6247944657148,1501.5155472632075,-15.89075279749295
E0,2014-09-20,Aston Villa,Arsenal,A,10,6,4,2,0.5,0.0,1.0,0.25,1.75,1.5,8.0,16.5,1.75,5.25,12.5,9.0,7,7,0.5,0.5,0.0,0,0.25,0.25,1.25,0.25,1503.524108015817,1497.1563167098072,6.367791306009849,1510.3909480643504,1501.6517237168246,8.739224347525806
E0,2014-09-20,QPR,Stoke,D,3,4,3,4,0.5,0.5,0.25,2.25,0.5,0.75,13.75,15.5,3.5,2.75,16.0,10.0,6,7,0.5,0.5,0.0,0,0.0,0.75,0.5,0.5,1499.482231008265,1507.4392535323143,-7.957022524049535,1482.464109394949,1494.808817826573,-12.344708431623983
E0,2014-09-21,Everton,Crystal Palace,A,5,2,1,1,0.0,0.0,2.25,2.5,1.25,2.0,12.25,9.75,4.0,4.0,11.75,15.0,8,8,0.5,0.5,0.0,0,0.75,1.75,0.75,1.0,1491.963110169065,1494.8812222552378,-2.9181120861728687,1503.7101563817,1493.4809951980635,10.22916118363628
E0,2014-09-21,Leicester,Man United,H,5,5,2,2,0.0,0.0,1.0,1.25,1.5,0.75,8.5,12.5,2.75,4.75,22.0,8.5,8,7,0.5,0.5,0.0,0,0.5,0.5,0.5,0.25,1501.5681281700315,1497.5353448004255,4.0327833696060225,1500.524954170986,1501.9345371691074,-1.4095829981215502
E0,2014-09-21,Man City,Chelsea,D,7,12,3,6,0.5,1.0,1.75,1.0,3.75,1.5,13.25,19.75,4.75,7.5,11.25,10.75,8,8,0.5,0.5,0.0,0,1.0,1.0,2.25,0.75,1502.2826924065373,1521.6724451550997,-19.389752748562387,1510.1227809433494,1520.7536166337225,-10.630835690373033
E0,2014-09-21,Tottenham,West Brom,A,7,2,3,1,0.5,0.0,1.75,1.25,0.5,1.75,12.5,11.25,4.0,2.5,12.5,10.25,8,8,0.5,0.5,0.0,0,0.75,0.75,0.25,0.75,1499.4210307768217,1484.9766014090856,14.444429367735893,1504.7825509150905,1485.2954136930896,19.487137222000683
E0,2014-09-27,Sunderland,Swansea,D,4,9,2,3,0.0,0.5,1.0,1.2,1.6,1.2,10.8,9.2,3.6,4.2,14.0,16.4,7,7,0.5,0.5,0.0,0,0.4,0.4,0.6,1.0,1499.3323666593951,1498.2272718171052,1.1050948422898728,1496.3474454759262,1507.2724637789763,-10.925018303050363
E0,2014-09-27,Southampton,QPR,H,10,4,4,0,0.5,0.0,1.8,0.6,0.6,2.2,11.8,15.2,5.4,3.8,7.6,14.4,7,7,0.5,0.5,0.0,0,1.2,0.2,0.2,0.8,1512.860023591471,1465.4459877816328,47.4140358098382,1515.6006969444602,1483.235703021522,32.36499392293831
E0,2014-09-27,Man United,West Ham,H,5,7,3,4,0.5,0.5,1.8,1.6,1.8,1.6,13.2,13.6,4.8,5.0,9.8,11.8,6,7,0.5,0.5,0.0,0,0.6,1.0,0.8,1.0,1506.3337295377892,1507.4516417641091,-1.1179122263199588,1494.5745190989433,1498.4349465084824,-3.86042740953917
E0,2014-09-27,Hull,Man City,A,6,8,2,4,0.0,0.5,1.4,1.4,1.6,1.0,10.0,13.8,3.6,4.6,18.0,10.2,7,6,0.5,0.5,0.0,0,1.0,1.0,1.0,1.0,1501.9171327476854,1517.9628694801618,-16.04573673247637,1501.403474959766,1511.588184246329,-10.18470928656302
E0,2014-09-27,Crystal Palace,Leicester,H,5,8,1,3,0.0,0.5,1.6,2.0,1.8,1.6,9.8,9.8,3.8,3.2,15.4,20.8,6,6,0.5,0.5,0.0,0,1.0,1.0,1.2,0.6,1492.0807681408894,1499.4817801719405,-7.401012031050868,1497.8323583618826,1507.88497224115,-10.052613879267485
E0,2014-09-27,Arsenal,Tottenham,D,9,7,4,4,0.5,0.5,2.0,1.2,1.4,1.2,15.0,11.4,4.8,3.4,8.4,12.0,7,6,0.5,0.5,0.0,0,1.0,0.2,0.6,0.8,1506.1471307238417,1510.1440710533589,-3.9969403295172015,1508.097032348026,1499.3327382762843,8.764294071741688
E0,2014-09-27,Liverpool,Everton,D,6,5,3,4,0.5,0.5,1.4,1.6,2.2,2.6,13.8,13.2,4.4,4.4,9.2,11.4,7,6,0.5,0.5,0.0,0,0.8,0.8,0.8,1.8,1497.5149391598436,1515.457202594335,-17.94226343449145,1496.6610928865316,1499.3587932178812,-2.6977003313495516
E0,2014-09-27,Chelsea,Aston Villa,H,13,10,6,6,1.0,1.0,3.2,1.4,0.8,0.8,17.0,7.6,6.4,1.8,11.8,11.8,6,7,0.5,0.5,0.0,0,2.0,0.8,0.2,0.2,1519.8347881123452,1517.2577881128836,2.5769999994615773,1519.288213330743,1503.9456394331487,15.34257389759432
E0,2014-09-28,West Brom,Burnley,H,5,3,1,1,0.0,0.0,0.6,1.4,0.2,0.8,11.0,11.6,2.8,3.0,9.6,11.2,7,8,0.5,0.5,0.0,0,0.4,0.6,0.0,0.0,1485.6142259770936,1490.0327837271243,-4.418557750030686,1490.7452263318955,1488.622408568895,2.122817763000512
E0,2014-09-29,Stoke,Newcastle,H,5,3,0,1,0.0,0.0,0.8,1.0,1.0,2.2,14.0,15.0,3.0,3.8,12.2,10.8,9,9,0.5,0.5,0.0,0,0.6,0.6,0.8,1.4,1482.1783821208314,1490.240811390671,-8.06242926983964,1494.0372242,1485.7368667691564,8.300357430843405
E0,2014-10-04,Swansea,Newcastle,D,7,3,6,1,0.6666666666666666,0.0,1.4,1.2,1.0,2.0,8.6,15.8,3.4,4.0,17.0,10.6,7,5,0.5,0.5,0.0,0,0.6,1.0,0.8,1.2,1516.3176557408478,1481.7580997407665,34.55955600008156,1507.049478876606,1481.495510944204,25.5539679324022
E0,2014-10-04,Aston Villa,Man City,A,9,8,4,7,0.3333333333333333,0.6666666666666666,0.8,1.4,1.8,1.2,7.2,16.0,2.0,5.0,13.0,10.0,7,7,0.5,0.5,0.0,0,0.2,0.6,1.0,0.8,1490.6334907534138,1526.0577768480243,-35.42428609461058,1498.2721424796096,1515.63563793026,-17.36349545065059
E0,2014-10-04,Leicester,Burnley,D,7,3,5,1,0.3333333333333333,0.0,1.4,1.6,0.0,1.0,9.0,11.8,2.8,3.0,21.4,13.0,7,6,0.5,0.5,0.0,0,1.0,1.0,0.0,0.4,1516.28816431036,1475.4259441521883,40.86222015817134,1501.6360907806975,1481.3189887814272,20.317101999270335
E0,2014-10-04,Liverpool,West Brom,H,4,7,4,4,0.3333333333333333,0.3333333333333333,1.2,1.6,1.0,1.0,16.2,13.0,5.0,3.0,9.0,10.2,7,6,0.5,0.5,0.0,0,0.8,0.8,0.6,0.4,1497.4873334269355,1495.8762266866972,1.611106740238256,1496.6472900200774,1498.0486461193632,-1.4013560992857492
E0,2014-10-04,Sunderland,Stoke,H,4,8,3,5,0.0,0.3333333333333333,0.8,1.0,1.0,0.8,11.6,14.0,3.6,3.2,13.4,14.0,7,5,0.5,0.5,0.0,0,0.4,0.4,0.6,0.4,1499.778336464136,1505.8960662791685,-6.11772981503259,1496.5704303782966,1498.2785800249524,-1.7081496466557835
E0,2014-10-04,Hull,Crystal Palace,H,5,8,2,4,0.0,0.3333333333333333,1.6,2.0,1.8,1.4,10.2,11.2,4.2,4.2,18.2,13.4,7,7,0.5,0.5,0.0,0,1.0,1.2,1.2,0.8,1493.8222253798228,1503.5839485828758,-9.761723203052952,1497.3560212758348,1504.0812398223352,-6.7252185465004
E0,2014-10-05,Chelsea,Arsenal,H,13,7,9,5,1.0,0.3333333333333333,3.4,1.4,1.8,1.2,15.0,15.4,6.0,4.8,12.0,8.8,8,8,0.5,0.5,0.0,0,2.0,0.8,1.0,0.4,1531.1817820194233,1510.0469339722106,21.1348480472127,1524.9617102842822,1507.2848230214934,17.676887262788796
E0,2014-10-05,Man United,Everton,H,8,5,6,5,0.6666666666666666,0.3333333333333333,2.0,1.4,2.0,2.4,12.0,13.8,4.4,5.0,11.4,13.6,8,8,0.5,0.5,0.0,0,0.4,0.8,1.0,1.6,1512.7714128986045,1515.4848083272432,-2.713395428638705,1497.7933607793511,1499.372596084335,-1.5792353049839676
E0,2014-10-05,Tottenham,Southampton,H,5,12,3,6,0.3333333333333333,0.6666666666666666,0.8,1.4,2.2,0.8,9.0,14.0,3.2,6.8,13.4,8.0,8,8,0.5,0.5,0.0,0,0.6,1.0,1.6,0.4,1488.5214054992098,1518.3413702974494,-29.819964798239653,1500.144947602817,1518.1066241812614,-17.96167657844444
E0,2014-10-05,West Ham,QPR,H,7,4,3,0,0.3333333333333333,0.0,2.0,1.8,0.8,2.4,12.6,13.4,5.0,3.0,11.4,16.0,8,8,0.5,0.5,0.0,0,0.8,0.8,0.4,1.0,1489.4182512528555,1460.4341333080306,28.98411794482513,1495.2161048280748,1480.729775784721,14.486329043353862
E0,2014-10-18,Newcastle,Leicester,H,3,7,2,3,0.0,0.3333333333333333,0.8,1.8,1.6,1.8,14.0,10.2,4.0,3.4,10.4,18.6,14,14,0.5,0.5,0.0,0,0.6,1.0,1.0,1.2,1481.2329221476418,1486.9840172510353,-5.751095103393482,1481.517320269204,1501.3867290218018,-19.869408752597792
E0,2014-10-18,Arsenal,Hull,D,6,7,5,4,0.3333333333333333,0.3333333333333333,1.4,1.2,1.6,1.6,14.4,11.0,3.6,3.4,6.8,17.2,13,14,0.5,0.5,0.0,0,0.6,0.4,1.2,0.8,1504.5227120707762,1500.8898171718467,3.632894898929408,1501.151409967785,1503.8716360237229,-2.720226055937701
E0,2014-10-18,Burnley,West Ham,A,3,10,2,4,0.0,0.3333333333333333,0.4,1.4,2.2,1.2,12.0,14.0,3.2,5.2,14.6,9.8,14,13,0.5,0.5,0.0,0,0.2,0.4,1.0,0.4,1487.2120334106658,1501.0139584032938,-13.801924992628074,1481.568350540323,1498.547019040021,-16.97866849969796
E0,2014-10-18,Crystal Palace,Chelsea,A,7,13,4,7,0.3333333333333333,0.6666666666666666,1.8,1.8,3.0,1.0,10.6,10.2,4.0,4.8,14.2,11.8,14,13,0.5,0.5,0.0,0,1.2,1.2,1.6,0.6,1504.5785310617944,1518.7416385491408,-14.163107487346451,1497.565625074447,1531.0951233379906,-33.52949826354347
E0,2014-10-18,Everton,Aston Villa,H,5,6,1,6,0.0,0.6666666666666666,1.6,1.6,0.4,1.6,12.4,6.2,4.8,1.4,14.2,16.6,13,14,0.5,0.5,0.0,0,0.8,1.0,0.2,0.8,1483.260383841427,1505.9107942058056,-22.65041036437856,1496.4375043605555,1493.3477640749843,3.0897402855712244
E0,2014-10-18,Man City,Tottenham,H,11,8,4,5,0.3333333333333333,0.3333333333333333,2.2,1.0,1.0,0.8,18.2,9.4,6.0,3.8,9.8,11.4,14,13,0.5,0.5,0.0,0,1.4,0.6,0.6,0.6,1505.2134990124962,1511.7684897064244,-6.5549906939281755,1520.560016334886,1505.7490932927362,14.810923042149623
E0,2014-10-18,Southampton,Sunderland,H,9,6,7,2,0.6666666666666666,0.0,1.4,1.0,1.0,0.8,13.4,12.0,6.0,4.0,8.0,12.6,13,14,0.5,0.5,0.0,0,1.2,0.4,0.4,0.2,1517.8718780650731,1493.3625242924572,24.509353772615896,1512.502478491342,1502.039539725708,10.462938765634137
E0,2014-10-19,Stoke,Swansea,H,8,5,3,4,0.3333333333333333,0.3333333333333333,1.2,1.2,1.2,1.6,11.4,7.8,3.4,2.8,14.0,15.6,15,15,0.5,0.5,0.0,0,0.6,0.4,0.6,1.2,1490.6610937707362,1497.7813020123644,-7.120208241628234,1492.809470677541,1507.0276695516063,-14.218198874065363
E0,2014-10-19,QPR,Liverpool,A,1,7,4,3,0.3333333333333333,0.3333333333333333,0.6,2.8,1.6,1.6,11.8,16.4,2.6,6.2,15.0,9.6,14,15,0.5,0.5,0.0,0,0.4,1.2,1.0,1.0,1501.025418261411,1495.8072466132196,5.218171648191401,1477.3988615727746,1500.155152791776,-22.75629121900147
E0,2014-10-20,West Brom,Man United,D,7,8,4,2,0.3333333333333333,0.0,1.2,1.0,1.6,1.6,12.4,11.2,3.6,3.4,11.8,11.6,16,15,0.5,0.5,0.0,0,0.8,0.4,0.4,1.0,1500.2210655520294,1482.8153086600976,17.405756891931787,1494.5407833476647,1500.7284525031305,-6.1876691554657555
E0,2014-10-25,Liverpool,Hull,D,9,8,7,5,0.5,0.25,2.0,1.8,1.6,1.2,14.6,9.8,5.6,3.2,10.4,18.2,6,7,0.5,0.5,0.0,0,1.4,1.2,1.4,0.6,1504.5030589703326,1503.0865116563496,1.4165473139830738,1502.9020021056676,1504.9699832659742,-2.067981160306545
E0,2014-10-25,Southampton,Stoke,H,9,8,10,5,0.75,0.25,2.6,0.8,1.4,1.4,13.6,12.4,6.4,3.4,8.4,13.4,7,6,0.5,0.5,0.0,0,1.8,0.2,0.8,0.4,1533.1451504118204,1494.957847584346,38.18730282747447,1520.1391146647156,1495.3668375853208,24.772277079394826
E0,2014-10-25,Sunderland,Arsenal,A,5,6,6,5,0.25,0.25,1.0,2.4,1.6,1.4,11.4,16.2,3.6,4.2,15.2,6.4,7,7,0.5,0.5,0.0,0,0.4,1.2,0.6,0.4,1510.7165551589585,1497.7801078647938,12.936447294164736,1494.4029035523342,1500.0530627255334,-5.650159173199199
E0,2014-10-25,Swansea,Leicester,H,5,4,7,3,0.5,0.25,1.4,1.8,0.6,1.4,9.4,8.6,3.4,2.8,16.8,19.2,6,7,0.5,0.5,0.0,0,0.6,1.2,0.2,1.2,1516.2740370908482,1480.287952748413,35.986084342435106,1504.4703026438265,1498.0386967704906,6.431605873335911
E0,2014-10-25,West Brom,Crystal Palace,D,5,4,5,4,0.25,0.25,0.8,1.4,1.6,2.2,10.0,8.8,2.8,3.6,14.2,15.6,5,7,0.5,0.5,0.0,0,0.6,0.8,1.0,1.4,1497.3159790042007,1490.5527190870998,6.763259917100868,1493.0882400737505,1494.2552615376612,-1.1670214639107144
E0,2014-10-25,West Ham,Man City,H,10,13,6,10,0.5,0.75,2.2,1.2,2.8,1.0,15.8,19.0,5.0,7.6,11.0,12.4,7,7,0.5,0.5,0.0,0,1.4,0.6,1.6,0.4,1496.080079676748,1535.9065336572753,-39.82645398052728,1503.2094883350032,1525.3213520808238,-22.11186374582053
E0,2014-10-26,Tottenham,Newcastle,A,8,5,6,2,0.5,0.0,1.2,1.4,0.6,1.4,11.8,12.8,5.0,3.8,13.4,9.8,8,8,0.5,0.5,0.0,0,0.6,0.8,0.4,0.6,1499.7296968790483,1481.801718390766,17.927978488282406,1500.9877575467983,1484.865352520515,16.12240502628333
E0,2014-10-26,Man United,Chelsea,D,6,13,9,10,0.75,0.75,1.6,1.8,2.8,1.2,14.0,9.6,4.2,4.2,10.6,11.8,6,8,0.5,0.5,0.0,0,0.8,1.2,1.4,0.8,1518.6415963461634,1525.3623656227123,-6.7207692765489355,1502.1809957770447,1534.4054868747762,-32.224491097731516
E0,2014-10-26,Burnley,Everton,A,2,8,2,5,0.0,0.25,0.6,2.0,1.8,1.0,12.0,12.0,2.6,4.8,16.2,14.2,8,8,0.5,0.5,0.0,0,0.4,1.0,1.0,0.6,1477.8870948207011,1509.6146248796842,-31.72753005898312,1476.9058812453409,1502.9891999944712,-26.083318749130285
E0,2014-10-27,QPR,Aston Villa,H,0,6,4,6,0.25,0.5,0.6,3.0,0.4,1.6,10.6,7.0,2.8,1.4,16.4,17.8,8,9,0.5,0.5,0.0,0,0.6,1.6,0.2,1.2,1495.5317196336275,1492.8074029379743,2.7243166956534424,1474.6520122588831,1486.7960684410689,-12.144056182185524
E0,2014-11-01,Newcastle,Liverpool,H,5,7,5,6,0.25,0.5,0.8,1.6,1.6,1.6,10.6,14.2,3.0,5.0,11.8,10.0,6,7,0.5,0.5,0.0,0,0.6,0.6,1.2,1.0,1487.928986650264,1501.3009452410029,-13.371958590738814,1489.153625292853,1501.5374020367412,-12.383776743888577
E0,2014-11-01,Leicester,West Brom,A,3,5,6,4,0.25,0.25,0.2,1.4,0.8,1.4,7.4,11.8,2.4,3.2,18.6,11.4,7,7,0.5,0.5,0.0,0,0.2,1.2,0.8,0.4,1515.789440792568,1488.8605011433,26.92893964926793,1494.8652921398448,1492.0370250565827,2.8282670832620624
E0,2014-11-01,Hull,Southampton,A,6,9,5,6,0.25,0.5,1.2,1.2,1.2,0.8,8.0,13.6,3.4,4.6,19.4,7.6,7,7,0.5,0.5,0.0,0,1.0,0.6,0.8,0.2,1506.8534548755988,1507.1330789176109,-0.2796240420120739,1506.3345833349008,1522.5238133925643,-16.189230057663735
E0,2014-11-01,Stoke,West Ham,D,5,10,6,7,0.5,0.5,1.0,1.4,2.2,1.4,10.6,16.0,3.0,5.2,14.8,13.2,7,7,0.5,0.5,0.0,0,0.6,0.4,1.4,0.8,1495.7758275862957,1510.3388969932585,-14.563069406962768,1492.982138857472,1507.686849726352,-14.704710868880056
E0,2014-11-01,Chelsea,QPR,H,11,3,12,0,1.0,0.0,2.6,1.4,0.6,2.4,10.4,9.8,4.4,2.4,13.6,16.4,6,5,0.5,0.5,0.0,0,1.4,1.0,0.4,1.0,1543.44860812684,1453.7723048841383,89.6763032427018,1534.277474783183,1479.237353508257,55.04012127492592
E0,2014-11-01,Arsenal,Burnley,H,8,2,6,2,0.25,0.0,1.6,1.0,0.6,2.0,14.2,11.4,3.4,2.6,7.8,14.8,7,6,0.5,0.5,0.0,0,0.6,0.2,0.2,0.6,1502.326017586273,1475.9246676699804,26.40134991629293,1505.077885113947,1472.0812830989405,32.99660201500683
E0,2014-11-01,Everton,Swansea,D,8,7,4,4,0.25,0.25,1.8,1.2,1.4,1.4,12.0,8.6,4.8,3.0,15.0,16.8,6,7,0.5,0.5,0.0,0,0.8,0.6,0.6,1.0,1496.3637751092583,1492.666568196805,3.697206912453339,1507.8137981408718,1507.6437072744725,0.1700908663992777
E0,2014-11-02,Aston Villa,Tottenham,A,6,5,4,5,0.25,0.25,0.4,1.6,1.2,1.8,8.8,13.4,2.4,4.6,14.6,13.6,6,7,0.5,0.5,0.0,0,0.2,1.0,0.6,1.2,1480.7847339441628,1502.2458182145483,-21.461084270385527,1482.2107271916943,1496.6994847744609,-14.48875758276654
E0,2014-11-02,Man City,Man United,H,10,4,7,3,0.5,0.0,2.2,1.2,1.4,1.8,19.2,14.8,6.2,4.8,11.0,10.4,8,7,0.5,0.5,0.0,0,1.4,0.6,0.8,1.2,1514.7361705043722,1485.7203952079262,29.01577529644601,1520.843990689475,1502.3090078686382,18.53498282083683
E0,2014-11-03,Crystal Palace,Sunderland,A,5,2,4,2,0.25,0.0,1.8,2.2,0.4,2.6,9.0,12.0,4.0,3.6,16.2,16.0,9,9,0.5,0.5,0.0,0,0.8,1.6,0.2,1.4,1497.9578039882228,1478.08925194571,19.86855204251287,1495.306476554829,1489.3780811639206,5.928395390908463
E0,2014-11-08,West Ham,Aston Villa,D,8,6,9,6,0.6,0.4,2.2,1.6,0.4,1.6,15.6,8.8,4.8,2.4,13.2,14.6,7,6,0.5,0.5,0.0,0,1.6,0.8,0.2,1.0,1505.0348024594457,1483.636720439226,21.398082020219363,1506.12173307512,1478.081643224412,28.040089850708
E0,2014-11-08,Southampton,Leicester,H,9,3,13,3,0.8,0.2,1.2,0.8,0.2,1.4,11.6,7.4,4.8,2.4,7.6,18.6,7,7,0.5,0.5,0.0,0,0.8,0.2,0.2,1.2,1537.9145478675184,1473.9411434871215,63.973404380396914,1525.502044953836,1491.6960141453064,33.80603080852961
E0,2014-11-08,QPR,Man City,D,0,10,7,10,0.4,0.6,0.4,2.8,2.2,1.2,9.0,19.2,1.8,6.2,17.0,11.0,7,6,0.5,0.5,0.0,0,0.4,1.2,1.4,0.6,1504.702402132376,1526.951810874578,-22.24940874220192,1477.342124516327,1523.5271733499017,-46.18504883357468
E0,2014-11-08,Man United,Crystal Palace,H,3,5,10,5,0.6,0.2,1.2,1.8,1.8,2.2,12.8,9.0,3.8,4.0,11.8,16.2,6,5,0.5,0.5,0.0,0,0.6,1.2,0.8,1.6,1518.89762052935,1492.6551491214352,26.242471407914763,1499.6258252082114,1487.159855727528,12.46596948068327
E0,2014-11-08,Liverpool,Chelsea,A,6,11,8,11,0.4,0.6,1.6,1.8,2.6,1.4,12.0,10.4,4.8,4.4,11.6,13.6,7,7,0.5,0.5,0.0,0,1.2,1.2,1.4,1.0,1501.7738588324796,1525.1063414395255,-23.33248260704613,1497.218473606723,1536.172703775113,-38.95423016839004
E0,2014-11-08,Burnley,Hull,H,2,6,2,6,0.0,0.2,0.4,2.0,1.2,1.2,9.8,8.0,2.4,3.4,18.2,19.4,7,7,0.5,0.5,0.0,0,0.2,1.0,1.0,0.6,1468.2378985279,1505.8157117942026,-37.577813266302655,1467.6359734868795,1503.3563517736293,-35.720378286749565
E0,2014-11-09,West Brom,Newcastle,A,7,5,6,5,0.2,0.2,0.6,1.0,0.8,1.6,10.0,10.6,3.0,3.0,12.6,11.8,8,8,0.5,0.5,0.0,0,0.6,0.4,0.6,0.6,1495.213548969865,1490.378263935441,4.83528503442426,1495.2063030511213,1493.472553722871,1.7337493282502692
E0,2014-11-09,Tottenham,Stoke,A,8,5,6,5,0.4,0.2,1.4,1.6,1.0,1.4,13.6,10.6,5.6,3.0,14.4,14.8,7,8,0.5,0.5,0.0,0,1.0,0.8,0.6,0.4,1491.1531513343732,1490.188450128648,0.964701205725305,1500.8285687417433,1494.547255508704,6.281313233039327
E0,2014-11-09,Sunderland,Everton,D,5,8,6,8,0.2,0.4,1.0,2.4,1.8,1.2,11.4,12.0,4.4,4.8,14.8,15.0,6,8,0.5,0.5,0.0,0,0.6,1.4,0.8,0.6,1500.6669103821312,1519.2638211724857,-18.596910790354286,1497.5247019912215,1508.0787462039016,-10.554044212680084
E0,2014-11-09,Swansea,Arsenal,H,5,8,10,8,0.6,0.4,1.0,1.4,1.6,1.0,8.8,14.2,2.4,3.4,18.4,7.8,8,8,0.5,0.5,0.0,0,0.4,1.0,0.6,0.2,1522.6208463521398,1507.829752641621,14.79109371051868,1507.378759211443,1509.5231947260077,-2.144435514564975
E0,2014-11-22,Arsenal,Man United,A,7,3,9,3,0.4,0.0,1.4,1.0,1.2,1.8,14.0,12.8,3.6,3.8,8.4,11.8,13,14,0.5,0.5,0.0,0,0.4,0.6,0.6,1.2,1511.2166368103944,1480.3540298870728,30.862606923321664,1504.6417762231622,1502.726370344639,1.915405878523188
E0,2014-11-22,Chelsea,West Brom,H,11,7,15,7,1.0,0.4,2.4,1.4,0.6,1.0,11.2,10.0,4.8,3.0,14.2,12.6,14,13,0.5,0.5,0.0,0,1.6,1.0,0.6,0.4,1547.2390661107004,1495.1990571323772,52.04000897832316,1539.879606129168,1488.488595461141,51.39101066802709
E0,2014-11-22,Everton,West Ham,H,8,8,5,8,0.2,0.4,1.6,1.0,2.2,1.6,12.6,15.6,5.6,4.8,14.8,13.2,13,14,0.5,0.5,0.0,0,1.0,0.6,1.6,0.8,1496.893671235318,1507.2086636907943,-10.314992455476386,1508.2465317397575,1504.5770348825924,3.669496857165086
E0,2014-11-22,Leicester,Sunderland,D,3,5,6,5,0.2,0.2,0.2,1.4,1.0,2.4,7.2,11.4,1.6,4.4,16.8,14.8,14,13,0.5,0.5,0.0,0,0.2,1.2,0.6,1.4,1509.4508848034911,1494.3824936003118,15.068391203179315,1488.7773993891617,1497.3569164553655,-8.579517066204062
E0,2014-11-22,Man City,Swansea,H,8,5,10,5,0.6,0.2,2.2,1.6,1.0,1.4,21.2,8.8,6.4,2.4,12.0,18.4,14,13,0.5,0.5,0.0,0,1.4,0.8,0.4,1.0,1520.1025358252257,1492.1366720707454,27.965863754480324,1521.585424967982,1512.260177714288,9.32524725369376
E0,2014-11-22,Newcastle,QPR,H,7,0,8,0,0.4,0.0,1.2,1.6,0.4,2.8,10.0,9.0,2.8,1.8,12.0,17.0,13,14,0.5,0.5,0.0,0,0.8,0.6,0.4,1.2,1496.566843510301,1449.981846900278,46.58499661002293,1500.1902613128514,1479.283872898247,20.906388414604407
E0,2014-11-22,Stoke,Burnley,A,7,2,7,2,0.4,0.0,1.2,1.4,0.4,2.0,9.0,9.8,3.2,2.4,15.8,18.2,13,14,0.5,0.5,0.0,0,0.4,0.6,0.2,1.0,1498.9060608887598,1467.0340484458593,31.87201244290054,1499.18061194239,1472.4920082914462,26.688603650943833
E0,2014-11-23,Crystal Palace,Liverpool,H,5,6,4,6,0.2,0.4,1.6,2.0,1.6,1.8,9.4,12.0,3.8,4.8,18.0,11.6,15,15,0.5,0.5,0.0,0,0.8,1.6,1.2,1.2,1481.664562333621,1492.663088380966,-10.998526047344969,1484.0593105911005,1493.511571252668,-9.45226066156738
E0,2014-11-23,Hull,Tottenham,A,3,8,5,8,0.2,0.4,1.0,1.4,1.4,1.6,8.2,13.6,2.8,5.6,18.4,14.4,15,14,0.5,0.5,0.0,0,0.8,0.8,1.0,0.8,1500.8969917530558,1510.5039861491132,-9.606994396057416,1498.5003169690626,1496.1952123080573,2.3051046610053163
E0,2014-11-24,Aston Villa,Southampton,D,4,9,4,9,0.2,0.6,0.2,1.6,1.2,0.8,9.8,11.6,2.8,4.8,16.4,7.6,16,16,0.5,0.5,0.0,0,0.0,1.0,0.8,0.2,1472.526566009598,1513.089542040154,-40.562976030556,1479.626341416939,1528.420659709981,-48.79431829304167
E0,2014-11-29,West Ham,Newcastle,H,5,7,10,7,0.5,0.3333333333333333,1.8,1.8,1.2,1.6,15.0,10.0,3.8,2.8,14.2,12.0,7,7,0.5,0.5,0.0,0,1.6,0.8,0.8,0.6,1501.9454060743906,1503.8136791154016,-1.86827304101098,1500.3719833475648,1501.9404760493944,-1.5684927018296548
E0,2014-11-29,West Brom,Arsenal,A,6,7,5,7,0.1666666666666666,0.3333333333333333,0.6,1.4,1.4,1.0,9.4,14.0,2.8,3.6,15.2,8.4,7,7,0.5,0.5,0.0,0,0.6,0.4,0.4,0.6,1481.7781337899048,1498.0669156359295,-16.288781846024904,1483.916477836579,1500.0213830019695,-16.10490516539062
E0,2014-11-29,Swansea,Crystal Palace,D,2,5,10,5,0.6666666666666666,0.1666666666666666,0.8,1.6,1.6,2.0,9.4,9.4,2.2,3.8,20.2,18.0,7,6,0.5,0.5,0.0,0,0.2,1.0,0.8,1.6,1532.3836833578312,1486.45405884858,45.9296245092512,1510.4458744101776,1492.0712000265598,18.37467438361773
E0,2014-11-29,Sunderland,Chelsea,D,5,11,6,11,0.1666666666666666,0.6666666666666666,0.6,2.0,2.4,1.4,12.0,11.2,5.0,4.8,15.4,14.2,7,7,0.5,0.5,0.0,0,0.4,1.2,1.6,1.0,1500.3313393104197,1532.5201461476356,-32.188806837216134,1497.4905845002204,1544.4517237537302,-46.96113925350983
E0,2014-11-29,Man United,Hull,H,5,3,13,3,0.6666666666666666,0.1666666666666666,1.4,1.8,1.0,1.4,13.2,8.2,3.6,2.8,14.2,18.4,7,6,0.5,0.5,0.0,0,1.0,1.4,0.8,0.8,1525.0987108022052,1496.1036421850697,28.995068617135757,1507.3467635658317,1495.1421735546212,12.204590011210485
E0,2014-11-29,Liverpool,Stoke,H,6,7,5,7,0.3333333333333333,0.3333333333333333,1.6,1.8,1.2,1.4,12.2,9.0,4.4,3.2,12.8,15.8,6,7,0.5,0.5,0.0,0,1.0,1.2,0.4,0.6,1494.3600541243698,1499.45516299602,-5.0951088716501545,1485.4996818172085,1493.9200695216073,-8.420387704398763
E0,2014-11-29,Burnley,Aston Villa,D,5,4,5,4,0.1666666666666666,0.3333333333333333,0.8,2.0,0.2,1.6,8.4,9.8,3.0,2.8,21.2,16.4,7,5,0.5,0.5,0.0,0,0.2,1.0,0.0,1.0,1477.949968137033,1486.726116824281,-8.776148687247996,1477.7525507122286,1480.6496963750135,-2.8971456627850785
E0,2014-11-29,QPR,Leicester,H,0,3,8,3,0.3333333333333333,0.1666666666666666,0.4,2.2,0.2,1.4,9.8,7.2,2.4,1.6,16.2,16.8,7,7,0.5,0.5,0.0,0,0.4,1.2,0.2,1.2,1508.5858988962157,1468.1039139748316,40.48198492138408,1477.5336581617037,1488.6437313443066,-11.110073182602946
E0,2014-11-30,Southampton,Man City,A,10,8,15,8,0.8333333333333334,0.5,1.2,0.6,2.2,1.6,12.2,21.2,4.4,6.4,6.6,12.0,6,8,0.5,0.5,0.0,0,0.8,0.0,1.4,0.8,1543.7517773798083,1523.068314110738,20.683463269070216,1527.397304751907,1523.3997282720927,3.99757647981437
E0,2014-11-30,Tottenham,Everton,H,8,8,3,8,0.3333333333333333,0.3333333333333333,1.6,1.8,1.6,1.0,16.2,12.6,6.0,5.6,12.8,14.8,7,8,0.5,0.5,0.0,0,1.2,0.8,1.0,0.6,1481.8864384670012,1519.5993922441971,-37.712953777195935,1499.5533557224985,1512.4515832747852,-12.898227552286698
E0,2014-12-02,West Brom,West Ham,A,6,5,5,5,0.1428571428571428,0.3333333333333333,0.6,1.4,1.8,1.8,9.4,15.0,2.8,3.8,15.2,14.2,3,3,0.5,0.5,0.0,0,0.6,0.4,1.6,0.8,1474.8305511385206,1498.798560620739,-23.96800948221835,1480.4426865108867,1504.2896334762868,-23.846946965400093
E0,2014-12-02,Burnley,Newcastle,D,5,7,5,7,0.1428571428571428,0.2857142857142857,0.8,2.0,1.2,1.0,8.4,9.6,3.0,2.2,21.2,12.4,3,3,0.5,0.5,0.0,0,0.2,1.0,0.8,0.4,1477.908229504278,1495.9783788579573,-18.070149353679422,1477.7316813958512,1498.0228259206724,-20.29114452482122
E0,2014-12-02,Crystal Palace,Aston Villa,A,5,2,7,2,0.3333333333333333,0.2857142857142857,1.2,1.6,0.2,1.8,9.2,12.4,3.4,4.0,18.0,15.0,3,3,0.5,0.5,0.0,0,0.4,1.2,0.0,1.2,1497.6883412045397,1486.767855457036,10.920485747503562,1493.1317661016828,1480.6705656913912,12.461200410291667
E0,2014-12-02,Leicester,Liverpool,A,0,6,6,6,0.1666666666666666,0.3333333333333333,0.4,2.0,1.6,1.8,9.4,12.2,2.4,4.4,18.4,12.8,3,3,0.5,0.5,0.0,0,0.2,1.4,1.0,1.2,1509.183548713782,1476.6393095100473,32.544239203734605,1486.052512772524,1488.3254652368362,-2.272952464312084
E0,2014-12-02,Man United,Stoke,H,5,4,13,4,0.7142857142857143,0.2857142857142857,1.4,1.8,1.0,1.6,13.2,10.2,3.6,3.6,14.2,15.8,3,3,0.5,0.5,0.0,0,1.0,1.4,0.2,0.8,1533.9278088464462,1493.8035961567646,40.1242126896816,1511.761312587952,1491.0942861019796,20.66702648597243
E0,2014-12-02,Swansea,QPR,H,2,0,8,0,0.5714285714285714,0.0,0.8,1.6,0.4,2.2,9.4,9.8,2.2,2.4,20.2,16.2,3,3,0.5,0.5,0.0,0,0.2,1.0,0.4,1.2,1530.2625512075854,1446.4814174271917,83.7811337803937,1509.3853083350546,1480.1248767334864,29.260431601568143
E0,2014-12-03,Everton,Hull,D,5,3,7,3,0.3333333333333333,0.1428571428571428,1.4,1.4,0.8,1.6,12.4,7.2,5.8,2.6,15.2,18.6,3,4,0.5,0.5,0.0,0,0.8,0.6,0.6,1.0,1505.303774305373,1487.2745441408283,18.029230164544515,1508.6263369894878,1490.7276245325006,17.89871245698714
E0,2014-12-03,Chelsea,Tottenham,H,9,8,15,8,1.0,0.5,1.2,0.8,1.6,1.8,13.6,16.2,4.4,6.0,13.2,12.8,4,3,0.5,0.5,0.0,0,0.8,0.6,1.2,0.8,1556.3833013598248,1517.220272977996,39.16302838182878,1544.0429253142256,1503.378602007796,40.66432330642965
E0,2014-12-03,Sunderland,Man City,A,5,10,6,10,0.1428571428571428,0.5714285714285714,0.6,2.0,2.4,1.2,12.0,21.2,5.0,6.0,15.4,11.6,4,3,0.5,0.5,0.0,0,0.4,1.2,1.8,0.4,1501.1489361894287,1539.182289253292,-38.03335306386316,1497.899382939725,1531.4567158433697,-33.55733290364469
E0,2014-12-03,Arsenal,Southampton,H,9,10,6,10,0.3333333333333333,0.5,1.4,0.8,1.2,0.6,12.6,12.2,3.4,4.4,8.4,6.6,4,3,0.5,0.5,0.0,0,0.6,0.6,0.8,0.0,1501.975850368009,1511.0428321240056,-9.066981755996268,1503.4951743276615,1519.34031718063,-15.845142852968593
E0,2014-12-06,Hull,West Brom,D,3,6,4,6,0.1666666666666666,0.3333333333333333,0.6,1.4,0.6,1.4,6.8,9.4,2.2,2.8,16.2,15.2,3,4,0.5,0.5,0.0,0,0.4,0.6,0.6,0.4,1494.180704924173,1486.0548218832528,8.125883040920144,1491.5180946782202,1477.2870523025554,14.231042375664856
E0,2014-12-06,Man City,Everton,H,10,5,10,5,0.6666666666666666,0.2857142857142857,2.4,1.0,1.4,1.4,20.2,12.4,5.6,5.8,11.2,15.2,3,3,0.5,0.5,0.0,0,1.8,0.4,0.8,0.6,1523.7311424334473,1511.9488996736025,11.782242759844848,1535.3557211850637,1507.835866843768,27.519854341295513
E0,2014-12-06,Newcastle,Chelsea,H,8,9,11,9,0.5,0.5714285714285714,1.4,1.0,1.2,0.8,8.6,13.6,2.8,4.4,12.4,13.2,4,3,0.5,0.5,0.0,0,1.0,0.4,0.8,0.6,1500.0672729833873,1531.7025492686264,-31.635276285239115,1497.3466449978505,1550.1767846763737,-52.83013967852298
E0,2014-12-06,QPR,Burnley,H,0,5,8,5,0.4285714285714285,0.1666666666666666,0.4,1.8,0.8,2.0,9.0,8.4,2.2,3.0,16.0,21.2,4,4,0.5,0.5,0.0,0,0.4,1.4,0.2,1.0,1513.7683360397812,1477.5551332874245,36.213202752356665,1475.8311792110674,1478.407862318673,-2.5766831076057315
E0,2014-12-06,Stoke,Arsenal,H,3,9,7,9,0.3333333333333333,0.4285714285714285,0.8,1.6,1.4,0.8,9.6,12.6,3.6,3.4,13.6,8.4,4,3,0.5,0.5,0.0,0,0.0,0.8,0.6,0.6,1488.3849760471946,1505.014498287314,-16.629522240119286,1489.1666470074413,1508.2435307925489,-19.07688378510761
E0,2014-12-06,Tottenham,Crystal Palace,D,7,5,6,5,0.4285714285714285,0.1428571428571428,1.2,2.0,1.2,1.6,15.2,9.2,5.2,3.4,14.0,18.0,3,4,0.5,0.5,0.0,0,1.0,0.8,0.4,1.2,1489.536931037596,1488.5751909988255,0.9617400387701308,1497.244742645648,1489.4291535679397,7.815589077708637
E0,2014-12-06,Liverpool,Sunderland,D,6,5,8,5,0.4285714285714285,0.1666666666666666,1.6,2.0,0.6,2.0,11.0,12.0,3.4,5.0,15.4,15.4,4,3,0.5,0.5,0.0,0,1.0,1.2,0.4,1.2,1500.011620963625,1494.649829690021,5.3617912736040125,1493.4661767574712,1494.0003775980308,-0.5342008405596061
E0,2014-12-07,Aston Villa,Leicester,H,5,0,4,0,0.1666666666666666,0.1428571428571428,0.4,1.2,0.4,2.0,12.0,9.4,4.4,2.4,15.0,18.4,5,5,0.5,0.5,0.0,0,0.0,0.8,0.2,1.4,1474.5732759257462,1462.921476831266,11.651799094480111,1484.3731782251346,1480.9118012518888,3.461376973245706
E0,2014-12-07,West Ham,Swansea,H,7,2,13,2,0.5714285714285714,0.1666666666666666,1.8,1.6,0.8,1.6,14.0,9.4,4.2,2.2,16.6,20.2,5,5,0.5,0.5,0.0,0,1.2,0.6,0.2,1.0,1509.7807063318348,1488.5080654625235,21.27264086931109,1507.445267684618,1513.6790058574736,-6.23373817285551
E0,2014-12-08,Southampton,Man United,A,7,5,12,5,0.7142857142857143,0.1666666666666666,0.6,0.6,1.4,1.8,9.8,13.2,3.0,3.6,9.6,14.2,5,6,0.5,0.5,0.0,0,0.4,0.2,1.0,1.4,1527.6378022372546,1489.594816329458,38.04298590779672,1514.5919607157427,1513.6889516824904,0.903009033252374
E0,2014-12-13,West Brom,Aston Villa,H,7,5,2,5,0.125,0.375,0.6,0.8,0.4,1.2,7.4,12.0,3.0,4.4,14.6,15.0,7,6,0.5,0.5,0.0,0,0.6,0.2,0.0,0.8,1468.519282721858,1494.173080524523,-25.65379780266494,1477.5500920803888,1487.0017894740515,-9.451697393662926
E0,2014-12-13,Sunderland,West Ham,D,6,7,5,7,0.125,0.4285714285714285,0.6,1.8,1.8,1.6,10.2,14.0,4.0,4.2,14.8,16.6,7,6,0.5,0.5,0.0,0,0.4,1.2,1.2,0.6,1493.3509255060403,1505.1098290374016,-11.758903531361057,1494.0639102760697,1511.367767123539,-17.303856847469206
E0,2014-12-13,Crystal Palace,Stoke,D,3,3,6,3,0.2857142857142857,0.25,0.6,1.2,0.8,1.6,10.4,9.6,3.6,3.6,17.4,13.6,7,7,0.5,0.5,0.0,0,0.0,1.0,0.0,0.8,1490.283116137053,1489.948317967688,0.3347981693650581,1490.97914786618,1493.8225713143247,-2.8434234481446765
E0,2014-12-13,Chelsea,Hull,H,8,3,15,3,1.0,0.125,1.2,1.0,0.6,1.4,17.6,6.8,5.6,2.2,11.8,16.2,7,7,0.5,0.5,0.0,0,0.8,0.8,0.4,0.6,1568.6510200841203,1488.8554844322678,79.79553565185279,1546.2382766120504,1491.2550549003868,54.983221711663646
E0,2014-12-13,Burnley,Southampton,H,4,7,5,7,0.125,0.4285714285714285,0.8,2.4,0.6,0.6,9.2,9.8,3.0,3.0,20.6,9.6,7,5,0.5,0.5,0.0,0,0.2,1.4,0.4,0.2,1479.2605913499217,1501.5461191942309,-22.285527844309172,1474.106507722939,1509.869775467852,-35.76326774491258
E0,2014-12-13,Arsenal,Newcastle,H,6,8,8,8,0.4285714285714285,0.25,1.2,1.4,1.4,1.0,13.8,8.6,4.0,2.8,9.8,12.4,7,7,0.5,0.5,0.0,0,1.0,0.6,1.0,0.4,1511.472563297784,1494.6260170123137,16.846546285470595,1503.5876064856657,1501.2851530621735,2.302453423492125
E0,2014-12-13,Leicester,Man City,A,0,10,5,10,0.1428571428571428,0.625,0.6,2.0,2.4,1.0,10.0,20.2,3.0,5.6,18.4,11.2,6,7,0.5,0.5,0.0,0,0.2,1.2,1.8,0.4,1498.9021256725116,1546.98029993668,-48.07817426416841,1478.2831900029717,1537.4080917918177,-59.124901788846046
E0,2014-12-14,Man United,Liverpool,H,7,6,13,6,0.75,0.4285714285714285,1.8,2.0,1.6,2.0,12.4,11.0,3.6,3.4,15.4,15.4,6,8,0.5,0.5,0.0,0,1.2,1.4,1.0,1.2,1537.7830870355228,1486.9207325513175,50.8623544842053,1518.4111369303812,1493.4026440794323,25.00849285094887
E0,2014-12-14,Swansea,Tottenham,A,2,7,11,7,0.625,0.4285714285714285,0.6,1.4,1.2,2.0,9.4,15.2,2.2,5.2,17.4,14.0,7,8,0.5,0.5,0.0,0,0.0,0.8,1.0,0.8,1538.8499462524237,1504.9525542537003,33.89739199872315,1509.7565064185528,1495.6947483474073,14.061758071145505
E0,2014-12-15,Everton,QPR,H,4,0,8,0,0.2857142857142857,0.0,1.2,1.4,0.4,1.8,12.0,9.0,5.2,2.2,14.2,16.0,9,9,0.5,0.5,0.0,0,0.6,0.4,0.4,1.4,1503.7228340139338,1437.8940223823536,65.82881163158027,1505.783496237014,1480.1325338068011,25.65096243021276
E0,2014-12-20,Aston Villa,Man United,D,5,7,4,7,0.2857142857142857,0.2857142857142857,0.4,0.8,1.8,2.0,11.4,12.4,4.4,3.6,14.6,15.4,7,6,0.5,0.5,0.0,0,0.0,0.6,1.2,1.4,1479.8304984235806,1499.0391868252395,-19.208688401658947,1482.2971813666177,1521.7529307778454,-39.45574941122777
E0,2014-12-20,Hull,Swansea,A,2,2,4,2,0.1428571428571428,0.1428571428571428,0.2,1.4,0.6,1.4,7.6,9.4,1.4,2.2,13.6,17.4,7,6,0.5,0.5,0.0,0,0.2,0.6,0.0,0.8,1493.6546253685058,1480.6630665846824,12.991558783823391,1488.566899276775,1505.9033842197937,-17.336484943018604
E0,2014-12-20,Man City,Crystal Palace,H,10,3,13,3,0.7142857142857143,0.125,2.2,1.0,0.6,1.2,16.6,10.4,5.0,3.6,11.4,17.4,7,7,0.5,0.5,0.0,0,1.4,0.4,0.0,1.0,1527.8358836469556,1491.675179595307,36.16070405164851,1539.2302247894795,1490.877344272423,48.35288051705652
E0,2014-12-20,QPR,West Brom,H,0,7,10,7,0.5,0.2857142857142857,0.4,2.0,0.6,0.8,10.4,7.4,2.6,3.0,14.8,14.6,5,7,0.5,0.5,0.0,0,0.4,1.2,0.6,0.2,1522.371045231249,1486.58090143892,35.79014379232876,1477.76811796423,1482.254700187823,-4.4865822235929045
E0,2014-12-20,Southampton,Everton,H,4,4,9,4,0.625,0.25,0.4,0.8,1.2,1.4,10.6,12.0,3.0,5.2,10.0,14.2,7,5,0.5,0.5,0.0,0,0.2,0.4,0.6,0.4,1518.193431741473,1507.844158460094,10.349273281378828,1505.1536890929738,1508.1479120795852,-2.994222986611476
E0,2014-12-20,Tottenham,Burnley,H,9,4,7,4,0.375,0.1428571428571428,1.4,2.0,0.8,2.4,16.0,9.2,5.2,3.0,13.8,20.6,6,7,0.5,0.5,0.0,0,1.0,0.8,0.2,1.4,1486.4369424411143,1468.952424095957,17.48451834515754,1499.547870546167,1478.8225940978175,20.72527644834895
E0,2014-12-20,West Ham,Leicester,H,8,0,13,0,0.625,0.125,1.8,1.4,0.6,2.0,15.2,10.0,5.0,3.0,17.6,18.4,7,7,0.5,0.5,0.0,0,1.2,0.6,0.2,1.2,1517.6257052096762,1457.6642543334317,59.9614508762445,1511.5995899077805,1476.46105700531,35.13853290247039
E0,2014-12-21,Liverpool,Arsenal,D,6,6,8,6,0.375,0.375,1.4,2.0,1.2,1.4,12.6,13.8,4.2,4.0,15.0,9.8,7,8,0.5,0.5,0.0,0,1.0,1.2,1.0,0.6,1499.884555607547,1495.702649673547,4.1819059340002696,1490.0608502319683,1507.9589802709852,-17.898130039016905
E0,2014-12-21,Newcastle,Sunderland,A,7,6,13,6,0.5714285714285714,0.1428571428571428,1.2,1.4,0.6,1.8,8.8,10.2,2.8,4.0,13.6,14.8,8,8,0.5,0.5,0.0,0,1.0,0.8,0.4,1.2,1507.9442891120336,1494.7768950460988,13.167394065934786,1496.9137792768538,1493.832087491828,3.0816917850256687
E0,2014-12-22,Stoke,Chelsea,A,4,8,10,8,0.4285714285714285,0.5,0.8,1.2,1.2,1.0,8.8,17.6,3.2,5.6,14.0,11.8,9,9,0.5,0.5,0.0,0,0.0,0.6,0.8,0.8,1497.6968246609615,1523.82553313998,-26.12870847901854,1493.9243749080815,1548.926432235662,-55.00205732758013
E0,2014-12-26,Arsenal,QPR,H,7,0,10,0,0.5,0.0,1.6,1.4,0.4,2.0,13.2,10.4,4.6,2.6,14.2,14.8,5,6,0.5,0.5,0.0,0,1.2,0.6,0.4,1.2,1520.2153108684236,1433.165190697211,87.05012017121248,1507.1418157009955,1480.7434832165404,26.398332484455068
E0,2014-12-26,West Brom,Man City,A,4,10,4,10,0.2222222222222222,0.6666666666666666,0.8,1.4,2.2,1.0,8.6,16.6,3.4,5.0,16.6,11.4,6,6,0.5,0.5,0.0,0,0.4,0.6,1.4,0.4,1477.928498936726,1550.6245659320034,-72.6960669952773,1479.2793349355125,1542.4984655141152,-63.219130578602744
E0,2014-12-26,Swansea,Aston Villa,H,4,5,10,5,0.5555555555555556,0.3333333333333333,0.8,1.4,0.4,0.8,10.6,11.4,2.6,4.4,16.6,14.6,6,6,0.5,0.5,0.0,0,0.0,0.8,0.0,0.6,1531.143701854905,1484.7638643096548,46.37983754525021,1510.452003674482,1482.0215982815726,28.430405392909503
E0,2014-12-26,Sunderland,Hull,A,8,2,3,2,0.1111111111111111,0.1111111111111111,0.8,1.8,0.2,1.4,10.6,7.6,3.4,1.4,14.4,13.6,5,6,0.5,0.5,0.0,0,0.6,1.2,0.2,0.6,1492.8872799375574,1483.4791731850446,9.408106752512822,1497.7991264802374,1484.0182798220867,13.780846658150722
E0,2014-12-26,Everton,Stoke,A,4,4,11,4,0.375,0.2222222222222222,1.0,1.6,0.8,1.2,12.6,8.8,4.8,3.2,13.4,14.0,6,4,0.5,0.5,0.0,0,0.4,0.6,0.0,0.6,1508.4516656990763,1490.151925155202,18.29974054387435,1503.333024323309,1489.5150102757304,13.818014047578572
E0,2014-12-26,Leicester,Tottenham,A,0,9,2,9,0.125,0.5,0.6,2.2,1.4,2.0,10.6,16.0,3.4,5.2,16.6,13.8,6,6,0.5,0.5,0.0,0,0.2,1.2,1.0,0.8,1495.2578596771882,1512.6587986512188,-17.400938974030623,1475.2331743877849,1501.2374003021796,-26.004225914394738
E0,2014-12-26,Crystal Palace,Southampton,A,3,4,4,4,0.25,0.375,0.6,1.4,0.4,0.8,9.4,10.6,3.4,3.0,17.4,10.0,6,6,0.5,0.5,0.0,0,0.0,1.2,0.2,0.4,1490.0795089495389,1492.1139464444743,-2.034437494935446,1487.609103547787,1509.96857684925,-22.359473301462913
E0,2014-12-26,Chelsea,West Ham,H,8,8,15,8,1.0,0.375,1.2,0.8,1.8,1.4,17.8,15.2,5.8,5.0,13.0,17.6,4,6,0.5,0.5,0.0,0,0.8,0.6,1.2,0.6,1574.0273313313437,1505.5734746058847,68.45385672545899,1553.3357968680132,1512.8274725253054,40.50832434270774
E0,2014-12-26,Burnley,Liverpool,A,4,6,8,6,0.2222222222222222,0.375,1.0,2.0,1.4,2.0,9.0,12.6,3.6,4.2,21.2,15.0,6,5,0.5,0.5,0.0,0,0.2,1.0,1.0,1.2,1488.6927640996782,1480.2371448563892,8.455619243288993,1477.1330643418048,1490.8780148019582,-13.744950460153404
E0,2014-12-26,Man United,Newcastle,H,8,7,13,7,0.7777777777777778,0.2222222222222222,1.4,1.2,1.2,1.4,12.4,8.8,4.4,2.8,14.4,13.6,6,5,0.5,0.5,0.0,0,1.2,0.6,1.0,0.8,1544.4666747304511,1485.883269441674,58.58340528877716,1522.0285138628903,1492.9467402884443,29.081773574445833
E0,2014-12-28,West Ham,Arsenal,A,5,7,13,7,0.6666666666666666,0.3333333333333333,1.2,1.6,1.6,1.4,12.0,13.2,3.8,4.6,19.8,14.2,2,2,0.5,0.5,0.0,0,0.6,0.6,1.2,0.6,1520.0814704447264,1494.0683205335674,26.01314991115896,1508.7681494965066,1508.7108374263794,0.0573120701271818
E0,2014-12-28,Tottenham,Man United,D,12,8,7,8,0.4444444444444444,0.25,1.6,1.4,1.4,1.2,13.8,12.4,4.4,4.4,14.2,14.4,2,2,0.5,0.5,0.0,0,1.2,0.6,1.2,0.6,1489.81600195314,1499.5903529953296,-9.774351042189435,1503.2300646718372,1524.876675871606,-21.646611199768813
E0,2014-12-28,Stoke,West Brom,H,7,4,7,4,0.375,0.25,1.0,1.0,0.8,1.4,9.6,8.6,3.4,3.4,13.2,16.6,2,2,0.5,0.5,0.0,0,0.0,0.6,0.4,0.6,1488.878095396259,1480.630170934299,8.247924461959883,1493.8525364766942,1477.6804365815728,16.17209989512139
E0,2014-12-28,Southampton,Chelsea,D,7,8,9,8,0.6666666666666666,0.5555555555555556,1.0,0.8,1.2,0.8,11.8,17.8,3.6,5.8,10.4,13.0,2,2,0.5,0.5,0.0,0,0.6,0.6,0.8,0.6,1527.8232072540254,1532.6442624046826,-4.82105515065723,1515.1576876902327,1557.395119896812,-42.23743220657934
E0,2014-12-28,Newcastle,Everton,H,4,4,12,4,0.5,0.2222222222222222,1.0,1.8,1.0,1.6,8.8,12.6,3.2,4.8,12.0,13.4,2,2,0.5,0.5,0.0,0,0.8,1.0,0.4,0.6,1500.010211135215,1498.2143829475417,1.7958281876733508,1490.0985782797288,1498.9954981223457,-8.896919842616626
E0,2014-12-28,Man City,Burnley,D,13,4,15,4,0.75,0.125,2.6,0.8,1.0,2.0,14.2,9.0,5.0,3.6,12.6,21.2,2,2,0.5,0.5,0.0,0,1.2,0.4,0.2,1.0,1534.3723650962272,1465.5733645839314,68.79900051229583,1544.0973638680553,1472.625119460187,71.47224440786817
E0,2014-12-28,Aston Villa,Sunderland,D,5,8,5,8,0.25,0.25,0.4,0.6,0.8,1.8,10.6,10.6,3.8,3.4,13.8,14.4,2,2,0.5,0.5,0.0,0,0.0,0.4,0.6,1.2,1479.2793322534906,1502.7109730229174,-23.43164076942685,1479.532444567366,1489.997552834389,-10.465108267022742
E0,2014-12-28,QPR,Crystal Palace,D,0,3,13,3,0.5555555555555556,0.1111111111111111,0.6,2.0,0.6,1.4,11.6,9.4,2.4,3.4,15.6,17.4,2,2,0.5,0.5,0.0,0,0.6,1.2,0.0,1.2,1528.3217757358696,1485.1386981460355,43.183077589834056,1479.1744614911563,1482.4199927068044,-3.245531215648043
E0,2014-12-28,Hull,Leicester,A,4,0,4,0,0.125,0.1111111111111111,0.8,1.6,0.6,2.2,9.0,10.6,1.8,3.4,12.6,16.6,2,2,0.5,0.5,0.0,0,0.6,0.6,0.2,1.2,1484.557386459129,1455.2084890983815,29.348897360747515,1491.8198534679354,1473.2405100181272,18.57934344980822
E0,2014-12-29,Liverpool,Swansea,H,6,4,6,4,0.3333333333333333,0.25,1.0,1.6,0.8,1.4,11.6,10.6,3.8,2.6,15.2,16.6,3,3,0.5,0.5,0.0,0,0.6,0.8,0.0,0.8,1501.518884747527,1489.7603054940591,11.758579253467817,1495.385959683576,1512.941157388689,-17.555197705112732
E0,2015-01-01,West Ham,West Brom,D,5,4,10,4,0.6,0.2222222222222222,1.2,1.6,0.6,1.4,12.0,10.0,3.8,3.4,19.8,15.4,4,4,1.0,0.0,0.0,1,0.6,0.6,0.2,0.8,1511.603367358791,1473.3107640768576,38.29260328193345,1504.529097953539,1474.020733152852,30.508364800686877
E0,2015-01-01,Stoke,Man United,D,7,8,7,8,0.4444444444444444,0.2222222222222222,1.0,1.0,1.0,0.8,9.6,9.8,3.4,4.0,13.2,14.6,4,4,0.0,1.0,0.0,1,0.0,0.6,0.8,0.4,1496.1975022537003,1500.9778340263215,-4.780331772621366,1497.5122399054148,1525.570416387102,-28.05817648168704
E0,2015-01-01,Tottenham,Chelsea,H,12,8,8,8,0.4,0.5,1.6,1.4,1.2,0.8,13.8,17.4,4.4,5.2,14.2,11.0,4,4,0.0,1.0,0.0,1,1.2,0.6,0.6,0.4,1488.428520922148,1532.3983804395043,-43.969859517356326,1502.536324156341,1557.2721789142229,-54.73585475788195
E0,2015-01-01,Aston Villa,Crystal Palace,D,5,3,6,3,0.2222222222222222,0.1,0.4,0.6,0.2,1.0,10.6,9.8,3.8,2.8,13.8,16.2,4,4,1.0,0.0,0.0,1,0.0,0.4,0.0,0.8,1479.7856774126356,1487.9257553898767,-8.140077977241162,1479.7856171469384,1483.813521328725,-4.027904181786653
E0,2015-01-01,QPR,Swansea,D,0,4,11,4,0.5,0.2222222222222222,0.6,2.0,0.8,1.8,11.6,10.2,2.4,2.4,15.6,17.4,4,3,0.0,1.0,0.0,1,0.6,1.2,0.2,1.2,1525.5347184920283,1477.9121604196205,47.622558072407855,1477.7809328692356,1507.0170848514697,-29.23615198223388
E0,2015-01-01,Newcastle,Burnley,D,4,4,12,4,0.5555555555555556,0.1111111111111111,1.0,1.8,1.0,2.0,8.8,9.4,3.2,3.4,12.0,21.6,4,4,0.0,0.0,1.0,1,0.8,1.0,0.4,1.0,1508.411991038117,1471.1060478118015,37.30594322631555,1494.29946823118,1475.3914610741222,18.90800715705791
E0,2015-01-01,Southampton,Arsenal,H,7,7,7,7,0.6,0.4,1.0,0.8,1.6,1.6,11.8,14.4,3.6,5.0,10.4,14.8,4,4,0.0,1.0,0.0,1,0.6,0.6,1.0,0.8,1528.0690892192038,1502.5464236195028,25.522665599700986,1515.280628672822,1512.9498889693473,2.330739703474592
E0,2015-01-01,Liverpool,Leicester,D,6,3,8,3,0.4,0.2,1.0,1.6,0.8,1.8,11.6,9.6,3.8,3.0,15.2,18.8,3,4,1.0,0.0,0.0,1,0.6,0.8,0.2,1.0,1513.3670298219656,1464.5356564450012,48.83137337696439,1501.3100322207952,1477.904093691437,23.40593852935808
E0,2015-01-01,Man City,Sunderland,H,13,9,13,9,0.6666666666666666,0.2222222222222222,2.6,0.8,0.8,0.2,14.2,11.2,5.0,3.8,12.6,13.2,4,4,1.0,0.0,0.0,1,1.2,0.4,0.6,0.2,1528.839681868357,1502.2046278637724,26.635054004584617,1541.33102225412,1489.7443802548162,51.586641999303765
E0,2015-01-01,Hull,Everton,H,4,1,1,1,0.1111111111111111,0.2,0.8,1.6,0.8,2.0,9.0,11.4,1.8,4.0,12.6,13.2,4,4,0.0,0.0,1.0,1,0.6,0.6,0.4,1.0,1475.2302191125093,1489.8126030446397,-14.58238393213037,1487.1562697946256,1494.7946081708942,-7.638338376268621
E0,2015-01-10,Swansea,West Ham,D,4,5,10,5,0.6,0.3333333333333333,1.0,2.0,1.2,1.6,13.6,12.0,3.6,3.8,18.8,19.8,9,9,0.0,1.0,0.0,1,0.4,1.2,0.6,0.6,1536.1220092833184,1497.4548285482867,38.66718073503171,1508.3763108801606,1503.50519595406,4.8711149261005176
E0,2015-01-10,Leicester,Aston Villa,H,4,5,1,5,0.1111111111111111,0.3,1.2,1.8,0.4,0.6,11.8,10.6,3.6,3.8,18.8,13.8,9,9,0.0,1.0,0.0,1,0.6,0.6,0.0,0.4,1491.272530937873,1479.7855568812413,11.486974056631652,1479.490196406026,1480.4113137555842,-0.9211173495582444
E0,2015-01-10,West Brom,Hull,H,2,4,3,4,0.2,0.2,0.6,1.6,0.8,1.6,11.2,9.0,3.4,1.8,14.2,12.6,9,9,0.0,0.0,1.0,1,0.0,0.8,0.6,0.6,1474.7307022288464,1499.082320476742,-24.351618247895654,1475.0446351523306,1493.1092124722254,-18.064577319894852
E0,2015-01-10,Crystal Palace,Tottenham,H,4,12,4,12,0.2222222222222222,0.5555555555555556,0.2,0.8,1.6,1.4,9.8,13.8,2.6,4.4,14.4,14.2,9,9,0.0,0.0,1.0,1,0.0,0.6,1.2,0.6,1479.7012872675734,1516.644127390534,-36.94284012296066,1483.187824720079,1509.6845443440209,-26.496719623941544
E0,2015-01-10,Chelsea,Newcastle,H,5,4,15,4,1.0,0.2,1.4,1.6,1.0,1.8,18.2,8.8,5.6,3.2,10.8,12.0,9,9,0.0,1.0,0.0,1,0.8,0.8,0.8,1.0,1582.1459773889417,1480.1869454242428,101.95903196469884,1550.1239587265432,1492.415232590547,57.70872613599613
E0,2015-01-10,Burnley,QPR,H,5,0,8,0,0.2,0.0,1.6,2.0,0.6,2.0,11.2,11.6,3.8,2.4,17.2,15.6,9,9,0.0,1.0,0.0,1,0.8,0.6,0.6,1.2,1479.6768743364428,1430.027147246443,49.649727089999715,1477.2756967147552,1476.4217068405446,0.8539898742105834
E0,2015-01-10,Everton,Man City,D,0,13,8,13,0.3333333333333333,0.7,0.6,2.2,2.6,0.8,10.0,14.2,3.2,5.0,14.0,12.6,9,9,0.0,1.0,0.0,1,0.2,0.8,1.2,0.4,1499.776613297149,1553.822362639883,-54.0457493427341,1488.8416654932948,1544.1978972463355,-55.3562317530409
E0,2015-01-10,Sunderland,Liverpool,A,6,6,3,6,0.1,0.4444444444444444,0.6,0.6,1.0,1.6,10.4,11.6,3.2,3.8,17.8,15.2,9,9,0.0,0.0,1.0,1,0.6,0.6,0.6,0.8,1477.28413264586,1489.2530346196247,-11.968901973764789,1486.8775052626006,1499.7239295062063,-12.846424243605725
E0,2015-01-11,Arsenal,Stoke,H,7,7,12,7,0.5555555555555556,0.3,1.4,1.6,1.0,1.0,14.2,9.6,5.4,3.4,15.2,13.2,10,10,0.0,1.0,0.0,1,0.8,0.6,0.0,0.6,1523.3533543191916,1498.826977557129,24.526376762062227,1508.9143284350937,1497.2166346706072,11.697693764486305
E0,2015-01-11,Man United,Southampton,A,9,7,15,7,0.8,0.4444444444444444,1.2,0.8,1.0,0.8,9.2,11.8,4.0,3.6,13.6,10.4,10,10,1.0,0.0,0.0,1,0.8,0.2,0.6,0.6,1550.1629987478825,1502.49216812644,47.67083062144229,1525.8660216219096,1519.3161892070757,6.5498324148341
E0,2015-01-17,Tottenham,Sunderland,H,9,6,11,6,0.4,0.2,1.4,1.6,0.6,0.6,12.0,10.4,4.0,3.2,16.0,17.8,7,7,0.0,0.0,1.0,1,1.0,1.0,0.6,0.6,1502.7249612975077,1496.470877879341,6.254083418166601,1504.4021176072467,1482.5976310865408,21.80448652070595
E0,2015-01-17,Aston Villa,Liverpool,A,4,9,7,9,0.2,0.5,0.4,0.8,1.2,1.4,10.6,14.6,3.2,4.0,11.8,13.4,7,7,1.0,0.0,0.0,1,0.0,0.4,0.6,0.6,1481.0370706299268,1497.812782971744,-16.775712341817098,1476.2184934981346,1504.003803682266,-27.785310184131276
E0,2015-01-17,Burnley,Crystal Palace,A,5,4,8,4,0.3,0.1,1.6,2.0,0.2,0.8,11.2,9.8,3.8,2.6,17.2,14.4,7,7,0.0,0.0,1.0,1,0.8,0.6,0.0,0.6,1484.0865679339322,1486.6743621725857,-2.5877942386532595,1479.4805435135,1488.4702514568537,-8.989707943353551
E0,2015-01-17,Leicester,Stoke,A,4,4,4,4,0.2,0.3,1.2,1.8,0.6,1.4,11.8,8.8,3.6,3.0,18.8,13.2,7,6,1.0,0.0,0.0,1,0.6,0.6,0.0,0.6,1499.658171452772,1487.3501970639422,12.307974388829734,1483.6830166634754,1491.4782444240136,-7.795227760538182
E0,2015-01-17,Newcastle,Southampton,A,1,7,10,7,0.5,0.5,0.6,2.2,1.0,0.8,9.4,11.6,3.6,3.2,11.8,10.8,7,6,0.0,1.0,0.0,1,0.6,1.2,0.8,0.6,1504.6435197568512,1514.443129417526,-9.799609660674832,1491.4043128760106,1525.2916698526185,-33.88735697660786
E0,2015-01-17,QPR,Man United,A,0,9,11,9,0.5,0.2,0.6,2.0,1.2,0.8,13.6,9.2,3.6,4.0,15.6,13.6,7,6,0.0,1.0,0.0,1,0.4,1.0,0.8,0.2,1522.816266434646,1501.5690444959369,21.247221938709117,1474.2168600418,1519.8905409763663,-45.67368093456662
E0,2015-01-17,Swansea,Chelsea,A,4,5,8,5,0.5,0.4,1.0,2.0,1.4,1.6,13.6,18.2,3.6,5.6,18.8,10.8,7,7,0.0,1.0,0.0,1,0.4,1.2,0.8,0.8,1532.8837673833723,1518.1019400641446,14.781827319227888,1506.7571899301877,1551.1348784410795,-44.37768851089186
E0,2015-01-18,Man City,Arsenal,A,13,7,13,7,0.7,0.4,2.4,0.6,1.4,1.6,13.2,14.2,4.2,5.4,11.4,15.2,8,7,0.0,0.0,1.0,1,1.2,0.4,0.8,0.6,1534.5734318527884,1494.4753025509956,40.098129301792824,1541.6630549394715,1514.652718681687,27.01033625778473
E0,2015-01-18,West Ham,Hull,H,5,4,10,4,0.6,0.1,1.0,1.4,0.8,1.6,12.2,9.0,4.4,2.0,19.4,11.6,8,8,0.0,0.0,1.0,1,0.2,0.6,0.6,0.6,1509.5555633598335,1490.5997205353074,18.95584282452637,1505.124316904033,1488.8679125015078,16.256404402525277
E0,2015-01-19,Everton,West Brom,D,0,2,8,2,0.3,0.2,0.6,2.2,0.6,1.6,10.0,11.2,3.2,3.4,14.0,14.2,9,9,1.0,0.0,0.0,1,0.2,0.8,0.0,0.8,1504.8462979108772,1475.358568075815,29.48772983506228,1491.3765078001588,1479.285935123048,12.090572677110686
E0,2015-01-31,Chelsea,Man City,D,7,13,15,13,1.0,0.6,2.4,1.6,2.4,0.6,17.6,13.2,6.6,4.2,10.6,11.4,14,13,0.0,0.0,1.0,1,1.0,0.8,1.2,0.4,1584.1678168180144,1548.7526780261549,35.41513879185959,1560.0185821222285,1533.5504376828733,26.46814443935523
E0,2015-01-31,Crystal Palace,Everton,A,6,0,7,0,0.3,0.2,0.6,1.0,0.6,2.2,9.8,10.0,2.4,3.2,12.2,14.0,14,12,1.0,0.0,0.0,1,0.4,0.6,0.2,0.8,1490.2661407411215,1477.9067176894405,12.359423051681231,1492.4698184177291,1491.8825831197903,0.5872352979388324
E0,2015-01-31,Hull,Newcastle,A,4,1,4,1,0.2,0.2,0.8,1.6,0.6,2.2,10.0,9.4,2.2,3.6,12.6,11.8,13,14,0.0,0.0,1.0,1,0.6,1.0,0.6,1.2,1487.1361044677085,1478.16510599517,8.97099847253844,1482.319444246641,1488.2419028294726,-5.922458582831496
E0,2015-01-31,Liverpool,West Ham,H,12,5,9,5,0.3,0.3,1.4,0.8,1.0,1.4,14.6,12.2,4.8,4.4,13.4,19.4,14,13,0.0,1.0,0.0,1,0.8,0.2,0.2,0.6,1510.194824392788,1500.693070448233,9.501753944555276,1509.019557782814,1511.6727851588998,-2.6532273760858516
E0,2015-01-31,Man United,Leicester,H,9,4,12,4,0.8,0.2,1.2,0.6,1.2,1.8,9.2,11.8,5.0,3.6,12.6,18.8,14,14,0.0,1.0,0.0,1,0.8,0.0,0.6,0.6,1538.2120374567962,1467.707861874179,70.50417558261734,1526.6058508960484,1479.540902989061,47.064947906987754
E0,2015-01-31,Stoke,QPR,H,7,0,7,0,0.4,0.0,0.8,1.2,0.6,2.0,8.8,13.6,2.8,3.6,11.4,15.6,14,14,0.0,0.0,1.0,1,0.2,0.4,0.4,1.0,1495.6062917840852,1425.6174536489536,69.98883813513157,1495.6203580984284,1467.5015501221178,28.118807976310563
E0,2015-01-31,Sunderland,Burnley,H,5,5,2,5,0.1,0.1,0.8,1.0,1.6,2.0,10.0,11.2,3.0,3.8,20.2,17.2,14,14,0.0,0.0,1.0,1,0.6,0.8,0.8,0.6,1468.7243842937407,1474.8745190930674,-6.150134799326679,1479.4095491824723,1475.4809765526245,3.9285726298480768
E0,2015-01-31,West Brom,Tottenham,A,3,9,6,9,0.3,0.5,0.6,1.2,1.4,1.6,11.2,12.0,3.2,4.0,13.4,16.0,12,14,1.0,0.0,0.0,1,0.0,0.8,1.0,1.0,1483.2133021702812,1506.0792739169858,-22.865971746704645,1478.7798598034165,1507.5901995113154,-28.810339707898947
E0,2015-02-01,Arsenal,Aston Villa,H,7,4,12,4,0.6,0.2,1.6,1.6,0.4,0.8,12.6,10.6,5.0,3.2,15.8,11.8,14,15,1.0,0.0,0.0,1,0.8,0.6,0.0,0.4,1534.830134812379,1471.3999163663425,63.430218446036406,1522.7653359382855,1471.2027393975864,51.56259654069913
E0,2015-02-01,Southampton,Swansea,A,9,4,7,4,0.7,0.2,1.2,0.8,1.0,2.0,9.6,13.6,3.0,3.6,12.6,18.8,15,15,1.0,0.0,0.0,1,0.8,0.6,0.4,1.2,1536.140210287711,1480.6306124770028,55.5095978107081,1528.4540798991566,1497.8734862490387,30.580593650117866
E0,2015-02-07,Tottenham,Arsenal,H,9,7,11,7,0.5,0.5,1.6,1.4,1.6,1.6,10.2,12.6,3.6,5.0,16.6,15.8,7,6,0.0,0.0,1.0,1,0.8,1.0,0.8,0.6,1509.1011251056448,1510.7005370641923,-1.5994119585475346,1513.5144562814153,1528.4146807859674,-14.90022450455217
E0,2015-02-07,Swansea,Sunderland,D,7,5,7,5,0.4,0.2,1.0,1.6,0.8,1.0,13.2,10.0,3.2,3.0,17.2,20.2,6,7,0.0,0.0,1.0,1,0.6,1.0,0.6,0.8,1515.1163600210748,1490.094714071204,25.021645949870845,1502.73005855561,1484.9852174049852,17.74484115062478
E0,2015-02-07,QPR,Southampton,A,0,9,8,9,0.4,0.6,0.8,2.4,1.2,0.8,13.8,9.6,3.6,3.0,15.8,12.6,7,6,0.0,1.0,0.0,1,0.4,1.0,0.8,0.6,1509.3856465952822,1520.7679495106024,-11.382302915320224,1465.3564156292591,1523.5975075925858,-58.24109196332665
E0,2015-02-07,Aston Villa,Chelsea,A,3,7,6,7,0.2,0.4,0.2,1.6,2.4,1.6,8.8,17.6,2.2,6.6,12.2,10.6,6,7,0.0,1.0,0.0,1,0.0,1.0,1.0,0.8,1471.0055624288304,1535.8693474264423,-64.8637849976119,1465.5533945499044,1558.338149894604,-92.78475534469952
E0,2015-02-07,Leicester,Crystal Palace,A,4,6,3,6,0.2,0.2,1.0,1.8,0.6,1.0,8.8,9.8,2.8,2.4,14.8,12.2,7,7,0.0,1.0,0.0,1,0.6,0.4,0.4,0.6,1491.373944103943,1494.6734960943363,-3.2995519903938657,1476.2002152721218,1487.7942662124683,-11.594050940346731
E0,2015-02-07,Everton,Liverpool,D,3,12,6,12,0.3,0.6,0.6,1.8,1.4,0.8,10.8,14.6,2.6,4.8,14.0,13.4,7,7,0.0,0.0,1.0,1,0.2,0.8,0.8,0.2,1505.85844855014,1507.8442911728405,-1.985842622700147,1496.558135325051,1513.0784634648576,-16.52032813980668
E0,2015-02-07,Man City,Hull,D,11,4,10,4,0.6,0.1,2.0,0.8,0.8,1.6,12.2,10.0,4.0,2.2,9.4,12.6,7,7,1.0,0.0,0.0,1,0.6,0.4,0.6,1.0,1518.3481973395917,1477.502784025574,40.84541331401783,1535.230869910498,1474.9477494299365,60.28312048056159
E0,2015-02-08,Burnley,West Brom,D,2,3,7,3,0.3,0.2,1.2,2.2,0.6,1.2,12.8,11.2,3.8,3.2,13.8,13.4,8,8,0.0,1.0,0.0,1,0.8,0.6,0.0,0.8,1476.0874340121811,1474.346417436552,1.7410165756291462,1469.9053083301114,1472.8556030333166,-2.950294703205145
E0,2015-02-08,Newcastle,Stoke,D,4,7,7,7,0.5,0.3,1.2,2.0,0.8,1.2,10.4,8.8,4.4,2.8,12.0,11.4,8,8,0.0,1.0,0.0,1,1.0,1.0,0.2,0.4,1498.3186996637749,1495.6344244127715,2.684275251003328,1495.6135976461774,1497.7654925912873,-2.151894945109916
E0,2015-02-08,West Ham,Man United,D,5,9,10,9,0.7,0.3,0.8,1.4,1.2,0.6,10.8,9.2,4.2,5.0,20.8,12.6,8,8,0.0,1.0,0.0,1,0.0,0.8,0.8,0.0,1522.6524998695672,1514.9996643353006,7.652835534266615,1507.6138794768567,1529.9465386129873,-22.332659136130587
E0,2015-02-10,Sunderland,QPR,A,5,0,4,0,0.2,0.0,1.0,1.2,0.8,2.4,9.4,13.8,3.0,3.6,20.4,15.8,3,3,0.0,1.0,0.0,1,0.6,1.0,0.4,1.0,1479.8757207387666,1421.3271846632358,58.54853607553082,1485.5734430792008,1461.7367423301175,23.83670074908332
E0,2015-02-10,Hull,Aston Villa,H,4,3,4,3,0.2,0.1,0.8,1.6,0.2,1.6,9.8,8.8,2.6,2.2,13.6,12.2,3,3,0.0,1.0,0.0,1,0.4,1.2,0.0,1.0,1472.3927148342989,1460.1012266709783,12.29148816332031,1476.7407941330534,1463.1222110618344,13.618583071219064
E0,2015-02-10,Liverpool,Tottenham,H,10,9,9,9,0.4,0.5,0.8,0.6,1.6,1.4,15.8,10.2,5.4,3.6,10.6,16.6,3,3,1.0,0.0,0.0,1,0.4,0.2,0.8,1.0,1518.312635756875,1517.9277874571858,0.3848482996888833,1513.2499334661777,1517.6613833722167,-4.411449906039024
E0,2015-02-10,Arsenal,Leicester,H,7,4,15,4,0.6,0.1,1.4,1.4,1.0,1.8,11.0,8.8,4.4,2.8,17.8,14.8,3,3,0.0,0.0,1.0,1,0.4,1.0,0.6,0.4,1546.1288245077426,1461.026486440301,85.10233806744168,1524.267753695166,1473.1661458257652,51.10160786940082
E0,2015-02-11,Chelsea,Everton,H,10,3,13,3,0.9,0.2,2.6,1.4,0.6,1.8,14.8,10.8,6.0,2.6,10.4,14.0,4,4,1.0,0.0,0.0,1,1.0,0.6,0.2,0.8,1580.8069523627655,1487.2578220999617,93.54913026280384,1560.769333382674,1496.3866653237303,64.38266805894341
E0,2015-02-11,Crystal Palace,Newcastle,D,8,4,4,4,0.3,0.3,0.8,1.0,1.2,2.0,9.4,10.4,2.0,4.4,13.2,12.0,4,3,0.0,0.0,1.0,1,0.6,0.6,1.0,1.0,1480.9150363306003,1492.90849562858,-11.99345929797937,1490.8283356588252,1495.3133832676856,-4.485047608860441
E0,2015-02-11,Man United,Burnley,H,7,2,12,2,0.8,0.1,1.0,0.6,1.2,2.2,12.2,12.8,5.8,3.8,12.2,13.8,3,3,0.0,0.0,1.0,1,0.8,0.2,0.8,0.6,1544.8934128906742,1463.7231826480415,81.17023024263267,1529.5715460450983,1469.4778223931694,60.09372365192894
E0,2015-02-11,Southampton,West Ham,D,12,5,7,5,0.6,0.2,1.4,0.6,0.8,1.4,11.6,10.8,3.8,4.2,11.2,20.8,4,3,1.0,0.0,0.0,1,1.0,0.4,0.0,0.8,1526.427065674569,1492.575259084146,33.85180659042294,1527.2171808917271,1507.9888720447457,19.228308846981463
E0,2015-02-11,Stoke,Man City,A,8,11,10,11,0.5,0.6,0.8,1.0,2.0,0.8,9.2,12.2,2.6,4.0,11.2,9.4,3,4,1.0,0.0,0.0,1,0.4,0.4,0.6,0.4,1499.896560769803,1552.1135424814038,-52.21698171160074,1498.065706969779,1533.437825207381,-35.372118237601626
E0,2015-02-11,West Brom,Swansea,H,3,7,6,7,0.3,0.2,1.0,1.6,1.0,1.6,12.4,13.2,3.6,3.2,13.4,17.2,3,4,0.0,1.0,0.0,1,0.2,0.8,0.6,1.0,1471.3647886300812,1490.343757090145,-18.978968460063697,1473.2830889702584,1502.1418328813943,-28.85874391113589
E0,2015-02-21,Swansea,Man United,H,7,7,5,7,0.4,0.3,0.8,1.4,1.0,0.6,13.0,12.2,3.4,5.8,16.4,12.2,10,10,1.0,0.0,0.0,1,0.6,1.0,0.8,0.2,1513.9399086726437,1514.2496791995222,-0.3097705268787649,1496.2025586655068,1532.414368259477,-36.2118095939702
E0,2015-02-21,Sunderland,West Brom,D,5,3,4,3,0.2,0.2,1.0,1.2,1.0,1.6,9.4,12.4,3.0,3.6,20.4,13.4,11,10,0.0,0.0,1.0,1,0.6,1.0,0.2,0.8,1465.610398283833,1475.2013893104356,-9.590991026602524,1478.4407818517343,1479.2223631861457,-0.7815813344113849
E0,2015-02-21,Man City,Newcastle,H,11,4,8,4,0.6,0.3,2.0,0.8,1.2,2.0,12.0,9.2,4.8,3.8,11.2,11.0,10,10,1.0,0.0,0.0,1,0.8,0.4,0.8,1.2,1514.7621079333576,1492.0253788294478,22.736729103909735,1538.066398918349,1494.8718248681196,43.19457405022945
E0,2015-02-21,Crystal Palace,Arsenal,A,8,7,5,7,0.3,0.4,0.8,1.0,1.4,1.4,9.4,11.0,2.0,4.4,13.2,17.8,10,11,0.0,1.0,0.0,1,0.6,0.6,0.4,1.0,1481.7981531297326,1502.4066828825896,-20.608529752857063,1491.2698940583912,1526.1863581010489,-34.91646404265771
E0,2015-02-21,Chelsea,Burnley,D,10,2,13,2,0.9,0.1,2.6,1.4,1.4,2.4,14.8,12.4,6.0,3.8,10.4,13.8,10,10,1.0,0.0,0.0,1,1.0,0.6,0.8,0.4,1582.8395454240506,1458.037538219284,124.8020072047666,1561.7856299133164,1466.6350001787907,95.15062973452564
E0,2015-02-21,Aston Villa,Stoke,A,0,8,3,8,0.1,0.3,0.0,2.0,0.8,1.0,10.0,9.2,2.4,2.6,10.8,11.2,11,10,1.0,0.0,0.0,1,0.0,1.2,0.4,0.4,1466.1431954526904,1496.234853169755,-30.091657717064663,1458.4988456313713,1493.4371332588107,-34.93828762743942
E0,2015-02-21,Hull,QPR,H,4,3,6,3,0.3,0.1,0.8,1.6,1.2,2.0,9.8,16.6,2.6,4.2,13.6,15.4,11,11,1.0,0.0,0.0,1,0.4,1.2,0.4,0.6,1481.6394456952246,1435.5925071181694,46.04693857705524,1481.3641595635163,1468.8694035575843,12.494756005932004
E0,2015-02-22,Everton,Leicester,D,3,4,6,4,0.3,0.1,0.6,1.8,1.0,1.8,10.4,9.0,3.0,2.8,14.4,15.0,11,12,0.0,0.0,1.0,1,0.2,1.0,0.8,0.2,1505.5155085474996,1457.1892776285356,48.32623091896403,1495.370368793088,1471.2475414198825,24.12282737320561
E0,2015-02-22,Southampton,Liverpool,A,12,10,8,10,0.5,0.5,1.4,0.6,0.8,0.6,11.6,15.8,3.8,5.4,11.2,10.6,11,12,0.0,1.0,0.0,1,1.0,0.4,0.4,0.2,1523.6349986159958,1508.1872311754807,15.447767440515008,1525.8211473624406,1515.7626850131187,10.058462349321871
E0,2015-02-22,Tottenham,West Ham,D,9,3,13,3,0.6,0.2,2.0,1.4,0.4,1.2,11.0,9.4,4.2,3.2,17.4,20.4,12,11,1.0,0.0,0.0,1,1.0,1.2,0.0,0.8,1517.3949792872477,1495.367326142719,22.02765314452836,1515.1486318252755,1509.3849055740325,5.7637262512430425
E0,2015-02-28,West Ham,Crystal Palace,A,3,8,8,8,0.6,0.2,0.6,1.4,0.8,1.0,8.0,9.4,2.6,2.0,23.2,13.2,6,7,1.0,0.0,0.0,1,0.2,1.2,0.6,0.6,1523.4024850053456,1500.7416349870498,22.660850018295832,1510.72014686661,1487.0891548960728,23.630991970537025
E0,2015-02-28,Burnley,Swansea,A,3,7,7,7,0.3,0.2,1.4,2.2,0.8,1.4,12.6,13.0,3.8,3.4,12.0,16.4,7,7,0.0,1.0,0.0,1,1.0,0.4,0.6,1.0,1475.2324621382977,1478.4652086583703,-3.232746520072851,1470.035285281759,1500.3576210740994,-30.32233579234048
E0,2015-02-28,Man United,Sunderland,H,6,5,12,5,0.8,0.2,1.0,0.8,1.0,1.2,12.6,9.4,4.6,3.0,12.4,20.4,7,7,0.0,0.0,1.0,1,0.6,0.4,0.6,1.0,1550.5790573194315,1491.2711654196353,59.30789189979646,1528.2593058508846,1479.4650694074344,48.794236443450245
E0,2015-02-28,Newcastle,Aston Villa,H,4,0,5,0,0.5,0.1,1.0,2.2,0.0,2.0,8.8,10.0,3.2,2.4,10.8,10.8,7,7,0.0,0.0,1.0,1,0.6,1.0,0.0,1.2,1497.7182709067913,1450.8544958100524,46.86377509673889,1488.4741602618228,1454.871899131208,33.60226113061481
E0,2015-02-28,Stoke,Hull,H,10,4,7,4,0.5,0.1,1.0,1.0,0.8,1.6,10.0,9.8,3.2,2.6,9.8,13.6,7,7,0.0,0.0,1.0,1,0.6,0.4,0.4,1.2,1490.6394133478666,1481.088873431808,9.550539916058597,1497.064079758974,1484.5877273372914,12.476352421682575
E0,2015-02-28,West Brom,Southampton,H,4,12,9,12,0.3,0.6,0.6,1.0,1.4,0.6,10.2,11.6,2.6,3.8,12.6,11.2,7,6,0.0,0.0,1.0,1,0.2,0.4,1.0,0.4,1483.2433370618558,1528.0072961088854,-44.76395904702963,1478.1980756304456,1519.798004850476,-41.59992922003039
E0,2015-03-01,Arsenal,Everton,H,9,3,15,3,0.7,0.2,1.4,1.2,0.6,1.8,12.0,10.4,4.6,3.0,16.8,14.4,8,7,0.0,0.0,1.0,1,0.2,1.0,0.2,1.0,1549.966033319508,1485.2252290386766,64.7408042808313,1530.3670972633672,1493.7379713651976,36.629125898169605
E0,2015-03-01,Liverpool,Man City,H,13,11,11,11,0.5,0.6,1.2,0.0,2.0,0.8,13.2,12.0,4.4,4.8,11.0,11.2,7,8,0.0,1.0,0.0,1,0.6,0.0,0.8,0.4,1523.3381388507569,1561.3706899033402,-38.03255105258336,1521.7858275250833,1544.4640635246456,-22.678235999562276
E0,2015-03-03,Aston Villa,West Brom,H,0,4,2,4,0.1,0.1,0.0,2.0,0.6,1.0,11.2,10.2,2.6,2.6,11.0,12.6,3,3,0.0,1.0,0.0,1,0.0,1.0,0.2,0.4,1458.8893024523638,1473.1528141990354,-14.263511746671613,1452.301508351546,1483.5723235476032,-31.27081519605713
E0,2015-03-03,Hull,Sunderland,D,4,2,9,2,0.4,0.2,0.8,1.4,0.8,1.6,8.4,7.2,2.6,3.0,14.6,23.4,3,3,1.0,0.0,0.0,1,0.4,1.2,0.4,1.4,1488.0865812427749,1485.4496219803666,2.6369592624082543,1480.9008241053407,1476.5542976878,4.346526417540645
E0,2015-03-03,Southampton,Crystal Palace,H,12,11,5,11,0.4,0.3,1.4,0.6,1.4,0.6,11.0,10.6,3.4,2.8,11.2,14.6,3,3,1.0,0.0,0.0,1,1.0,0.2,1.0,0.2,1511.5887135920668,1510.3915551692085,1.1971584228583652,1514.4237569333186,1491.914114987152,22.50964194616654
E0,2015-03-04,Tottenham,Swansea,H,9,7,11,7,0.5,0.3,2.0,1.4,0.8,1.4,11.0,12.0,4.2,3.2,17.4,16.8,10,4,1.0,0.0,0.0,1,1.0,1.2,0.8,1.0,1514.7244967020922,1485.490801466669,29.233695235423284,1513.813390532698,1503.8704174782486,9.94297305444934
E0,2015-03-04,Stoke,Everton,H,10,3,10,3,0.5,0.2,1.0,1.0,0.6,1.6,10.0,9.4,3.2,2.6,9.8,15.6,4,3,1.0,0.0,0.0,1,0.6,0.4,0.2,0.8,1498.013219811768,1478.69455451189,19.31866529987792,1500.750982990925,1490.4726341018045,10.278348889120709
E0,2015-03-04,West Ham,Chelsea,A,3,10,5,10,0.5,0.5,0.6,1.4,2.6,1.4,8.0,14.8,2.6,6.0,23.2,10.4,4,11,0.0,1.0,0.0,1,0.2,1.2,1.0,0.6,1513.752564823187,1540.7317144025824,-26.979149579395425,1505.8951867755306,1558.3853448103482,-52.49015803481757
E0,2015-03-04,Newcastle,Man United,A,4,6,8,6,0.6,0.3,1.0,2.2,1.0,0.8,8.8,12.6,3.2,4.6,10.8,12.4,4,4,0.0,1.0,0.0,1,0.6,1.0,0.6,0.4,1502.8590524661154,1505.9395543823375,-3.080501916222147,1491.0445510414847,1531.170077570519,-40.12552652903423
E0,2015-03-04,Man City,Leicester,H,8,5,8,5,0.7,0.1,2.0,1.2,1.4,1.8,11.8,10.0,4.2,2.8,12.0,16.6,3,10,1.0,0.0,0.0,1,0.8,0.6,1.2,0.4,1527.557437145951,1460.4540724843168,67.10336466163426,1539.687352677838,1472.8799388477732,66.80741383006466
E0,2015-03-04,Liverpool,Burnley,H,13,3,13,3,0.5,0.1,1.2,0.0,1.4,2.2,13.2,12.6,4.4,3.8,11.0,12.0,3,4,1.0,0.0,0.0,1,0.6,0.0,1.0,0.4,1532.8915605443724,1464.8381084252203,68.0534521191521,1526.5625383718912,1466.5224888776097,60.04004949428145
E0,2015-03-04,QPR,Arsenal,A,3,9,5,9,0.4,0.5,1.2,1.8,1.4,1.2,14.8,12.0,4.0,4.6,16.0,16.8,11,3,0.0,1.0,0.0,1,0.2,0.6,0.2,1.0,1502.1462999969992,1510.7681612072265,-8.621861210227053,1465.6458357838092,1533.6324345267603,-67.98659874295117
E0,2015-03-07,QPR,Tottenham,A,3,9,2,9,0.4,0.5,1.2,1.8,2.0,1.4,14.8,11.0,4.0,4.2,16.0,17.4,3,3,0.0,1.0,0.0,1,0.2,0.6,1.0,1.2,1493.2369917201245,1512.9022843633036,-19.665292643179328,1461.1911816453717,1516.781101760179,-55.58992011480723
E0,2015-03-14,Arsenal,West Ham,H,9,3,15,3,0.8,0.2,1.4,1.2,0.6,1.4,11.8,8.0,5.0,2.6,16.0,23.2,10,10,1.0,0.0,0.0,1,0.6,1.0,0.2,1.2,1556.4967078462944,1498.0378087278743,58.45889911842005,1538.0870886651978,1504.7775066942577,33.30958197094037
E0,2015-03-14,Burnley,Man City,H,2,8,4,8,0.3,0.5,1.0,2.2,2.0,1.2,12.0,11.8,3.4,4.2,12.6,12.0,10,10,0.0,0.0,1.0,1,0.6,0.6,0.8,0.6,1468.2068693299989,1551.8172682097247,-83.61039887972584,1463.110059923914,1542.9033561551923,-79.79329623127842
E0,2015-03-14,Crystal Palace,QPR,H,10,3,4,3,0.2,0.1,1.4,0.8,1.2,1.8,10.4,14.8,2.8,4.0,17.0,16.0,11,7,0.0,0.0,1.0,1,1.0,0.4,0.2,0.6,1473.436674805096,1429.145371570619,44.2913032344768,1488.9539397272968,1457.4578066761346,31.496133051162133
E0,2015-03-14,Leicester,Hull,D,2,4,3,4,0.2,0.1,1.2,2.2,0.8,1.4,10.4,8.4,2.8,2.6,17.4,14.6,10,11,1.0,0.0,0.0,1,1.2,0.6,0.4,1.2,1485.3058052112294,1473.7150669679063,11.590738243322903,1469.6639353704186,1479.7913000924502,-10.127364722031643
E0,2015-03-14,Sunderland,Aston Villa,A,2,0,4,0,0.1,0.1,1.0,1.8,0.0,2.0,6.0,11.2,3.0,2.6,23.6,11.0,11,11,0.0,0.0,1.0,1,0.6,1.4,0.0,1.0,1467.6589733952333,1445.7137142507283,21.945259144504917,1477.6638217006905,1457.0447285234256,20.61909317726463
E0,2015-03-14,West Brom,Stoke,H,4,10,9,10,0.4,0.4,0.8,1.0,1.0,1.0,7.8,10.0,2.0,3.2,13.2,9.8,11,10,0.0,1.0,0.0,1,0.4,0.2,0.6,0.4,1493.991832896171,1503.4887461700816,-9.49691327391065,1478.8291033757237,1503.26277608496,-24.43367270923636
E0,2015-03-15,Everton,Newcastle,H,3,4,4,4,0.3,0.3,0.2,1.4,1.0,2.2,9.6,8.8,3.2,3.2,15.2,10.8,11,11,0.0,1.0,0.0,1,0.0,0.6,0.6,1.0,1502.2507136917184,1479.2300496168543,23.020664074864044,1487.960841007769,1486.840628304742,1.1202127030269369
E0,2015-03-15,Man United,Tottenham,H,8,9,12,9,0.8,0.6,1.2,0.8,2.0,1.4,13.0,11.6,4.6,4.6,12.4,17.8,11,8,0.0,0.0,1.0,1,0.8,0.4,1.0,1.2,1556.4006007587004,1520.3690343017777,36.03156645692275,1535.3740003072617,1520.514476729416,14.85952357784572
E0,2015-03-15,Chelsea,Southampton,D,10,12,11,12,0.8,0.5,2.4,1.4,1.4,0.6,14.2,11.0,5.4,3.4,11.4,11.2,11,12,0.0,0.0,1.0,1,0.8,0.6,1.0,0.2,1576.0389752181145,1517.25880027457,58.780174943544125,1559.5030248916214,1517.383932193174,42.1190926984475
E0,2015-03-16,Swansea,Liverpool,A,7,13,8,13,0.5,0.6,1.0,1.2,1.2,0.0,11.8,13.2,3.4,4.4,16.6,11.0,12,12,0.0,1.0,0.0,1,0.8,0.8,0.6,0.0,1522.2500334898282,1520.2335161994097,2.0165172904185056,1500.902706250767,1529.9749673255865,-29.072261074819153
E0,2015-03-21,Stoke,Crystal Palace,A,7,10,10,10,0.5,0.3,0.8,1.2,1.4,0.8,9.4,10.4,3.2,2.8,9.4,17.0,7,7,0.0,0.0,1.0,1,0.6,0.4,1.0,0.4,1503.0368059998384,1504.4712046494976,-1.4343986496592152,1498.2341010575246,1492.6621875302476,5.571913527277047
E0,2015-03-21,Man City,West Brom,H,5,4,10,4,0.7,0.1,1.4,1.2,0.8,1.0,14.2,7.8,4.2,2.0,10.4,13.2,7,7,1.0,0.0,0.0,1,0.8,0.6,0.4,0.2,1533.9894441006602,1463.6663738552763,70.32307024538386,1537.463233608789,1483.857778403159,53.60545520563028
E0,2015-03-21,Newcastle,Arsenal,A,4,9,5,9,0.5,0.5,0.8,2.2,1.4,1.2,9.6,11.8,3.2,5.0,12.0,16.0,6,7,0.0,1.0,0.0,1,0.4,1.2,0.6,1.0,1494.4512069926295,1519.6774694841013,-25.226262491471516,1480.239702384228,1541.6608349658936,-61.42113258166569
E0,2015-03-21,Southampton,Burnley,H,10,2,7,2,0.4,0.1,1.0,0.6,1.0,2.2,10.8,12.0,3.2,3.4,13.4,12.6,6,7,0.0,1.0,0.0,1,0.6,0.0,0.6,0.6,1517.5090641117777,1458.0132505178292,59.49581359394847,1518.8718469857374,1468.550182470317,50.32166451542048
E0,2015-03-21,Tottenham,Leicester,H,6,2,13,2,0.6,0.1,1.6,1.8,1.2,2.2,11.0,10.4,4.2,2.8,15.6,17.4,6,7,1.0,0.0,0.0,1,0.8,1.0,1.2,0.6,1520.6599191570544,1454.0220655296075,66.6378536274467,1515.682348161004,1468.9591514617553,46.723196699248774
E0,2015-03-21,West Ham,Sunderland,H,3,2,5,2,0.4,0.2,0.6,1.6,1.0,1.8,8.2,6.0,2.8,3.0,21.4,23.6,7,7,0.0,0.0,1.0,1,0.2,1.4,0.6,1.4,1511.5172046606406,1487.6686700061475,23.84853465449305,1501.203760393562,1470.379887583148,30.82387281041383
E0,2015-03-21,Aston Villa,Swansea,A,3,7,4,7,0.2,0.3,0.8,1.8,1.0,1.2,11.8,11.8,3.6,3.4,12.0,16.6,7,5,0.0,1.0,0.0,1,0.0,1.0,0.8,0.8,1468.375742796123,1479.5553790117065,-11.179636215583514,1464.328662640968,1497.505262986584,-33.17660034561595
E0,2015-03-22,Hull,Chelsea,A,2,10,10,10,0.3,0.5,0.2,1.2,2.4,1.4,8.2,14.2,2.6,5.4,15.2,11.4,8,7,0.0,1.0,0.0,1,0.0,1.2,0.8,0.6,1485.867533216994,1542.9670745651288,-57.099541348134835,1480.4960840011136,1558.015110099058,-77.51902609794433
E0,2015-03-22,Liverpool,Man United,A,13,8,13,8,0.6,0.4,1.2,0.0,1.2,0.8,14.4,13.0,4.8,4.6,9.8,12.4,6,7,0.0,1.0,0.0,1,0.6,0.0,0.8,0.4,1539.7164184517635,1514.3473998558231,25.36901859594036,1533.37241058977,1540.206128875674,-6.8337182859040695
E0,2015-03-22,QPR,Everton,A,3,3,1,3,0.3,0.1,1.2,2.0,0.2,1.4,13.8,9.6,4.4,3.2,16.0,15.2,8,7,0.0,1.0,0.0,1,0.2,0.4,0.0,0.6,1485.7702417816502,1473.6709683238198,12.09927345783035,1453.749558873184,1494.5617669282833,-40.81220805509929
E0,2015-04-04,West Brom,QPR,A,3,3,12,3,0.5,0.1,0.6,1.4,1.2,2.0,5.6,13.8,1.4,4.4,20.2,16.0,14,13,0.0,1.0,0.0,1,0.4,0.4,0.2,0.4,1504.0491829510418,1421.7288759647176,82.32030698632411,1479.5223944717832,1448.4450691801762,31.07732529160694
E0,2015-04-04,Swansea,Hull,H,9,2,5,2,0.4,0.1,1.0,1.0,0.2,1.2,8.6,8.2,3.4,2.6,14.2,15.2,14,13,1.0,0.0,0.0,1,0.8,0.8,0.0,1.2,1515.4551469614614,1475.1246347852332,40.33051217622824,1501.9231902643912,1479.4946075857183,22.42858267867291
E0,2015-04-04,Man United,Aston Villa,H,10,3,12,3,0.9,0.2,1.4,0.8,0.8,1.8,13.0,11.8,5.0,3.6,11.6,12.0,13,14,0.0,0.0,1.0,1,1.0,0.6,0.0,1.0,1566.0648578955247,1460.2815824858133,105.78327540971144,1546.270265157736,1459.9107353631607,86.35952979457534
E0,2015-04-04,Leicester,West Ham,H,1,3,4,3,0.1,0.1,1.4,2.6,0.6,1.6,10.0,8.2,3.2,2.8,15.8,21.4,14,14,0.0,1.0,0.0,1,1.2,1.0,0.2,1.4,1483.8962373939028,1490.890316126483,-6.994078732580192,1467.4897451587935,1503.834643087081,-36.34489792828754
E0,2015-04-04,Everton,Southampton,H,6,10,7,10,0.3,0.5,0.6,1.2,1.0,0.6,9.4,10.8,3.2,3.2,15.2,13.4,13,14,0.0,1.0,0.0,1,0.2,0.8,0.6,0.0,1515.4525655327466,1520.2346298596972,-4.782064326950604,1499.866256621291,1521.6171175452623,-21.75086092397146
E0,2015-04-04,Chelsea,Stoke,H,12,7,9,7,0.7,0.4,2.8,1.6,0.8,1.2,14.4,9.4,5.8,3.2,13.4,9.4,13,14,1.0,0.0,0.0,1,1.0,0.6,0.6,0.4,1573.0631456329872,1493.4313961152109,79.63174951777637,1559.0165865144531,1493.965740546585,65.0508459678681
E0,2015-04-04,Arsenal,Liverpool,H,12,13,15,13,0.9,0.6,1.8,1.0,1.2,0.0,11.0,14.4,4.4,4.8,16.6,9.8,14,13,0.0,0.0,1.0,1,0.6,1.0,0.6,0.0,1563.6442004476858,1527.0284027277764,36.61579771990933,1544.841226891957,1527.3082743077075,17.532952584249188
E0,2015-04-05,Burnley,Tottenham,D,1,6,7,6,0.4,0.6,0.4,2.0,1.6,1.8,12.0,11.0,3.2,4.2,14.6,15.6,15,15,0.0,1.0,0.0,1,0.2,0.6,0.8,1.0,1479.087114422805,1510.7047771649534,-31.617662742148468,1465.8049119107918,1517.1517544639655,-51.3468425531737
E0,2015-04-05,Sunderland,Newcastle,H,2,4,4,4,0.1,0.2,0.6,1.4,0.8,2.2,6.6,9.6,2.8,3.2,20.2,12.0,15,15,1.0,0.0,0.0,1,0.2,1.0,0.4,1.2,1453.0911051601483,1466.028197775826,-12.937092615677784,1467.7490048896286,1477.0593104581644,-9.310305568535796
E0,2015-04-06,Crystal Palace,Man City,H,12,5,7,5,0.3,0.5,1.8,1.0,1.4,1.2,11.6,14.2,3.4,4.2,17.6,10.4,16,16,0.0,1.0,0.0,1,1.0,0.4,0.8,0.6,1480.853170410997,1540.937023116919,-60.083852705921345,1496.9305480411872,1541.7986175401654,-44.86806949897823
E0,2015-04-07,Aston Villa,QPR,D,3,6,3,6,0.2,0.2,1.0,2.2,1.8,1.8,10.2,12.8,3.8,4.4,13.6,16.6,3,3,0.0,1.0,0.0,1,0.2,1.4,0.4,0.6,1459.5398882405084,1438.6133327094833,20.926555531025087,1457.5559483966422,1456.887297552559,0.6686508440832313
E0,2015-04-11,West Ham,Stoke,D,2,7,7,7,0.5,0.3,0.6,1.8,1.0,1.0,8.8,9.4,3.2,3.2,21.6,10.4,7,7,0.0,0.0,1.0,1,0.2,1.4,0.6,0.4,1516.7789700476792,1488.934933303157,27.844036744521873,1500.826298311487,1491.717509140558,9.108789170928958
E0,2015-04-11,West Brom,Leicester,A,3,1,9,1,0.5,0.1,0.6,1.4,1.4,2.6,5.6,10.0,1.4,3.2,20.2,15.8,7,7,1.0,0.0,0.0,1,0.4,0.4,1.2,1.0,1487.164726206276,1451.0832529236843,36.08147328259156,1471.0801660994002,1470.4980899343875,0.582076165012495
E0,2015-04-11,Tottenham,Aston Villa,A,7,3,13,3,0.7,0.2,1.4,1.4,1.0,2.2,11.6,10.2,3.6,3.8,14.4,13.6,6,4,1.0,0.0,0.0,1,0.6,0.6,0.2,1.4,1523.5987317629776,1455.5720085527755,68.02672321020191,1516.232386061537,1457.1583896730997,59.07399638843731
E0,2015-04-11,Burnley,Arsenal,A,1,12,5,12,0.3,0.6,0.4,2.0,1.8,1.0,12.0,11.0,3.2,4.4,14.6,16.6,6,7,0.0,1.0,0.0,1,0.2,0.6,0.6,1.0,1480.9258512276622,1526.0382533362283,-45.11240210856613,1466.7242803132206,1552.6235546355551,-85.89927432233458
E0,2015-04-11,Sunderland,Crystal Palace,A,2,12,7,12,0.2,0.4,0.6,1.4,1.8,1.0,6.6,11.6,2.8,3.4,20.2,17.6,6,5,1.0,0.0,0.0,1,0.2,1.0,1.0,0.4,1464.1480887900414,1513.007925671377,-48.859836881335696,1473.2774967045752,1501.8092225253342,-28.531725820758993
E0,2015-04-11,Southampton,Hull,H,7,2,7,2,0.4,0.1,0.8,0.8,0.4,1.6,11.2,7.8,3.4,2.4,13.6,15.2,7,7,1.0,0.0,0.0,1,0.4,0.0,0.2,1.2,1522.999605230828,1466.8986035746052,56.10100165622271,1517.95960407156,1475.3815919804042,42.57801209115587
E0,2015-04-11,Swansea,Everton,D,9,6,7,6,0.4,0.2,1.0,1.0,0.6,1.2,8.6,9.4,3.4,3.2,14.2,15.2,7,7,0.0,0.0,1.0,1,0.8,0.8,0.2,0.8,1523.6811781720894,1484.2799477098354,39.401230462254034,1506.036205869705,1503.5237700949936,2.512435774711548
E0,2015-04-12,Man United,Man City,H,10,4,15,4,0.9,0.5,1.4,0.8,1.4,1.4,13.0,15.0,5.0,4.6,11.6,9.2,8,6,0.0,1.0,0.0,1,1.0,0.6,0.8,0.6,1570.7744318285622,1531.1796741486246,39.59475767993763,1548.625052124255,1536.9199430560184,11.705109068236652
E0,2015-04-12,QPR,Chelsea,A,7,12,0,12,0.3,0.6,2.2,1.8,2.8,1.6,12.2,14.4,4.6,5.8,17.8,13.4,5,8,0.0,1.0,0.0,1,0.8,0.6,1.0,0.6,1475.1612623956346,1544.9700273959193,-69.80876500028467,1457.2848562761014,1561.26481792048,-103.9799616443786
E0,2015-04-13,Liverpool,Newcastle,H,10,4,12,4,0.6,0.1,1.2,0.8,0.8,2.0,12.8,9.4,4.4,2.4,12.0,13.4,9,8,0.0,1.0,0.0,1,0.8,0.2,0.4,1.0,1527.588145887639,1454.9712141459331,72.61693174170591,1519.5259465641095,1471.530818643218,47.99512792089172
E0,2015-04-18,Chelsea,Man United,H,15,10,9,10,0.7,0.5,2.4,0.6,1.4,0.8,12.4,13.0,4.6,5.0,14.2,11.6,6,6,0.0,0.0,1.0,1,0.8,0.2,1.0,0.6,1577.5596084450408,1526.4756724199476,51.08393602509318,1562.298152390935,1553.2136586346755,9.084493756259462
E0,2015-04-18,Crystal Palace,West Brom,A,12,3,7,3,0.4,0.0,2.0,0.8,0.6,1.4,12.2,5.6,3.6,1.4,18.6,20.2,7,7,0.0,0.0,1.0,1,1.4,0.6,0.4,0.4,1490.6105193792914,1454.9956059925244,35.61491338676706,1505.4787002942276,1466.995777485516,38.482922808711464
E0,2015-04-18,Everton,Burnley,H,4,1,9,1,0.4,0.1,0.6,1.4,0.4,2.0,9.0,12.0,4.4,3.2,14.8,14.6,7,7,1.0,0.0,0.0,1,0.2,1.0,0.2,0.6,1522.7675924801515,1452.522709398779,70.24488308137279,1505.4889505629412,1463.9407903659255,41.54816019701548
E0,2015-04-18,Leicester,Swansea,H,4,9,7,9,0.2,0.4,1.8,2.4,1.0,1.0,11.6,8.6,3.8,3.4,15.0,14.2,7,7,0.0,1.0,0.0,1,1.4,1.0,0.8,0.8,1489.9129269450907,1488.391233567321,1.5216933777696795,1474.582478548272,1504.0710254017577,-29.488546853485783
E0,2015-04-18,Stoke,Southampton,H,5,7,9,7,0.5,0.4,1.0,1.2,0.8,0.8,10.4,11.2,3.0,3.4,11.2,13.6,7,7,0.0,1.0,0.0,1,0.6,0.4,0.4,0.0,1494.500084977959,1512.919602912292,-18.419517934333044,1490.9869495970677,1520.2642872095491,-29.277337612481688
E0,2015-04-19,Man City,West Ham,H,3,2,10,2,0.7,0.1,1.6,2.0,0.6,1.8,15.0,8.8,4.2,3.2,10.8,21.6,7,8,0.0,1.0,0.0,1,1.0,1.0,0.2,1.4,1542.6602119634122,1484.873626575295,57.786585388117146,1532.3313365455977,1501.5568578549778,30.774478690619844
E0,2015-04-19,Newcastle,Tottenham,A,1,7,4,7,0.4,0.5,0.2,2.4,1.4,1.4,9.0,11.6,2.0,3.6,13.6,14.4,6,8,1.0,0.0,0.0,1,0.0,1.2,0.6,0.6,1488.0904231405027,1508.866040360096,-20.775617219593418,1469.0793849700772,1510.4424736805895,-41.36308871051256
E0,2015-04-25,Stoke,Sunderland,D,5,2,9,2,0.6,0.1,1.0,1.2,0.6,1.4,10.4,6.6,3.0,2.8,11.2,20.2,7,14,0.0,1.0,0.0,1,0.6,0.4,0.2,1.0,1500.7979383086274,1482.406904619109,18.39103368951851,1494.1358762624018,1469.6080189356817,24.527857326720095
E0,2015-04-25,West Brom,Liverpool,D,5,10,9,10,0.5,0.6,1.0,1.4,1.2,0.8,6.2,12.8,2.2,4.4,20.6,12.0,7,12,0.0,1.0,0.0,1,0.6,0.4,0.8,0.2,1478.9959489785078,1511.4637472405805,-32.46779826207262,1476.1077194032223,1521.9773802372506,-45.86966083402808
E0,2015-04-25,QPR,West Ham,D,7,2,0,2,0.2,0.1,2.2,1.8,0.6,1.8,12.2,9.2,4.6,3.4,17.8,21.0,13,6,0.0,1.0,0.0,1,0.8,0.6,0.2,1.0,1473.0945934547246,1482.162761020264,-9.068167565539396,1456.2515218056465,1500.2014250774623,-43.949903271815856
E0,2015-04-25,Southampton,Tottenham,D,4,7,10,7,0.5,0.5,0.6,1.0,1.4,1.6,12.6,11.6,4.0,4.4,13.4,14.0,7,6,0.0,1.0,0.0,1,0.2,0.4,0.8,0.8,1527.6089715068065,1518.8714161099665,8.737555396839753,1517.115360544215,1515.445161555525,1.6701989886901174
E0,2015-04-25,Burnley,Leicester,A,1,4,5,4,0.3,0.2,0.4,1.8,1.8,2.4,11.4,11.6,2.6,3.8,17.2,15.0,7,7,0.0,0.0,1.0,1,0.2,0.6,1.4,1.0,1475.3588713330723,1459.2520301514528,16.10684118161953,1460.9371625995,1479.835487190996,-18.89832459149602
E0,2015-04-25,Crystal Palace,Hull,A,12,2,7,2,0.3,0.1,2.0,0.8,0.4,1.4,12.2,9.0,3.6,2.6,18.6,13.6,7,14,0.0,1.0,0.0,1,1.4,0.6,0.2,1.0,1472.3866355438786,1462.2892372986269,10.097398245251725,1496.3667583765211,1473.0769088424152,23.289849534105997
E0,2015-04-25,Newcastle,Swansea,A,1,6,4,6,0.3,0.4,0.2,2.4,0.8,1.4,9.0,9.4,2.0,4.4,13.6,14.8,6,7,0.0,0.0,1.0,1,0.0,1.2,0.6,1.0,1478.0850473906323,1477.8852162818728,0.1998311087595539,1464.0766970951418,1498.8180167590335,-34.74131966389177
E0,2015-04-25,Man City,Aston Villa,H,3,6,13,6,0.7,0.3,1.6,2.0,1.2,1.2,15.0,10.4,4.2,4.0,10.8,13.8,6,14,1.0,0.0,0.0,1,1.0,1.0,0.2,0.6,1545.3710775184431,1467.15183331467,78.21924420377309,1533.6867693231131,1462.948302054047,70.73846726906618
E0,2015-04-26,Arsenal,Chelsea,D,12,15,15,15,0.9,0.6,1.6,1.0,2.4,0.6,12.6,12.4,4.8,4.6,15.8,14.2,15,8,0.0,1.0,0.0,1,0.4,1.0,0.8,0.2,1579.2088559348815,1547.0366963368292,32.17215959805253,1555.40704458285,1564.5681771326422,-9.161132549792228
E0,2015-04-26,Everton,Man United,H,4,7,11,7,0.4,0.4,0.6,1.4,1.0,1.0,9.0,13.6,4.4,4.0,14.8,9.4,8,8,0.0,1.0,0.0,1,0.2,1.0,0.6,0.6,1528.774848013003,1521.9356229365333,6.839225076469802,1508.492578329367,1550.9436338929686,-42.451055563601585
E0,2015-04-28,Hull,Liverpool,H,4,8,7,8,0.3,0.6,0.6,1.2,0.8,0.8,11.8,14.8,3.4,4.4,11.4,11.0,3,3,0.0,0.0,1.0,1,0.6,0.8,0.6,0.2,1483.8645803862034,1507.8382170920277,-23.97363670582422,1481.136257290455,1520.1646151629743,-39.02835787251934
E0,2015-04-29,Leicester,Chelsea,A,7,13,7,13,0.3,0.6,1.8,2.0,1.4,0.6,11.0,9.6,3.8,3.0,14.0,14.4,4,3,0.0,1.0,0.0,1,1.4,1.0,0.6,0.2,1500.418944230539,1549.63618252091,-49.21723829037114,1483.850100499119,1565.8679202246826,-82.01781972556364
E0,2015-05-02,West Ham,Burnley,H,2,1,5,1,0.4,0.0,0.6,1.8,0.4,1.8,10.0,11.4,3.6,2.6,20.4,17.2,7,7,1.0,0.0,0.0,1,0.2,1.0,0.2,0.6,1518.2400891346604,1446.5154538659276,71.72463526873275,1500.591600091232,1456.922549291377,43.669050799855086
E0,2015-05-02,Swansea,Stoke,H,9,5,8,5,0.4,0.3,1.4,1.4,1.0,1.2,9.6,10.4,5.0,3.0,15.0,11.2,7,7,0.0,1.0,0.0,1,1.0,0.8,0.6,0.4,1519.750817236194,1487.4738142161762,32.2770030200179,1502.8782760490883,1492.407660824869,10.4706152242195
E0,2015-05-02,Sunderland,Southampton,H,3,4,4,4,0.2,0.4,0.6,1.2,0.6,1.0,8.0,12.6,3.0,4.0,19.8,13.4,7,7,0.0,1.0,0.0,1,0.2,0.8,0.2,0.4,1456.8091332522547,1506.6217495816236,-49.81261632936889,1471.336234373215,1517.0434739229963,-45.70723954978166
E0,2015-05-02,Leicester,Newcastle,H,7,1,7,1,0.3,0.1,1.8,2.0,0.2,2.4,11.0,9.0,3.8,2.0,14.0,13.6,3,7,0.0,1.0,0.0,1,1.4,1.0,0.0,1.2,1490.7379114014952,1450.0683467996514,40.66956460184383,1479.009584084597,1460.0164378050868,18.993146279510256
E0,2015-05-02,Aston Villa,Everton,H,6,4,4,4,0.2,0.2,1.6,1.4,0.6,1.4,10.8,9.0,4.0,4.4,14.0,14.8,7,6,0.0,1.0,0.0,1,0.6,0.8,0.2,1.0,1458.7447707934236,1488.2103086457307,-29.46553785230708,1461.5253326432116,1516.737580651125,-55.21224800791333
E0,2015-05-02,Man United,West Brom,A,6,5,15,5,0.9,0.1,0.8,1.4,1.0,1.4,13.4,6.2,3.6,2.2,8.6,20.6,6,7,0.0,0.0,1.0,1,0.4,0.6,0.6,0.4,1579.9516448494037,1473.2194898279372,106.7321550214665,1542.6986315712104,1477.920484477499,64.77814709371137
E0,2015-05-02,Liverpool,QPR,H,7,7,12,7,0.6,0.2,0.8,1.0,2.2,1.8,13.8,12.2,5.0,4.6,11.2,17.8,4,7,1.0,0.0,0.0,1,0.6,0.2,0.8,0.6,1532.4910132339207,1439.408450156568,93.08256307735267,1516.160521634482,1455.8613467918765,60.29917484260545
E0,2015-05-03,Chelsea,Crystal Palace,H,13,12,11,12,0.7,0.5,1.6,0.6,2.0,0.8,9.4,12.2,2.8,3.6,14.4,18.6,4,8,1.0,0.0,0.0,1,1.0,0.0,1.4,0.6,1582.0996579284551,1520.3468812091637,61.75277671929143,1570.7084366392046,1488.307409928481,82.40102671072327
E0,2015-05-03,Tottenham,Man City,A,8,3,10,3,0.6,0.4,1.4,1.4,1.6,2.0,10.2,15.0,3.8,4.2,13.4,10.8,8,8,0.0,1.0,0.0,1,0.8,0.6,1.0,1.0,1512.018907001083,1522.0024611277831,-9.9835541266998,1515.5170481767436,1535.1097387339482,-19.592690557204605
E0,2015-05-04,Hull,Arsenal,A,4,12,10,12,0.4,0.6,0.6,1.2,1.6,1.0,11.8,12.6,3.4,4.8,11.4,15.8,6,8,0.0,0.0,1.0,1,0.6,0.8,0.4,1.0,1491.872767443188,1531.6052332308182,-39.73246578763019,1485.1403508189474,1554.1073014908095,-68.96695067186215
E0,2015-05-09,Newcastle,West Brom,D,0,7,3,7,0.2,0.2,0.0,2.8,0.8,1.0,10.4,5.0,2.4,1.8,16.0,23.4,7,7,1.0,0.0,0.0,1,0.0,1.2,0.6,0.4,1469.964528810522,1486.5775101507388,-16.612981340216948,1455.653210965499,1484.5994946388996,-28.94628367340056
E0,2015-05-09,Stoke,Tottenham,H,4,8,10,8,0.5,0.5,0.8,1.4,1.4,1.4,10.8,10.2,3.0,3.8,12.6,13.4,7,6,1.0,0.0,0.0,1,0.4,0.6,0.8,0.6,1497.341507433562,1519.0151893524037,-21.67368191884179,1487.8480702678708,1512.092761075089,-24.24469080721792
E0,2015-05-09,Leicester,Southampton,H,7,1,10,1,0.4,0.4,1.8,2.0,0.6,1.4,11.0,11.6,3.8,3.4,14.0,13.4,7,7,0.0,1.0,0.0,1,1.4,1.0,0.0,0.6,1499.4643650806706,1494.4646916468128,4.999673433857879,1483.3728109241847,1510.964944955591,-27.592134031406204
E0,2015-05-09,Everton,Sunderland,A,4,3,13,3,0.5,0.1,1.0,1.8,0.6,1.2,9.4,8.0,4.6,3.0,12.8,19.8,7,7,0.0,0.0,1.0,1,0.6,1.0,0.2,0.8,1545.2648526565192,1485.8633354941744,59.40151716234482,1513.2565091041492,1477.41476334062,35.84174576352916
E0,2015-05-09,Crystal Palace,Man United,A,9,6,6,6,0.3,0.3,1.8,1.0,0.8,1.4,11.0,13.4,3.4,3.6,18.2,8.6,6,7,0.0,1.0,0.0,1,1.2,0.6,0.4,0.6,1456.2679386477987,1505.445618293017,-49.1776796452184,1485.4061420186736,1536.0196214098096,-50.613479391136025
E0,2015-05-09,Aston Villa,West Ham,H,6,2,7,2,0.2,0.0,1.6,1.4,0.6,1.8,10.8,10.0,4.0,3.6,14.0,20.4,7,7,0.0,0.0,1.0,1,0.6,0.8,0.2,1.0,1465.706913887375,1482.9431110478038,-17.236197160428446,1465.0064041901876,1503.537576607213,-38.531172417025346
E0,2015-05-09,Hull,Burnley,A,4,1,7,1,0.4,0.0,0.6,1.2,0.2,1.4,11.8,10.4,3.4,2.4,11.4,20.8,5,7,0.0,1.0,0.0,1,0.6,0.8,0.2,0.4,1479.763898000277,1440.623500833966,39.14039716631101,1479.085916097492,1453.976572775396,25.10934332209581
E0,2015-05-10,Chelsea,Liverpool,D,13,7,11,7,0.7,0.5,1.6,0.6,0.8,1.0,9.4,13.8,2.8,5.0,14.4,11.2,7,8,1.0,0.0,0.0,1,1.0,0.0,0.6,0.2,1587.9021937480702,1499.8300300350431,88.07216371302707,1573.609704549012,1517.9213568424505,55.68834770656144
E0,2015-05-10,Man City,QPR,H,3,4,15,4,0.7,0.2,1.0,1.8,2.0,2.2,15.2,10.4,3.4,4.2,11.6,19.6,7,8,0.0,0.0,1.0,1,0.4,1.0,1.0,0.8,1548.217016340113,1435.886779740631,112.3302365994823,1538.534025835603,1454.100511583908,84.43351425169499
E0,2015-05-11,Arsenal,Swansea,A,15,9,13,9,0.9,0.5,2.0,0.8,1.4,1.4,15.6,9.6,6.0,5.0,12.8,15.0,7,9,0.0,1.0,0.0,1,0.4,0.8,1.0,0.8,1576.6093697508009,1486.0057348619832,90.60363488881762,1560.161736212265,1507.437866606087,52.723869606177914
E0,2015-05-16,West Ham,Everton,A,1,4,7,4,0.4,0.2,0.2,1.6,1.0,1.8,8.6,9.4,2.8,4.6,18.0,12.8,7,7,0.0,1.0,0.0,1,0.0,0.6,0.6,1.0,1524.132042166622,1481.248165551779,42.88387661484285,1499.89635308162,1504.4917639829864,-4.595410901366449
E0,2015-05-16,Tottenham,Hull,H,5,4,7,4,0.6,0.2,1.0,1.8,0.6,1.2,9.4,11.8,3.2,3.4,13.4,11.4,7,7,1.0,0.0,0.0,1,0.6,0.6,0.6,0.8,1505.170332797774,1478.4079341947067,26.76239860306714,1503.9892100008583,1473.3588762904835,30.63033371037477
E0,2015-05-16,Sunderland,Leicester,D,5,7,7,7,0.3,0.3,0.8,1.0,1.8,2.0,9.2,11.0,3.4,3.8,21.0,14.0,7,7,0.0,0.0,1.0,1,0.6,0.6,1.4,1.0,1468.9661911870655,1467.281256767699,1.6849344193665274,1486.179508461783,1487.8545558657695,-1.6750474039868095
E0,2015-05-16,Southampton,Aston Villa,H,1,6,10,6,0.5,0.2,0.6,1.6,1.6,1.4,11.2,10.8,3.6,4.0,14.0,14.0,7,7,0.0,0.0,1.0,1,0.0,0.6,0.6,0.8,1527.465198264369,1464.305894493,63.1593037713692,1506.483200014006,1468.6476277157803,37.83557229822554
E0,2015-05-16,Liverpool,Crystal Palace,A,5,9,12,9,0.7,0.5,0.6,1.2,1.8,1.0,15.6,11.0,5.0,3.4,10.2,18.2,6,7,0.0,1.0,0.0,1,0.4,0.2,1.2,0.6,1536.0126836498578,1514.5443453895489,21.46833826030911,1519.9838571012997,1483.1469714049435,36.83688569635615
E0,2015-05-16,Burnley,Stoke,D,3,4,4,4,0.3,0.3,0.2,1.2,0.8,1.4,10.0,10.8,1.8,3.0,22.2,12.6,7,7,1.0,0.0,0.0,1,0.2,0.4,0.4,0.6,1467.329644716826,1478.3546331021796,-11.02498838535348,1459.7036125824045,1495.9516213421014,-36.24800875969686
E0,2015-05-16,QPR,Newcastle,H,4,0,1,0,0.1,0.1,1.8,3.0,0.0,2.8,10.6,10.4,4.2,2.4,21.0,16.0,6,7,0.0,1.0,0.0,1,1.0,1.4,0.0,1.2,1472.314243427185,1441.341893120476,30.972350306708904,1451.4734773281411,1455.341483029364,-3.868005701222728
E0,2015-05-17,Man United,Arsenal,D,9,15,12,15,0.8,0.7,1.0,1.2,2.0,0.8,12.4,15.6,3.8,6.0,9.0,12.8,8,6,1.0,0.0,0.0,1,0.6,0.6,0.4,0.8,1566.593624526602,1543.714102673729,22.87952185287304,1538.2787920235398,1554.032449973896,-15.753657950356228
E0,2015-05-17,Swansea,Man City,A,9,3,10,3,0.4,0.4,1.4,1.4,1.0,1.8,9.6,15.2,5.2,3.4,17.0,11.6,6,7,0.0,1.0,0.0,1,1.0,0.8,0.4,1.0,1528.8699983501906,1528.8510353310926,0.0189630190980096,1513.567152844456,1541.1610600913698,-27.593907246913886
E0,2015-05-18,West Brom,Chelsea,H,7,13,7,13,0.5,0.7,1.0,1.2,1.6,0.6,5.6,9.4,2.2,2.8,23.8,14.4,9,8,0.0,1.0,0.0,1,0.6,0.4,1.0,0.0,1482.6214791270606,1559.3172153499538,-76.69573622289317,1484.9112225750348,1571.5472042901629,-86.63598171512808
E0,2015-05-20,Arsenal,Sunderland,D,13,5,10,5,0.8,0.2,1.8,0.8,0.8,1.0,14.2,9.2,5.8,3.4,10.8,21.0,3,4,1.0,0.0,0.0,1,0.6,0.6,0.6,0.6,1564.350797274063,1503.3928257365,60.957971537563026,1554.3178608351564,1487.9605565313575,66.35730430379863
E0,2015-05-24,Man City,Southampton,H,6,1,15,1,0.7,0.4,1.6,1.8,0.6,1.6,18.0,11.2,5.4,3.6,12.0,14.0,7,8,1.0,0.0,0.0,1,0.8,1.0,0.0,0.6,1553.471084851647,1485.5012017636427,67.96988308800428,1546.6419665096478,1512.4563036649156,34.18566284473218
E0,2015-05-24,Leicester,QPR,H,7,4,12,4,0.5,0.2,1.4,1.6,1.8,3.0,10.2,10.6,3.0,4.2,13.0,21.0,8,8,0.0,1.0,0.0,1,1.0,0.6,1.0,1.4,1508.427854963841,1430.6327112290974,77.7951437347433,1486.073507796195,1453.9163387742287,32.15716902196618
E0,2015-05-24,Stoke,Liverpool,H,2,5,10,5,0.6,0.5,0.4,1.2,0.6,1.2,10.8,15.6,2.4,5.0,14.2,10.2,8,8,0.0,1.0,0.0,1,0.2,0.6,0.4,0.2,1513.5486095820231,1503.9550305527414,9.593579029281727,1494.8842992023551,1511.3335284258355,-16.449229223480415
E0,2015-05-24,Hull,Man United,D,4,9,4,9,0.4,0.4,0.6,1.4,1.0,1.2,14.4,12.4,3.8,3.8,10.0,9.0,8,7,0.0,1.0,0.0,1,0.6,1.0,0.6,0.6,1468.3098183862603,1509.9639595204776,-41.6541411342173,1468.240602853664,1537.9933811622795,-69.75277830861569
E0,2015-05-24,Newcastle,West Ham,H,0,1,1,1,0.2,0.0,0.2,2.2,0.2,1.6,13.2,8.6,3.8,2.8,14.4,18.0,8,8,0.0,1.0,0.0,1,0.0,1.2,0.0,0.6,1469.3410729382515,1475.660663996618,-6.3195910583663135,1452.8986215832765,1495.3194742857154,-42.420852702439106
E0,2015-05-24,Crystal Palace,Swansea,H,9,9,6,9,0.3,0.5,1.8,1.0,1.4,1.4,11.6,9.6,3.6,5.2,17.4,17.0,8,7,0.0,0.0,1.0,1,1.2,0.4,1.0,0.8,1451.7495974203382,1498.264307338721,-46.51470991838278,1491.7973000804077,1508.086246426178,-16.288946345770228
E0,2015-05-24,Chelsea,Sunderland,H,10,6,11,6,0.6,0.1,1.4,1.2,0.8,0.6,9.4,9.6,2.8,3.4,12.6,20.6,6,4,0.0,0.0,1.0,1,1.0,0.4,0.6,0.2,1583.777193230372,1508.4311185220793,75.34607470829269,1559.8547912397291,1490.4797029241472,69.37508831558193
E0,2015-05-24,Arsenal,West Brom,H,13,7,8,7,0.7,0.2,1.8,0.8,1.0,1.2,14.2,5.6,5.8,2.2,10.8,23.8,4,6,1.0,0.0,0.0,1,0.6,0.6,0.6,0.4,1559.312504488484,1487.200966023009,72.11153846547495,1551.7987144423666,1496.6036356254683,55.1950788168981
E0,2015-05-24,Aston Villa,Burnley,A,6,3,10,3,0.3,0.1,1.8,2.4,0.2,1.2,10.0,10.0,4.2,1.8,14.8,22.2,8,8,0.0,0.0,1.0,1,0.6,1.0,0.2,0.4,1472.989360938561,1452.0775804479829,20.911780490578167,1462.6745240648706,1460.7709347221507,1.903589342719897
E0,2015-05-24,Everton,Tottenham,A,7,5,12,5,0.4,0.4,1.4,1.6,1.0,1.8,12.0,9.4,5.2,3.2,12.0,13.4,8,8,0.0,1.0,0.0,1,1.0,1.0,0.6,0.6,1527.7353624141936,1502.8080872039425,24.92727521025108,1509.0686427788908,1509.1074834376775,-0.0388406587869667
E0,2016-08-13,Burnley,Swansea,A,6,9,5,9,0.2,0.5,0.4,0.8,1.0,1.0,9.4,8.6,2.2,4.6,21.4,15.6,447,447,0.0,1.0,0.0,2,0.2,0.2,0.8,0.6,1479.5410736275337,1492.2648634364236,-12.72378980889016,1477.1094929655428,1502.1316738652797,-25.022180899736668
E0,2016-08-13,Crystal Palace,West Brom,A,9,7,6,7,0.4,0.2,1.8,1.0,1.0,1.6,11.6,7.8,3.6,3.0,17.4,25.4,447,447,0.0,0.5,0.5,2,1.2,0.4,0.6,0.2,1474.244452752146,1489.4860876028752,-15.241634850729042,1497.7903022941327,1496.7551560527936,1.0351462413391346
E0,2016-08-13,Everton,Tottenham,D,7,8,9,8,0.4,0.4,1.4,1.6,1.2,1.2,12.0,11.6,5.2,3.6,12.0,13.0,447,447,0.0,1.0,0.0,2,1.0,1.0,0.6,0.6,1510.8837430830845,1509.5803681610669,1.3033749220173831,1502.226515794644,1509.9514887704568,-7.724972975812761
E0,2016-08-13,Hull,Leicester,H,4,7,4,7,0.4,0.3,0.6,1.4,1.4,1.6,14.4,10.2,3.8,3.0,10.0,13.0,447,447,0.0,0.5,0.5,2,0.6,1.0,1.0,0.6,1481.0058102552898,1475.691837621128,5.313972634161701,1479.8403198802023,1492.9323720794328,-13.092052199230238
E0,2016-08-13,Man City,Sunderland,H,6,5,15,5,0.8,0.1,1.6,1.8,0.8,1.0,18.0,11.2,5.4,4.6,12.0,22.4,447,447,1.0,0.0,0.0,2,0.8,1.0,0.4,0.6,1538.519458873626,1503.5650291739764,34.95442969964961,1532.5970335729753,1492.5794908412704,40.01754273170491
E0,2016-08-13,Middlesbrough,Stoke,D,0,2,0,2,0.5,0.3,,,0.4,1.2,,10.8,,2.4,,14.2,7,447,0.5,0.5,0.0,0,,,0.2,0.6,1500.0,1484.0673925112003,15.932607488799704,1500.0,1502.8242257632598,-2.824225763259846
E0,2016-08-13,Southampton,Watford,D,0,0,13,0,0.5,0.5,0.4,1.8,,,11.4,,3.4,,12.6,,447,7,0.5,0.5,0.0,0,0.0,0.8,,,1526.4056417293464,1500.0,26.40564172934637,1506.9988074439823,1500.0,6.998807443982287
E0,2016-08-14,Arsenal,Liverpool,A,13,2,8,2,0.7,0.4,1.8,0.8,0.6,2.4,14.2,15.0,5.8,4.8,10.8,11.2,448,448,0.5,0.0,0.5,2,0.6,0.6,0.4,0.4,1541.677937639825,1490.1463798749728,51.531557764852096,1535.674418492656,1501.3417187476275,34.33269974502832
E0,2016-08-14,Bournemouth,Man United,A,0,7,0,7,0.5,0.4,,,0.8,1.2,,11.6,,3.0,,10.4,7,448,0.5,0.5,0.0,0,,,0.4,0.6,1500.0,1504.4376209422246,-4.437620942224612,1500.0,1524.3364494104796,-24.336449410479645
E0,2016-08-15,Chelsea,West Ham,H,10,1,13,1,0.6,0.0,1.4,1.2,0.2,1.4,9.4,8.0,2.8,2.8,12.6,17.6,449,449,1.0,0.0,0.0,2,1.0,0.4,0.0,0.6,1558.214539700166,1476.4098458569524,81.8046938432135,1541.1446202485267,1493.2226482610386,47.92197198748818
E0,2016-08-19,Man United,Southampton,H,7,0,10,0,0.7,0.3,1.0,1.2,0.4,1.8,12.6,11.4,3.6,3.4,10.8,12.6,5,6,0.5,0.5,0.0,2,0.6,0.6,0.0,0.8,1544.235277878735,1487.5919731586182,56.643304720116475,1531.048605543621,1507.3817808347762,23.66682470884484
E0,2016-08-20,Stoke,Man City,A,3,6,10,6,0.6,0.4,0.6,1.2,1.6,1.8,11.4,18.0,2.2,5.4,13.8,12.0,7,7,0.5,0.5,0.0,2,0.4,0.6,0.8,1.0,1521.5810590153194,1526.6746082723243,-5.093549257004952,1503.3788599356112,1534.03413190417,-30.655271968558736
E0,2016-08-20,Swansea,Hull,A,9,4,7,4,0.4,0.2,1.0,1.0,0.6,1.4,10.2,14.4,5.2,3.8,15.2,10.0,7,7,1.0,0.0,0.0,2,0.8,0.6,0.6,1.0,1511.998484294135,1478.6748295051152,33.32365478902011,1505.9354348626052,1482.6868453688255,23.24858949377949
E0,2016-08-20,Tottenham,Crystal Palace,H,8,9,9,9,0.6,0.6,1.4,1.4,1.8,1.0,11.8,11.6,4.0,3.6,12.4,17.4,7,7,0.0,0.5,0.5,2,0.8,0.6,1.2,0.4,1510.3226093798469,1521.3361518361196,-11.013542456272944,1510.1443699720962,1492.9621677383434,17.182202233752832
E0,2016-08-20,Watford,Chelsea,A,1,10,0,10,0.5,0.6,1.0,1.0,1.4,1.2,5.0,9.4,1.0,2.8,24.0,12.6,7,5,0.5,0.5,0.0,0,0.0,1.0,1.0,0.4,1500.0,1524.0747007968878,-24.074700796887782,1499.617026609206,1542.4057642086382,-42.788737599432125
E0,2016-08-20,West Brom,Everton,A,10,7,7,7,0.5,0.3,1.2,1.0,1.4,1.6,9.8,12.0,3.6,5.2,19.6,12.0,7,7,0.0,0.5,0.5,2,0.8,0.0,1.0,1.0,1504.0242245027118,1493.569288506204,10.454935996507857,1501.583290608583,1502.0336345930043,-0.4503439844215791
E0,2016-08-20,Burnley,Liverpool,H,6,5,2,5,0.2,0.4,0.4,0.8,1.2,2.2,9.4,15.6,2.2,5.8,21.4,9.8,7,6,0.0,1.0,0.0,2,0.2,0.2,0.8,0.6,1471.933551632882,1502.2538459875625,-30.320294354680527,1473.305731968217,1507.3954518039227,-34.08971983570564
E0,2016-08-20,Leicester,Arsenal,D,7,13,12,13,0.6,0.7,1.6,1.6,1.8,0.8,12.6,14.2,3.6,5.8,11.4,10.8,7,6,0.0,0.5,0.5,2,1.2,0.6,0.6,0.6,1510.1729065377372,1529.670899345487,-19.497992807749824,1490.0858465908095,1529.620685436361,-39.534838845551576
E0,2016-08-21,Sunderland,Middlesbrough,A,5,1,7,0,0.3,0.5,1.0,1.2,1.0,1.0,11.2,12.0,4.6,2.0,22.6,12.0,8,8,0.5,0.5,0.0,0,0.6,0.6,0.0,1.0,1481.593952508564,1500.0,-18.406047491435857,1491.1423925100753,1499.4453658276486,-8.302973317573333
E0,2016-08-21,West Ham,Bournemouth,H,1,0,7,0,0.3,0.5,0.2,1.4,1.0,3.0,6.6,9.0,2.0,3.0,16.8,11.0,6,7,0.5,0.5,0.0,0,0.2,0.8,1.0,2.0,1510.0354506651247,1500.0,10.0354506651247,1491.9615043009271,1493.2878438668586,-1.3263395659314483
E0,2016-08-27,Tottenham,Liverpool,D,8,4,9,4,0.7,0.3,1.4,1.4,1.2,2.6,11.8,16.4,4.0,5.8,12.4,8.4,7,7,0.0,1.0,0.0,2,0.8,0.6,0.8,0.6,1517.8848661030715,1487.3787969623534,30.506069140718186,1513.925498333709,1499.957927291318,13.967571042390771
E0,2016-08-27,Watford,Arsenal,A,1,11,0,11,0.0,0.6,1.0,1.5,1.4,0.6,5.5,12.8,1.5,4.8,18.5,10.4,7,7,0.5,0.5,0.0,0,0.5,1.5,0.2,0.4,1495.7742409158411,1529.8195810105726,-34.0453400947315,1497.5041470671267,1529.6950262689038,-32.19087920177708
E0,2016-08-27,Southampton,Sunderland,D,0,5,11,5,0.5,0.1,0.4,2.0,1.0,1.2,11.8,11.2,3.2,4.6,12.8,22.6,8,6,0.5,0.5,0.0,2,0.0,1.0,0.6,0.6,1527.1715885109345,1500.690832511587,26.480755999347593,1503.779517039386,1488.5130462759712,15.266470763414873
E0,2016-08-27,Chelsea,Burnley,H,10,6,13,6,0.6,0.2,1.2,1.0,0.4,0.8,10.4,9.4,3.0,2.2,10.0,21.4,7,7,0.5,0.0,0.5,2,1.2,0.6,0.2,0.2,1560.7368276203888,1474.677912303552,86.05891531683665,1544.5186437507175,1480.7432564808216,63.7753872698961
E0,2016-08-27,Hull,Man United,A,6,7,7,7,0.4,0.5,1.0,1.4,1.0,1.2,14.4,12.6,3.6,3.6,9.6,10.8,7,8,0.0,0.5,0.5,2,1.0,1.0,0.6,0.6,1486.6988612325365,1517.8619332085077,-31.163071975971206,1489.430319293288,1534.6508693390117,-45.220550045723485
E0,2016-08-27,Everton,Stoke,H,10,3,7,3,0.4,0.2,1.8,1.4,0.6,1.2,12.6,11.4,5.6,2.2,12.0,13.8,7,7,0.0,1.0,0.0,2,1.2,0.8,0.4,0.6,1510.497980679805,1485.176660855903,25.32131982390206,1506.0260780124995,1497.3381954119145,8.687882600585226
E0,2016-08-27,Crystal Palace,Bournemouth,D,9,0,3,0,0.3,0.0,1.8,1.0,0.5,2.0,11.8,8.5,3.4,4.0,16.8,13.0,7,6,0.5,0.5,0.0,0,1.2,0.4,0.5,1.5,1464.5881836405672,1493.4161431006148,-28.827959460047623,1489.181039376731,1489.995915417166,-0.8148760404351378
E0,2016-08-27,Leicester,Swansea,H,7,9,10,9,0.5,0.6,1.6,1.6,1.0,1.0,12.6,10.2,3.6,5.2,11.4,15.2,7,7,0.5,0.5,0.0,2,1.2,0.6,0.8,0.6,1510.0242248726515,1499.8723854310751,10.151839441576383,1490.0115057582666,1499.191960938143,-9.18045517987639
E0,2016-08-28,Man City,West Ham,H,9,1,15,1,0.8,0.0,2.4,1.8,0.2,1.4,16.2,6.6,5.6,2.0,11.6,16.8,8,7,0.5,0.5,0.0,2,1.2,1.0,0.2,0.8,1541.3936555360158,1473.8875579367295,67.50609759928625,1540.074796427867,1495.2534327506196,44.82136367724752
E0,2016-08-28,West Brom,Middlesbrough,D,10,4,4,3,0.5,1.0,1.2,1.0,1.5,1.0,9.8,10.0,3.6,2.5,19.6,15.0,8,7,0.5,0.5,0.0,0,0.8,0.0,0.0,1.0,1496.039337663722,1505.2586924682082,-9.219354804486102,1497.590847189088,1502.0747120617527,-4.483864872664753
E0,2016-09-10,West Ham,Watford,A,1,1,10,1,0.4,0.0,0.4,1.6,1.0,2.0,6.6,8.333333333333334,1.8,3.0,17.6,15.666666666666666,13,14,0.5,0.5,0.0,0,0.4,1.0,0.6666666666666666,1.0,1516.61930756451,1499.234053218412,17.38525434609778,1493.567070447344,1495.1522735746487,-1.5852031273047942
E0,2016-09-10,Stoke,Tottenham,A,3,8,10,8,0.6,0.4,0.4,1.0,1.4,1.4,11.6,11.8,2.0,4.0,14.2,12.4,14,14,1.0,0.0,0.0,2,0.4,0.6,0.8,0.6,1509.4997299679255,1509.966130564346,-0.4664005964204989,1494.1917093887869,1513.5689782931631,-19.37726890437625
E0,2016-09-10,Middlesbrough,Crystal Palace,A,5,9,1,9,0.0,0.6,1.0,0.6666666666666666,1.8,1.0,9.0,11.8,2.3333333333333335,3.4,14.333333333333334,16.8,13,14,0.5,0.5,0.0,0,0.0,0.6666666666666666,1.2,0.4,1498.8907316552973,1513.7738951128947,-14.883163457597448,1502.1810256022238,1489.1340322507351,13.04699335148848
E0,2016-09-10,Man United,Man City,A,10,9,10,9,0.7,0.4,1.2,1.0,2.4,1.8,15.4,16.2,5.0,5.6,11.0,11.6,14,13,0.5,0.5,0.0,2,0.8,0.6,1.2,1.0,1551.4398054695152,1538.7559373197182,12.683868149797036,1539.093402452565,1541.7611587311428,-2.6677562785778264
E0,2016-09-10,Burnley,Hull,D,6,6,4,6,0.2,0.2,0.4,1.0,1.0,1.4,7.6,14.4,1.6,3.6,21.8,9.6,14,14,1.0,0.0,0.0,2,0.2,0.2,1.0,1.0,1486.808600658091,1492.16177735404,-5.353176695948832,1477.3968797797936,1484.9877861797345,-7.590906399940877
E0,2016-09-10,Bournemouth,West Brom,H,1,10,0,10,0.0,0.3,0.6666666666666666,1.6666666666666667,1.2,1.0,9.0,9.8,3.6666666666666665,3.6,16.666666666666668,19.6,14,13,0.5,0.5,0.0,0,0.3333333333333333,1.3333333333333333,0.8,0.0,1486.5756877337171,1499.142356714454,-12.56666898073695,1490.0429225431617,1497.484533648617,-7.441611105455195
E0,2016-09-10,Arsenal,Southampton,H,11,0,5,0,0.6,0.2,1.6,0.6,0.4,2.0,13.4,11.8,5.6,3.2,10.0,12.8,14,14,0.5,0.5,0.0,2,0.2,0.4,0.0,1.0,1529.5704715272352,1480.3874455678376,49.18302595939758,1532.0468997613818,1503.0194040711,29.027495690281967
E0,2016-09-10,Liverpool,Leicester,H,5,7,9,7,0.7,0.2,1.4,2.6,1.6,1.6,16.6,12.6,4.6,3.6,9.2,11.4,14,14,0.5,0.0,0.5,2,0.8,0.8,1.2,0.6,1512.537057620283,1469.9987866438817,42.53827097640101,1500.3144473318637,1493.1807781446746,7.133669187189071
E0,2016-09-11,Swansea,Chelsea,D,9,10,7,10,0.3,0.7,1.2,1.0,1.2,1.0,10.0,10.4,4.6,3.0,14.2,10.0,15,15,0.0,1.0,0.0,2,1.0,0.6,1.2,0.6,1498.5115364452106,1528.300459881047,-29.788923435836068,1496.022688551735,1547.8650204517455,-51.84233190001078
E0,2016-09-12,Sunderland,Everton,A,5,10,7,10,0.3,0.4,1.0,1.2,1.8,1.4,9.2,12.6,4.0,5.6,21.2,12.0,16,16,0.5,0.0,0.5,2,0.8,0.8,1.2,0.8,1476.335260040356,1501.5541753451937,-25.218915304837765,1489.2731592442574,1509.1725640356267,-19.899404791369307
E0,2016-09-16,Chelsea,Liverpool,A,8,5,13,5,0.7,0.3,1.4,1.4,1.4,2.6,14.2,16.6,4.2,4.6,8.2,9.2,5,6,0.5,0.0,0.5,2,1.2,1.0,0.8,0.8,1567.4295810224448,1488.091837043445,79.33774397900015,1547.8066991571122,1505.3202975253737,42.48640163173877
E0,2016-09-17,Man City,Bournemouth,H,12,4,15,1,0.9,0.0,2.6,1.6,0.75,1.25,15.4,9.75,6.0,4.0,13.4,15.5,7,7,0.5,0.5,0.0,0,1.0,0.8,0.5,1.0,1544.7663801425674,1493.510157352606,51.256222789961384,1546.5879223484958,1494.667670086359,51.92025226213673
E0,2016-09-17,West Brom,West Ham,H,7,1,5,1,0.4,0.0,0.8,1.2,0.4,1.6,10.6,6.6,3.2,1.8,18.2,17.6,7,7,0.0,0.5,0.5,2,0.6,0.2,0.4,1.0,1495.82671058278,1470.514833330178,25.311877252602017,1492.8597861054195,1486.7289014591388,6.13088464628072
E0,2016-09-17,Hull,Arsenal,A,7,11,4,11,0.4,0.7,1.0,1.0,1.6,0.6,14.6,13.4,4.0,5.6,10.4,10.0,7,7,0.0,0.5,0.5,2,1.0,1.0,0.2,0.4,1477.8137950054293,1534.5233279955285,-56.709532990099206,1483.793046125199,1532.8632315126083,-49.07018538740954
E0,2016-09-17,Everton,Middlesbrough,H,10,5,7,4,0.5,0.5,2.0,1.2,1.0,1.0,15.0,9.75,6.8,2.75,11.4,13.75,5,7,0.5,0.5,0.0,0,1.6,0.6,0.0,0.75,1516.7909527260597,1505.4713195491504,11.319633176909292,1514.3119824875598,1498.6927899023765,15.619192585183557
E0,2016-09-17,Leicester,Burnley,H,7,6,13,6,0.6,0.2,1.2,1.6,0.4,1.0,12.2,7.6,3.2,1.6,12.8,21.8,7,7,0.5,0.0,0.5,2,0.8,0.6,0.2,0.2,1516.362769645467,1467.985158901496,48.37761074397122,1488.1749279511646,1478.591619834329,9.58330811683527
E0,2016-09-18,Tottenham,Sunderland,H,8,5,7,5,0.6,0.1,1.6,1.2,1.0,1.2,13.0,9.2,4.0,4.0,13.2,21.2,8,6,0.5,0.0,0.5,2,1.0,0.4,0.8,0.8,1517.17182602198,1502.2110584481588,14.960767573821158,1521.676702888186,1484.1337407923245,37.54296209586164
E0,2016-09-18,Watford,Man United,H,4,10,0,10,0.0,0.5,1.75,2.0,1.2,1.0,9.5,15.4,4.25,5.0,16.5,11.0,8,8,0.5,0.5,0.0,0,1.0,0.75,0.8,0.6,1491.0704939308853,1526.7469994356145,-35.67650550472922,1501.9904425628538,1534.2666388352118,-32.27619627235799
E0,2016-09-18,Southampton,Swansea,H,0,9,9,9,0.4,0.5,0.4,2.0,1.2,1.0,11.6,10.0,3.0,4.6,13.2,14.2,8,7,0.5,0.5,0.0,2,0.0,0.8,1.0,0.6,1525.651362574362,1493.5338406582594,32.11752191610276,1502.2030723198732,1496.0810098463685,6.122062473504684
E0,2016-09-18,Crystal Palace,Stoke,H,9,3,4,3,0.3,0.2,1.8,1.0,0.4,1.0,11.8,11.6,3.6,2.0,15.8,14.2,8,8,0.5,0.0,0.5,2,1.4,0.4,0.4,0.6,1464.494169388576,1478.8836888096484,-14.389519421072464,1492.622267950583,1486.083984793764,6.538283156818807
E0,2016-09-24,Sunderland,Crystal Palace,A,2,9,4,9,0.3,0.7,0.6,1.4,1.8,1.0,8.4,11.8,3.8,3.6,23.0,15.8,6,6,0.5,0.5,0.0,2,0.4,1.0,1.4,0.4,1466.0564231364897,1520.7503665125898,-54.69394337610038,1481.4584786340033,1499.2804031862356,-17.821924552232304
E0,2016-09-24,Middlesbrough,Tottenham,A,5,8,1,8,0.0,0.4,1.0,1.4,1.6,1.2,9.2,13.0,2.2,4.0,13.2,13.2,7,6,0.5,0.5,0.0,0,0.0,0.6,1.0,0.4,1491.914260255602,1526.181579754392,-34.2673194987899,1493.5769227280962,1524.3519650465068,-30.77504231841067
E0,2016-09-24,Swansea,Man City,A,6,12,5,12,0.3,0.5,0.6,0.8,2.6,1.6,9.6,15.4,4.0,6.0,15.6,13.4,6,7,0.0,1.0,0.0,2,0.6,0.6,1.0,0.8,1498.6281790344774,1548.4094645544244,-49.781285519947005,1492.5479649921358,1550.6299912017046,-58.08202620956877
E0,2016-09-24,Liverpool,Hull,H,7,7,9,7,0.7,0.2,1.6,2.6,1.0,1.0,16.2,14.6,4.8,4.0,10.0,10.4,8,7,0.0,0.5,0.5,2,0.8,1.0,1.0,1.0,1522.5487580073022,1489.7722972449687,32.7764607623335,1511.2471333939247,1477.6845614868548,33.56257190706992
E0,2016-09-24,Bournemouth,Everton,H,4,10,3,10,0.5,0.5,0.6,1.8,2.0,1.2,9.0,15.0,3.6,6.8,16.4,11.4,7,7,0.5,0.5,0.0,0,0.4,1.2,1.6,0.6,1495.8251828201123,1511.8330122490602,-16.007829428947844,1490.6256012331503,1519.42784966184,-28.80224842868938
E0,2016-09-24,Arsenal,Chelsea,H,11,8,7,8,0.6,0.7,2.2,0.8,1.4,1.4,14.8,14.2,6.4,4.2,9.6,8.2,7,8,0.0,0.5,0.5,2,0.8,0.6,1.2,1.0,1531.2031350296886,1528.18381729178,3.01931773790875,1538.9717161509527,1541.879863288561,-2.908147137608239
E0,2016-09-24,Man United,Leicester,H,10,7,7,7,0.7,0.2,1.4,1.0,1.2,1.6,15.0,12.2,4.6,3.2,11.2,12.8,6,7,0.5,0.5,0.0,2,1.0,0.8,0.8,0.6,1541.786278234809,1459.987086256862,81.79919197794698,1525.193514248585,1491.5157520869143,33.67776216167067
E0,2016-09-24,Stoke,West Brom,D,2,7,7,7,0.5,0.3,0.4,1.6,0.8,1.2,10.2,10.6,2.4,3.2,14.8,18.2,6,7,0.5,0.5,0.0,2,0.4,1.0,0.6,0.2,1493.2842807778795,1489.8928616280589,3.391419149820649,1479.4258495581112,1496.297843580194,-16.871994022082845
E0,2016-09-25,West Ham,Southampton,A,0,0,7,0,0.4,0.1,0.8,2.4,0.4,2.0,9.6,11.6,2.4,3.0,15.6,13.2,8,7,0.0,0.5,0.5,2,0.8,1.2,0.0,0.8,1502.9429695880997,1478.7547820653842,24.188187522715452,1483.290843984364,1505.736117174106,-22.445273189741783
E0,2016-09-26,Burnley,Watford,H,6,7,5,4,0.2,0.5,0.4,1.4,2.0,1.8,7.0,9.6,1.8,4.4,20.4,16.2,9,8,0.5,0.5,0.0,0,0.2,0.6,1.2,0.8,1489.1980807671623,1512.9103911948223,-23.712310427659983,1475.2507956985796,1511.0635671494806,-35.81277145090098
E0,2016-09-30,Everton,Crystal Palace,D,9,9,7,9,0.6,0.7,1.8,1.2,1.6,1.2,15.2,13.0,5.6,3.4,11.6,15.6,6,6,0.5,0.5,0.0,2,1.6,0.4,1.2,0.4,1527.02268707462,1523.9839902407257,3.038696833894164,1514.695354379608,1500.8972150503037,13.798139329304377
E0,2016-10-01,Hull,Chelsea,A,7,7,4,7,0.3,0.6,1.2,1.6,1.4,2.0,12.0,14.6,3.4,4.0,15.0,8.6,7,7,0.0,1.0,0.0,2,1.2,1.0,1.2,1.0,1465.596825728741,1515.2565490165125,-49.659723287771385,1470.8920357453394,1535.4162291509274,-64.524193405588
E0,2016-10-01,Sunderland,West Brom,D,2,5,4,5,0.2,0.3,0.6,1.4,0.8,1.4,8.4,11.2,3.8,3.2,23.0,15.4,7,7,0.0,0.0,1.0,2,0.4,1.0,0.6,0.4,1462.8227994083536,1491.101841131515,-28.279041723161072,1479.8416667699355,1496.902333331922,-17.06066656198641
E0,2016-10-01,Swansea,Liverpool,A,6,7,4,7,0.3,0.3,0.6,0.8,1.6,2.6,9.6,16.2,4.0,4.8,15.6,10.0,7,7,0.0,1.0,0.0,2,0.6,0.6,0.8,1.0,1493.126831037336,1499.9455087805472,-6.81867774321131,1489.7972909935652,1518.0396591354402,-28.242368141874977
E0,2016-10-01,Watford,Bournemouth,D,7,7,3,1,0.3333333333333333,0.0,1.8,1.8,0.6,1.2,10.8,9.6,4.6,3.2,16.2,16.8,5,7,0.5,0.5,0.0,0,1.0,0.6,0.2,0.8,1509.216743104139,1485.4260196461887,23.790723457950207,1503.879108341538,1495.3580965153824,8.5210118261557
E0,2016-10-01,West Ham,Middlesbrough,D,0,4,6,4,0.3,0.3333333333333333,0.8,2.4,1.0,1.6,9.6,8.0,2.4,2.2,15.6,14.6,6,7,0.5,0.5,0.0,0,0.8,1.2,0.2,0.4,1484.6557414395131,1495.2395852005902,-10.583843761077103,1474.147229910071,1490.219378990675,-16.07214908060405
E0,2016-10-02,Tottenham,Man City,H,10,15,10,15,0.6,0.6,1.6,1.0,2.8,1.0,15.4,17.0,4.6,6.2,11.8,13.8,8,8,0.0,1.0,0.0,2,0.8,0.4,1.2,0.4,1522.5223503386214,1553.910812551566,-31.388462212944432,1527.7095087839275,1553.3806652002754,-25.671156416347685
E0,2016-10-02,Man United,Stoke,D,10,2,7,2,0.7,0.1,1.4,1.0,0.4,1.6,15.0,10.2,4.6,2.4,11.2,14.8,8,8,0.5,0.0,0.5,2,1.0,0.8,0.4,1.0,1547.9550435314773,1465.567418338343,82.38762519313423,1528.2778968969192,1478.8213598063835,49.45653709053568
E0,2016-10-02,Burnley,Arsenal,A,6,11,8,11,0.3,0.7,0.4,1.4,2.2,0.8,7.0,14.8,1.8,6.4,20.4,9.6,6,8,0.0,1.0,0.0,2,0.2,0.6,0.8,0.6,1503.5669983830471,1546.7402972722168,-43.1732988891697,1482.435254506522,1545.4353502885865,-63.00009578206459
E0,2016-10-02,Leicester,Southampton,D,4,3,13,3,0.7,0.1,0.8,2.0,0.8,1.6,11.8,13.0,3.0,4.4,14.4,13.4,8,7,0.5,0.5,0.0,2,0.6,0.6,0.4,0.6,1523.0444179169667,1497.0420102139708,26.002407702995924,1488.4313694385803,1514.879731248399,-26.448361809818607
E0,2016-10-15,Arsenal,Swansea,H,11,6,10,6,0.6,0.5,1.8,0.6,0.6,0.8,14.0,9.6,5.2,4.0,10.0,15.6,13,14,0.0,1.0,0.0,2,1.0,0.4,0.6,0.6,1544.1304033049562,1486.4677509497942,57.66265235516198,1547.3797491514088,1486.5519323486035,60.827816802805046
E0,2016-10-15,Bournemouth,Hull,H,5,7,6,7,0.6666666666666666,0.2,0.8,1.6,1.2,1.6,9.4,12.0,2.6,3.4,17.8,15.0,14,14,0.5,0.5,0.0,0,0.2,1.2,1.2,1.0,1505.290173384576,1476.187245761938,29.102927622637935,1495.702492167233,1466.5296104591494,29.17288170808365
E0,2016-10-15,Chelsea,Leicester,H,7,4,10,4,0.6,0.2,1.2,1.8,0.8,2.0,16.8,11.8,5.0,3.0,8.6,14.4,14,13,1.0,0.0,0.0,2,1.0,1.0,0.6,0.6,1555.5759092853425,1453.818320960194,101.7575883251484,1539.7786544371174,1486.8373547990077,52.94129963810974
E0,2016-10-15,Crystal Palace,West Ham,A,10,0,7,0,0.4,0.0,1.8,1.2,0.8,2.4,13.4,9.6,3.6,2.4,14.8,15.6,15,14,0.5,0.5,0.0,2,1.4,0.4,0.8,1.2,1477.8104398598814,1463.6387183806287,14.17172147925271,1501.6299131460596,1474.0004060806034,27.62950706545621
E0,2016-10-15,Man City,Everton,D,12,9,15,9,1.0,0.4,2.6,1.4,1.8,1.2,16.4,15.2,6.6,5.6,12.2,11.6,13,15,0.5,0.0,0.5,2,1.2,0.4,1.6,0.4,1552.8505178489847,1502.3680216845964,50.482496164388294,1546.6592464196997,1513.962656283852,32.69659013584737
E0,2016-10-15,Stoke,Sunderland,H,3,2,7,2,0.5,0.1,0.6,1.4,0.6,1.4,9.8,8.4,3.0,3.8,16.4,23.0,13,14,0.0,0.5,0.5,2,0.6,0.8,0.4,1.0,1492.0753012744235,1496.8605341315174,-4.785232857093661,1481.565488959743,1480.5024843209133,1.0630046388300798
E0,2016-10-15,West Brom,Tottenham,D,5,10,8,10,0.5,0.5,0.8,1.4,1.6,1.0,13.0,15.4,4.0,4.6,13.8,11.8,14,13,0.5,0.5,0.0,2,0.6,0.6,0.8,0.4,1502.7028255323291,1532.896667229234,-30.193841696904883,1496.2415157809442,1534.4309275645037,-38.189411783559535
E0,2016-10-16,Middlesbrough,Watford,A,5,8,1,4,0.0,0.3333333333333333,1.0,1.4,2.0,1.6,7.4,11.4,2.0,4.8,16.0,16.4,15,15,0.5,0.5,0.0,0,0.4,0.4,1.2,0.8,1485.19917278076,1498.5414735789377,-13.342300798177348,1490.3662028201427,1503.5347126896877,-13.168509869545003
E0,2016-10-16,Southampton,Burnley,H,4,6,9,6,0.5,0.2,0.8,1.2,0.4,1.4,13.2,7.0,4.8,1.8,13.2,20.4,14,14,0.5,0.5,0.0,2,0.4,0.6,0.2,0.6,1532.7174522828273,1461.3035106299967,71.41394165283054,1516.4737458879715,1480.4908556437,35.98289024427186
E0,2016-10-17,Liverpool,Man United,D,10,10,12,10,0.8,0.5,1.8,1.6,1.4,1.0,17.2,15.0,5.2,4.6,8.6,11.2,16,15,0.0,1.0,0.0,2,1.0,0.8,1.0,0.8,1536.1338094903329,1508.6007502623609,27.53305922797199,1521.2850177804012,1525.533767743559,-4.248749963157934
E0,2016-10-22,West Ham,Sunderland,H,3,1,4,1,0.3,0.1,1.0,2.2,0.6,1.8,11.0,9.2,3.0,3.4,15.0,21.0,7,7,0.5,0.0,0.5,2,0.8,1.2,0.4,1.0,1484.362093780578,1486.040400451312,-1.6783066707339458,1479.6581308263649,1475.0924174808106,4.565713345554286
E0,2016-10-22,Swansea,Watford,D,3,8,1,7,0.3,0.5,0.8,1.4,1.6,1.4,10.6,10.2,4.6,4.2,14.2,15.4,7,6,0.5,0.5,0.0,0,0.6,0.8,1.0,0.6,1486.6361137474134,1504.5981141253096,-17.962000377896175,1485.395831453308,1506.5630329628736,-21.167201509565757
E0,2016-10-22,Liverpool,West Brom,H,10,5,10,5,0.7,0.3,1.8,1.6,0.8,1.4,17.2,13.0,5.2,4.0,8.6,13.8,5,7,0.5,0.0,0.5,2,1.0,0.8,0.6,0.6,1534.6970168962878,1489.7802060295592,44.91681086672861,1520.5666214833786,1496.8595719154566,23.707049567922013
E0,2016-10-22,Bournemouth,Tottenham,D,5,11,9,11,0.75,0.4,1.8,1.8,1.8,0.6,11.4,17.6,4.4,5.6,17.4,10.0,7,7,0.5,0.5,0.0,0,0.8,1.2,1.0,0.4,1521.0429439449435,1531.660554960209,-10.617611015265538,1503.5788774474167,1533.812871429991,-30.233993982574248
E0,2016-10-22,Hull,Stoke,A,4,3,4,3,0.2,0.1,1.0,2.8,0.6,1.4,10.0,9.8,2.8,3.0,18.0,16.4,7,7,0.0,0.5,0.5,2,0.8,1.6,0.6,0.8,1456.8719751563603,1471.055676645063,-14.183701488702582,1458.6532251789654,1486.975555799846,-28.32233062088062
E0,2016-10-22,Burnley,Everton,H,6,10,7,10,0.3,0.4,0.6,1.8,1.6,0.8,6.6,14.0,1.6,5.0,21.4,13.2,6,7,0.0,1.0,0.0,2,0.4,1.2,1.4,0.4,1499.6782006574028,1504.1606839615044,-4.482483304101606,1477.2618848142624,1514.8589874223062,-37.59710260804377
E0,2016-10-22,Arsenal,Middlesbrough,D,11,5,12,5,0.6,0.25,1.8,0.6,0.8,1.2,14.0,8.2,5.2,2.2,10.0,13.0,7,6,0.5,0.5,0.0,0,1.0,0.4,0.2,0.6,1546.4426050955483,1495.5332328595252,50.909372236023046,1548.5358500467046,1487.3378825469567,61.19796749974785
E0,2016-10-22,Leicester,Crystal Palace,H,1,10,11,10,0.7,0.6,0.6,2.6,1.8,1.2,11.2,13.4,2.2,3.6,15.2,14.8,7,7,0.0,1.0,0.0,2,0.4,0.8,1.4,0.4,1519.8563886378213,1525.4493864322376,-5.592997794416306,1483.6231050574934,1495.972188400298,-12.34908334280476
E0,2016-10-23,Chelsea,Man United,H,7,8,12,8,0.7,0.5,1.2,1.8,1.0,0.8,16.8,13.8,5.0,4.0,8.6,10.4,8,6,0.5,0.0,0.5,2,1.0,1.0,0.8,0.6,1562.004408768371,1510.037542856406,51.96686591196499,1542.9929041786318,1526.2521640405816,16.740740138050114
E0,2016-10-23,Man City,Southampton,D,12,4,13,4,0.9,0.1,2.6,1.4,0.8,1.2,16.4,13.2,6.6,4.8,12.2,13.2,8,7,1.0,0.0,0.0,2,1.2,0.4,0.4,0.6,1551.0578555720767,1500.2300394931162,50.827816078960495,1545.7629152812456,1519.702716717409,26.060198563836593
E0,2016-10-29,Crystal Palace,Liverpool,A,7,10,7,10,0.4,0.3,1.4,1.6,1.8,1.6,15.0,17.2,3.8,5.2,14.6,8.6,7,7,1.0,0.0,0.0,2,1.2,0.8,1.0,0.8,1466.494990368359,1506.4362260704695,-39.94123570211104,1489.864482518933,1522.9219504698858,-33.05746795095274
E0,2016-10-29,Man United,Burnley,D,7,6,8,6,0.6,0.2,1.0,1.6,0.6,1.8,15.6,6.6,4.8,1.6,10.0,21.4,6,7,0.5,0.0,0.5,2,0.8,1.0,0.4,1.2,1542.4667852247574,1454.8455689711222,87.62121625363511,1522.265741967576,1481.8806208360668,40.385121131509095
E0,2016-10-29,Middlesbrough,Bournemouth,H,6,3,1,2,0.0,0.0,0.8,1.0,0.6,1.6,8.4,8.6,2.4,2.6,14.0,18.4,7,7,0.5,0.5,0.0,0,0.2,0.4,0.2,1.2,1479.142532234388,1486.11481094989,-6.972278715501943,1489.656234269467,1504.314622634689,-14.65838836522198
E0,2016-10-29,Tottenham,Leicester,D,9,1,13,1,0.6,0.2,1.6,0.6,0.6,2.6,17.6,11.2,5.8,2.2,9.8,15.2,7,7,1.0,0.0,0.0,2,1.0,0.4,0.4,0.8,1535.9651878997731,1447.3898214771652,88.57536642260789,1533.0771262427188,1489.7308109388582,43.34631530386059
E0,2016-10-29,Watford,Hull,H,8,4,4,4,0.25,0.2,1.2,1.0,1.0,2.8,8.8,10.0,3.2,2.8,15.4,18.0,7,7,0.5,0.5,0.0,0,0.6,0.4,0.8,1.6,1508.5279518004377,1460.4344752015706,48.09347659886703,1505.7974521236354,1452.147656221466,53.64979590216944
E0,2016-10-29,West Brom,Man City,A,5,12,8,12,0.4,0.5,0.8,1.0,2.6,1.4,11.4,16.4,3.2,6.6,13.2,12.2,7,6,0.0,1.0,0.0,2,0.6,0.6,1.2,0.4,1503.938937801354,1540.4679749904142,-36.52903718906009,1494.5042429289497,1543.7817175942005,-49.27747466525102
E0,2016-10-29,Sunderland,Arsenal,A,1,11,2,11,0.2,0.8,0.4,1.4,1.8,0.6,7.8,14.0,2.0,5.2,20.2,10.0,7,7,0.0,0.5,0.5,2,0.4,0.8,1.0,0.4,1464.144434510309,1550.629094997861,-86.48466048755199,1472.2354269435866,1546.2174983241944,-73.98207138060775
E0,2016-10-30,Everton,West Ham,H,7,3,8,3,0.6,0.1,1.4,1.0,1.0,2.2,13.8,11.0,5.6,3.0,12.4,15.0,8,8,1.0,0.0,0.0,2,1.2,0.4,0.8,1.2,1525.557290883108,1474.9541678721514,50.60312301095655,1510.240251400502,1482.5151213635886,27.72513003691347
E0,2016-10-30,Southampton,Chelsea,A,5,7,11,7,0.6,0.6,1.0,1.0,1.2,1.8,11.8,16.8,4.4,5.0,13.0,8.6,7,7,0.0,0.0,1.0,2,0.4,0.6,1.0,1.0,1539.1753939417017,1523.9813995888928,15.193994352808886,1521.683914404454,1546.9793262516378,-25.295411847183686
E0,2016-10-31,Stoke,Swansea,H,5,3,7,3,0.5,0.4,1.0,1.4,0.8,1.4,10.0,10.6,3.6,4.6,16.0,14.2,9,9,0.5,0.5,0.0,2,0.8,0.8,0.6,0.8,1502.895434954629,1484.155549159202,18.73988579542697,1493.4811247573457,1486.1614122925462,7.319712464799522
E0,2016-11-05,Man City,Middlesbrough,D,12,6,11,6,0.8,0.2,2.6,1.0,0.8,1.0,16.2,8.4,6.0,2.4,11.4,14.0,7,7,0.5,0.5,0.0,0,1.2,0.2,0.2,0.4,1547.0954601979863,1500.169936304546,46.92552389344041,1549.9612360626145,1494.0693869914908,55.891849071123715
E0,2016-11-05,West Ham,Stoke,D,3,5,7,5,0.4,0.1,1.0,2.2,1.0,1.4,12.8,10.0,3.4,3.6,15.0,16.0,6,5,0.0,0.0,1.0,2,0.8,1.2,0.8,0.8,1490.076074855026,1484.066814560062,6.009260294963951,1479.4235944858492,1497.7183787926947,-18.29478430684549
E0,2016-11-05,Burnley,Crystal Palace,H,4,7,10,7,0.3,0.5,0.4,1.8,1.4,1.6,6.4,15.0,1.4,3.8,24.6,14.6,7,7,0.0,0.5,0.5,2,0.2,1.2,1.2,0.8,1508.915672701011,1513.2339746695077,-4.318301968496371,1484.252943404818,1485.8809331124476,-1.6279897076296947
E0,2016-11-05,Bournemouth,Sunderland,A,2,1,10,1,0.6,0.1,0.6,2.0,0.4,1.4,10.0,7.8,3.0,2.0,17.2,20.2,7,7,0.5,0.5,0.0,0,0.2,1.4,0.4,0.8,1522.514434319488,1480.326419376864,42.18801494262402,1499.901469912665,1469.5371388071896,30.364331105475458
E0,2016-11-05,Chelsea,Everton,H,10,7,12,7,0.8,0.4,1.6,1.2,1.4,1.0,17.0,13.8,5.8,5.6,8.6,12.4,6,6,1.0,0.0,0.0,2,1.2,0.6,1.2,0.4,1569.9772529143825,1494.923211917896,75.05404099648649,1553.5924358219595,1513.3317782782417,40.260657543718025
E0,2016-11-06,Arsenal,Tottenham,D,13,9,10,9,0.5,0.4,2.4,0.6,1.6,0.6,17.2,17.6,6.0,5.8,8.2,9.8,8,8,0.0,0.5,0.5,2,1.4,0.6,1.0,0.4,1541.8059016505274,1530.1890645856645,11.61683706486292,1548.915786460591,1530.6215418210954,18.2942446394959
E0,2016-11-06,Hull,Southampton,H,4,5,3,5,0.2,0.1,1.0,2.6,1.0,1.0,8.8,11.8,2.8,4.4,20.4,13.0,8,7,0.0,1.0,0.0,2,0.8,1.4,0.4,0.6,1443.8608372413612,1504.1924348672064,-60.331597625845234,1451.4102416635424,1515.0708048341323,-63.66056317058997
E0,2016-11-06,Leicester,West Brom,A,1,5,11,5,0.7,0.3,0.8,2.8,0.8,1.0,10.2,11.4,2.4,3.2,17.0,13.2,8,8,0.5,0.5,0.0,2,0.6,0.8,0.6,0.6,1532.0718004005512,1485.0695480565448,47.002252344006365,1492.1863953604816,1488.3247244605354,3.861670899946148
E0,2016-11-06,Liverpool,Watford,H,10,8,10,8,0.7,0.4,1.8,1.4,1.2,1.0,17.4,8.8,5.8,3.2,8.2,15.4,8,8,0.5,0.5,0.0,0,0.6,0.4,0.6,0.4,1539.407674869302,1503.066952446833,36.34072242246907,1526.9054998763718,1506.534866681559,20.370633194812857
E0,2016-11-06,Swansea,Man United,A,3,7,2,7,0.2,0.4,1.0,1.8,1.0,1.6,12.4,15.6,5.4,4.8,15.0,10.0,6,8,1.0,0.0,0.0,2,0.6,1.0,0.8,1.0,1488.16727542589,1502.0646987103944,-13.897423284504384,1481.924158257197,1519.8934193988248,-37.96926114162784
E0,2016-11-19,Tottenham,West Ham,H,9,3,11,3,0.6,0.1,1.6,0.6,1.0,2.2,17.0,12.8,5.6,3.4,10.4,15.0,13,14,0.5,0.0,0.5,2,1.0,0.4,0.8,1.2,1531.0540190565262,1468.7711141166726,62.28290493985355,1531.862586688047,1478.334326854278,53.52825983376897
E0,2016-11-19,Watford,Leicester,H,7,1,7,1,0.4,0.2,1.2,2.0,0.8,2.8,10.0,10.2,4.6,2.4,16.2,17.0,13,13,0.5,0.5,0.0,0,0.8,0.8,0.6,0.8,1510.0027809162848,1452.3009903204122,57.70179059587258,1503.0786497874074,1487.313429106438,15.765220680969378
E0,2016-11-19,Sunderland,Hull,H,4,4,1,4,0.2,0.2,0.6,1.2,1.0,2.6,8.2,8.8,2.2,2.8,21.4,20.4,14,13,0.0,0.5,0.5,2,0.4,0.6,0.8,1.4,1458.7478582375152,1458.9596460857235,-0.2117878482083597,1474.6597157478204,1456.358931421561,18.300784326259414
E0,2016-11-19,Southampton,Liverpool,D,5,10,8,10,0.6,0.4,1.2,1.0,1.8,1.4,13.0,17.4,5.6,5.8,11.8,8.2,13,13,0.0,1.0,0.0,2,0.4,0.8,0.6,0.4,1525.9491748010582,1514.4033248834412,11.545849917617032,1510.122115076114,1530.3617167705231,-20.239601694409203
E0,2016-11-19,Man United,Arsenal,D,7,13,8,13,0.5,0.8,1.0,1.6,2.4,0.6,15.2,17.2,4.0,6.0,9.4,8.2,13,13,0.5,0.0,0.5,2,0.4,1.0,1.4,0.6,1537.7221400872552,1556.025671270655,-18.303531183399855,1525.0535766540609,1547.6747415936395,-22.621164939578648
E0,2016-11-19,Everton,Swansea,D,4,3,11,3,0.6,0.4,1.0,1.8,1.0,1.8,11.4,12.4,4.2,5.4,14.4,15.0,14,13,0.0,0.0,1.0,2,1.0,0.8,0.6,1.0,1531.7403446385867,1475.681041088504,56.05930355008286,1508.4033267229026,1476.7640010019609,31.63932572094177
E0,2016-11-19,Stoke,Bournemouth,A,5,2,7,2,0.5,0.0,1.0,1.4,0.6,2.0,10.0,10.0,4.2,3.0,15.4,17.2,14,14,0.5,0.5,0.0,0,0.8,1.0,0.2,1.4,1511.3699430253273,1477.2885055058423,34.08143751948501,1498.8076464242658,1494.7788929720346,4.028753452231285
E0,2016-11-19,Crystal Palace,Man City,A,7,12,4,12,0.3,0.6,1.8,2.0,2.6,1.0,16.2,16.2,4.4,6.0,13.4,11.4,14,14,0.5,0.5,0.0,2,1.6,0.8,1.2,0.2,1458.5278915553872,1552.8270119272424,-94.29912037185522,1480.3237645893869,1547.9527998037993,-67.6290352144124
E0,2016-11-20,Middlesbrough,Chelsea,A,4,10,4,10,0.2,0.6,0.6,1.0,1.6,1.2,7.8,17.0,2.4,5.8,15.4,8.6,15,15,0.5,0.5,0.0,0,0.4,0.2,1.2,0.6,1487.9688376784356,1537.2076187295363,-49.23878105110066,1496.0778232503062,1558.520887377298,-62.443064126991885
E0,2016-11-21,West Brom,Burnley,H,5,4,5,4,0.3,0.2,1.0,1.2,0.4,1.8,11.0,6.4,3.6,1.4,11.4,24.6,15,16,0.5,0.0,0.5,2,0.8,0.8,0.2,1.2,1491.5799008645258,1459.5902141086244,31.989686755901403,1493.197690714579,1489.8101119278786,3.3875787867004874
E0,2016-11-26,Leicester,Middlesbrough,D,1,4,10,4,0.6,0.1666666666666666,0.8,2.8,0.6,1.0,8.6,7.8,1.8,2.4,16.2,15.4,7,6,0.5,0.5,0.0,0,0.4,0.6,0.4,0.2,1522.3258678924635,1504.1868088221768,18.13905907028675,1485.2788825432835,1494.0614652742738,-8.78258273099027
E0,2016-11-26,Burnley,Man City,A,1,12,10,12,0.4,0.7,0.2,2.6,2.2,1.0,6.2,15.8,1.2,5.6,24.6,11.6,5,7,0.5,0.0,0.5,2,0.2,1.4,1.0,0.2,1520.030009747133,1556.9910250583382,-36.96101531120553,1486.3238074561568,1550.034806369347,-63.710998913190224
E0,2016-11-26,Chelsea,Tottenham,H,10,9,12,9,0.8,0.4,1.4,1.0,1.6,0.6,17.0,17.0,5.6,5.6,9.8,10.4,6,7,0.5,0.5,0.0,2,0.8,0.4,1.0,0.4,1579.83415602506,1532.671154319568,47.16300170549198,1560.5372453533305,1533.3764342742295,27.160811079100768
E0,2016-11-26,Hull,West Brom,D,1,5,3,5,0.3,0.4,0.6,3.2,1.0,1.2,9.8,11.0,3.4,3.6,20.0,11.4,7,5,0.0,0.5,0.5,2,0.4,1.8,0.8,0.8,1453.7582167573985,1494.8154805646325,-41.05726380723422,1450.8182338332176,1496.6839951863008,-45.865761353083144
E0,2016-11-26,Liverpool,Sunderland,H,11,4,13,4,0.7,0.2,1.8,1.0,0.6,1.2,15.2,8.2,5.2,2.2,8.2,21.4,7,7,0.5,0.0,0.5,2,0.6,0.4,0.4,0.6,1546.320108657605,1490.5715732581257,55.74853539947958,1531.1615971279048,1480.2004133361634,50.961183791741405
E0,2016-11-26,Swansea,Crystal Palace,H,1,7,2,7,0.2,0.5,1.0,2.0,1.8,2.0,10.0,16.2,4.2,4.4,15.8,13.4,7,7,0.0,0.5,0.5,2,0.4,1.2,1.6,0.8,1477.846960915418,1502.1196376233863,-24.272676707968454,1477.8817029243398,1478.2417580238389,-0.3600550994990499
E0,2016-11-27,Arsenal,Bournemouth,H,13,5,11,5,0.4,0.1666666666666666,2.6,0.8,0.8,1.8,15.6,10.2,5.4,2.4,9.0,17.0,8,8,0.5,0.5,0.0,0,1.6,0.8,0.2,1.2,1539.323811916624,1486.4155746876145,52.90823722900973,1546.0569121546316,1499.3424275629204,46.7144845917112
E0,2016-11-27,Man United,West Ham,D,7,3,6,3,0.4,0.1,1.0,1.6,1.2,2.4,15.2,13.6,4.0,3.4,9.4,14.6,8,8,0.5,0.0,0.5,2,0.4,1.0,0.8,1.4,1540.957798965271,1465.7434189443072,75.21438002096374,1526.6714060930688,1476.8204792680954,49.850926824973385
E0,2016-11-27,Southampton,Everton,H,5,4,8,4,0.5,0.4,1.2,1.0,1.0,1.8,13.0,11.4,5.6,4.2,11.8,14.4,8,8,0.5,0.5,0.0,2,0.4,0.8,1.0,0.8,1524.3494140862947,1485.0663088072183,39.28310527907615,1509.322234718732,1507.2856248005237,2.0366099182083417
E0,2016-11-27,Watford,Stoke,A,7,5,10,5,0.5,0.1,1.2,2.0,1.0,1.4,10.0,10.0,4.6,4.2,16.2,15.4,8,8,0.5,0.5,0.0,0,0.8,0.8,0.8,1.0,1514.0718740425934,1486.2453498232046,27.82652421938883,1505.1131963505618,1494.24411183338,10.869084517181818
E0,2016-12-03,West Brom,Watford,H,6,7,8,7,0.3,0.3333333333333333,1.2,1.2,1.2,2.0,10.8,10.0,3.6,4.6,11.0,16.2,7,6,0.5,0.5,0.0,0,0.8,0.8,0.8,0.8,1498.552509807969,1496.1545186585302,2.3979911494388944,1494.5866046961569,1500.7942175807711,-6.207612884614491
E0,2016-12-03,Tottenham,Swansea,H,6,1,11,1,0.6,0.3,1.0,1.0,1.0,2.0,15.4,10.0,5.2,4.2,9.2,15.8,7,7,1.0,0.0,0.0,2,0.4,0.6,0.4,1.2,1534.0817142288915,1477.9164449332618,56.16526929562974,1531.1674585985904,1483.4359827439566,47.7314758546338
E0,2016-12-03,West Ham,Arsenal,A,4,13,5,13,0.4,0.7,1.2,2.0,2.6,0.8,13.0,15.6,3.4,5.4,13.6,9.0,6,6,0.0,1.0,0.0,2,0.6,1.2,1.6,0.8,1487.8975395918835,1552.7900123926393,-64.89247280075574,1478.6580682825024,1547.3227476464854,-68.66467936398294
E0,2016-12-03,Stoke,Burnley,H,8,1,7,1,0.5,0.2,1.2,1.2,0.2,2.6,11.2,6.2,4.2,1.2,13.4,24.6,6,7,0.0,0.5,0.5,2,0.8,0.8,0.2,1.4,1502.2428738435551,1452.6176051651812,49.62526867837414,1498.5630906031706,1485.4759603846774,13.087130218493256
E0,2016-12-03,Man City,Chelsea,A,12,10,9,10,0.7,0.6,2.2,1.0,1.4,1.0,16.4,17.0,5.4,5.6,10.8,9.8,7,7,0.0,0.0,1.0,2,1.2,0.2,0.8,0.4,1543.078587680356,1541.2403346816009,1.838252998755024,1550.8826534408263,1562.7462210289696,-11.863567588143042
E0,2016-12-03,Sunderland,Leicester,H,3,1,4,1,0.3,0.2,0.4,1.4,0.8,2.8,8.4,8.6,2.0,1.8,23.6,16.2,7,7,0.0,0.0,1.0,2,0.2,0.8,0.4,0.6,1469.8292534142015,1448.2318971941036,21.597356220097936,1478.0544836323809,1485.0318287623747,-6.977345129993864
E0,2016-12-03,Crystal Palace,Southampton,H,4,5,4,5,0.2,0.1,2.2,2.8,1.2,1.0,16.2,13.0,4.4,5.6,14.6,11.8,7,6,0.0,1.0,0.0,2,2.0,1.6,0.4,0.8,1454.3638784242914,1494.2950553511694,-39.93117692687792,1472.687478204222,1512.3905912670407,-39.70311306281883
E0,2016-12-04,Bournemouth,Liverpool,H,4,11,10,11,0.5,0.4,0.8,2.2,1.8,1.0,10.0,15.2,2.4,5.2,15.4,8.2,7,8,0.5,0.5,0.0,0,0.2,1.4,0.6,0.4,1512.2692804382268,1516.0030855982047,-3.733805159977919,1498.076592071067,1533.3075268316877,-35.23093476062081
E0,2016-12-04,Everton,Man United,D,1,7,11,7,0.5,0.4,0.4,2.0,1.0,1.6,10.0,15.2,2.6,4.0,15.6,9.4,7,7,0.5,0.5,0.0,2,0.4,0.8,0.4,1.0,1529.5049407938288,1512.3850132208663,17.119927572962297,1504.217268252215,1524.833817078662,-20.616548826446888
E0,2016-12-05,Middlesbrough,Hull,H,4,1,3,1,0.1666666666666666,0.2,1.0,1.4,0.6,3.2,7.6,9.8,2.4,3.4,15.0,20.0,9,9,0.5,0.5,0.0,0,0.6,0.4,0.4,1.8,1483.936121726371,1447.8782509090372,36.05787081733388,1494.3085190551828,1452.915624323362,41.39289473182089
E0,2016-12-10,Watford,Everton,H,4,1,10,1,0.4285714285714285,0.3,0.6,2.2,0.4,2.0,10.8,10.0,4.0,2.6,14.6,15.6,7,6,0.5,0.5,0.0,0,0.6,1.0,0.4,0.8,1505.4339165030124,1478.9295957106012,26.504320792411136,1496.9996178436286,1505.5700520951868,-8.570434251558254
E0,2016-12-10,Swansea,Sunderland,H,1,3,4,3,0.2,0.2,0.8,2.6,0.4,1.4,8.4,8.4,3.6,2.0,18.8,23.6,7,7,0.0,0.0,1.0,2,0.2,1.6,0.2,0.8,1488.9555205546517,1486.2797138505605,2.6758067040914284,1478.8190225279716,1481.6239683827002,-2.8049458547286577
E0,2016-12-10,Leicester,Man City,H,1,12,8,12,0.6,0.8,0.8,2.4,2.2,1.0,9.6,16.4,2.2,5.4,17.2,10.8,7,7,0.0,1.0,0.0,2,0.6,0.6,1.2,0.2,1521.831760330646,1558.6867192012971,-36.85495887065122,1481.4623440120554,1544.8506811661418,-63.38833715408646
E0,2016-12-10,Burnley,Bournemouth,H,1,4,9,4,0.4,0.1428571428571428,0.2,2.4,0.8,2.2,7.8,10.0,2.0,2.4,22.2,15.4,7,6,0.5,0.5,0.0,0,0.2,1.2,0.2,1.4,1518.3343156041738,1483.8839037039063,34.45041190026723,1484.3150501326747,1503.7345751837431,-19.419525051068604
E0,2016-12-10,Hull,Crystal Palace,D,0,4,4,4,0.2,0.4,0.4,3.2,2.2,2.8,8.8,16.2,3.2,4.4,20.6,14.6,5,7,1.0,0.0,0.0,2,0.2,1.8,2.0,1.6,1457.9529977376865,1491.0110779841525,-33.058080246466034,1450.344710754241,1480.5183353452048,-30.173624590963755
E0,2016-12-10,Arsenal,Stoke,H,13,8,11,8,0.5,0.2,3.0,0.8,1.2,1.2,17.4,11.2,6.0,4.2,8.2,13.4,7,7,0.5,0.5,0.0,2,2.4,0.8,0.8,0.8,1541.8554829003317,1494.8833073627857,46.97217553754603,1551.50633440266,1499.7240008551732,51.782333547486814
E0,2016-12-11,Chelsea,West Brom,H,12,6,12,6,0.8,0.3,1.6,0.8,1.2,1.2,13.4,10.8,5.0,3.6,11.4,11.0,8,8,0.5,0.5,0.0,2,1.2,0.0,0.8,0.8,1584.2521073763385,1490.6206995843445,93.6314077919942,1568.7781933036545,1498.3812044332994,70.39698887035502
E0,2016-12-11,Liverpool,West Ham,D,10,4,13,4,0.7,0.1,2.2,1.6,1.2,2.0,14.6,13.0,5.2,3.4,8.4,13.6,7,8,0.5,0.5,0.0,2,0.8,1.0,0.6,1.2,1550.6119680651702,1469.418596973121,81.19337109204912,1527.649543719011,1474.4744815263275,53.1750621926833
E0,2016-12-11,Man United,Tottenham,H,5,6,7,6,0.3,0.3,1.0,1.8,1.0,1.0,11.4,15.4,2.6,5.2,10.4,9.2,7,8,0.5,0.0,0.5,2,0.2,1.2,0.4,0.6,1537.282620936457,1528.253202968289,9.029417968167763,1523.48103323569,1535.7844188145757,-12.303385578885354
E0,2016-12-11,Southampton,Middlesbrough,H,5,4,10,4,0.5,0.1428571428571428,1.0,1.2,1.0,1.4,14.2,7.6,5.2,2.4,10.2,15.0,8,6,0.5,0.5,0.0,0,0.4,0.8,0.6,0.4,1530.486127182912,1504.6809163839944,25.80521079891764,1504.559734126058,1496.8794326243033,7.680301501754684
E0,2016-12-13,Bournemouth,Leicester,H,4,1,10,1,0.5714285714285714,0.2,1.2,2.0,0.8,2.4,12.2,9.6,2.8,2.2,14.6,17.2,3,3,0.5,0.5,0.0,0,0.4,1.2,0.6,0.6,1523.58524666358,1441.0929276934646,82.49231897011532,1499.6995105841686,1490.850095103155,8.849415481013693
E0,2016-12-13,Everton,Arsenal,H,1,13,9,13,0.4,0.7,0.8,2.4,3.0,0.8,9.6,17.4,3.0,6.0,15.4,8.2,3,3,0.0,0.5,0.5,2,0.6,1.2,2.4,0.8,1532.2105084797724,1561.1571859049884,-28.946677425215967,1502.8267015583274,1553.4941050786897,-50.66740352036231
E0,2016-12-14,West Ham,Burnley,H,5,1,5,1,0.3,0.2,1.2,1.6,0.2,2.4,9.8,7.8,3.0,2.0,15.6,22.2,3,4,1.0,0.0,0.0,2,0.2,1.2,0.2,1.2,1479.5303660795344,1450.2957846611755,29.23458141835863,1477.2647382114155,1488.3501147322495,-11.08537652083396
E0,2016-12-14,West Brom,Swansea,H,5,1,10,1,0.4,0.3,1.0,1.2,0.8,2.6,10.2,8.4,3.2,3.6,11.0,18.8,3,4,0.5,0.5,0.0,2,0.6,0.8,0.2,1.6,1506.1417092822544,1468.6825245012917,37.459184780962914,1496.8830763763372,1485.1065389340054,11.7765374423318
E0,2016-12-14,Tottenham,Hull,H,3,0,13,0,0.6,0.2,0.6,1.0,0.4,3.2,14.0,8.8,5.0,3.2,11.0,20.6,3,4,1.0,0.0,0.0,2,0.4,0.4,0.2,1.8,1543.315634660862,1442.736423770796,100.57921089006597,1531.8856500532447,1452.1535617005643,79.73208835268042
E0,2016-12-14,Middlesbrough,Liverpool,A,4,10,6,10,0.2857142857142857,0.4,0.8,1.0,2.2,1.6,7.4,14.6,2.8,5.2,15.6,8.4,3,3,0.5,0.5,0.0,0,0.6,0.6,0.8,1.0,1489.0779488646124,1504.6871193728516,-15.609170508239233,1494.7941271449868,1524.859287033923,-30.06515988893625
E0,2016-12-14,Stoke,Southampton,D,8,5,10,5,0.5,0.1,1.2,1.0,1.0,1.2,11.4,14.2,4.4,5.2,14.8,10.2,4,3,0.5,0.5,0.0,2,0.6,0.8,0.4,0.8,1504.5646943475608,1478.633341069204,25.931353278356937,1497.7362301791436,1506.645039605375,-8.908809426231073
E0,2016-12-14,Man City,Watford,H,9,4,6,4,0.6,0.2857142857142857,2.0,1.6,0.6,2.2,16.6,10.8,5.4,4.0,10.2,14.6,4,4,0.5,0.5,0.0,0,1.2,0.4,0.6,1.0,1531.0146431309863,1488.5653191842448,42.44932394674174,1535.462930075042,1499.742968380488,35.71996169455406
E0,2016-12-14,Crystal Palace,Man United,A,2,5,6,5,0.3,0.4,2.2,3.0,1.0,1.8,15.0,11.4,4.8,2.6,15.4,10.4,4,3,0.0,1.0,0.0,2,2.0,1.8,0.2,1.2,1470.025592706257,1509.679445534923,-39.653852828666,1478.7094843988816,1527.3798019970209,-48.67031759813926
E0,2016-12-14,Sunderland,Chelsea,A,3,12,7,12,0.3,0.6,0.4,1.8,1.6,0.8,9.4,13.4,2.0,5.0,20.2,11.4,4,3,0.0,0.5,0.5,2,0.2,1.2,1.2,0.0,1476.9682229148405,1553.3042792309702,-76.33605631612977,1475.3364519766665,1570.2763213606163,-94.93986938394984
E0,2016-12-17,West Ham,Hull,H,5,0,8,0,0.4,0.2,1.2,1.6,0.2,2.8,9.8,10.4,3.0,4.0,15.6,19.6,3,3,0.5,0.0,0.5,2,0.2,1.2,0.0,1.8,1484.471151284837,1440.2312093231635,44.23994196167382,1479.735130814067,1450.9009544767482,28.834176337318695
E0,2016-12-17,West Brom,Man United,A,5,8,10,8,0.5,0.5,1.0,1.2,1.2,1.4,10.2,11.6,3.2,3.4,11.0,9.6,3,3,0.5,0.0,0.5,2,0.6,0.8,0.2,1.0,1510.825351857976,1516.4082721308778,-5.582920272901674,1499.224897664198,1530.7442152949984,-31.519317630800288
E0,2016-12-17,Stoke,Leicester,D,8,1,10,1,0.5,0.1,1.2,1.0,0.6,1.8,11.4,10.0,4.4,2.4,14.8,15.8,3,4,0.5,0.5,0.0,2,0.6,0.8,0.4,0.6,1503.3115685050163,1439.054219224615,64.25734928040129,1497.1096672578717,1489.83074086873,7.278926389141361
E0,2016-12-17,Middlesbrough,Swansea,H,4,1,6,1,0.25,0.2,0.8,1.0,1.0,3.0,7.4,8.2,2.8,3.8,15.6,17.6,3,3,0.5,0.5,0.0,0,0.6,0.6,0.4,2.0,1481.0521839316175,1463.9988819255698,17.053302006047716,1490.7812446784892,1482.7647176461446,8.016527032344584
E0,2016-12-17,Sunderland,Watford,H,3,4,7,4,0.3,0.25,0.4,1.8,0.6,2.2,9.4,9.4,2.0,3.8,20.2,14.6,3,3,0.5,0.5,0.0,0,0.2,1.2,0.6,1.0,1474.1348958392648,1482.3644388949176,-8.229543055652812,1473.9197884388786,1496.6425282358246,-22.722739796945916
E0,2016-12-17,Crystal Palace,Chelsea,A,2,15,3,15,0.3,0.7,2.2,3.0,1.8,0.2,15.0,15.4,4.8,5.8,15.4,10.2,3,3,0.0,1.0,0.0,2,2.0,1.8,1.2,0.0,1463.296766110302,1556.137606306546,-92.8408401962438,1475.345071100904,1571.692984898404,-96.34791379750004
E0,2016-12-18,Man City,Arsenal,H,9,10,6,10,0.6,0.6,2.0,1.6,2.4,1.0,16.6,14.4,5.4,4.8,10.2,9.8,4,5,0.0,0.5,0.5,2,1.2,0.4,1.8,0.8,1537.2155234203135,1548.636122466471,-11.42059904615735,1538.5633702197058,1547.233573359431,-8.670203139725118
E0,2016-12-18,Tottenham,Burnley,H,3,1,13,1,0.7,0.2,0.6,1.0,0.2,2.0,14.0,8.0,5.0,2.0,11.0,23.4,4,4,0.5,0.0,0.5,2,0.4,0.4,0.2,0.8,1545.8208491084945,1445.3549994558728,100.4658496526215,1533.1382572770608,1485.879722129598,47.25853514746291
E0,2016-12-18,Bournemouth,Southampton,A,4,3,10,3,0.625,0.1,1.2,2.0,0.4,1.2,12.2,13.6,2.8,4.2,14.6,8.6,5,4,0.5,0.5,0.0,0,0.4,1.2,0.0,0.8,1525.6239551324295,1479.8864669117484,45.73748822068114,1500.7188648185934,1507.2716025266468,-6.552737708053428
E0,2016-12-19,Everton,Liverpool,A,1,10,9,10,0.4,0.5,0.8,2.4,2.4,1.4,9.6,15.0,3.0,5.0,15.4,7.6,6,5,0.0,0.0,1.0,2,0.6,1.2,1.2,0.8,1544.7315719182898,1512.7128843058465,32.01868761244327,1509.087233277586,1528.8721695004206,-19.78493622283463
E0,2016-12-26,Swansea,West Ham,A,1,5,7,5,0.3,0.1,0.6,3.0,1.2,1.6,8.4,9.8,3.0,3.0,16.4,15.6,9,9,0.0,0.5,0.5,2,0.2,2.0,0.2,1.2,1501.5305533667192,1474.9991103432967,26.53144302342253,1477.3490384938357,1481.6881776347282,-4.339139140892712
E0,2016-12-26,Man United,Sunderland,H,10,3,7,3,0.3,0.1,1.6,1.4,0.4,1.8,12.2,9.4,4.2,2.0,9.8,20.2,9,9,0.5,0.0,0.5,2,0.4,1.0,0.2,1.2,1545.0801584591188,1473.7046810384927,71.37547742062611,1537.307471994151,1478.0513693964808,59.25610259767018
E0,2016-12-26,Watford,Crystal Palace,D,1,2,10,2,0.5,0.3,0.4,2.4,2.2,3.0,10.4,15.0,4.2,4.8,15.0,15.4,9,9,0.5,0.5,0.0,0,0.4,1.2,2.0,1.8,1510.9206175767315,1487.3933760915063,23.527241485225204,1492.5109472782224,1473.694668607468,18.8162786707544
E0,2016-12-26,Hull,Man City,A,0,9,5,9,0.2,0.8,0.0,1.8,2.0,1.6,11.4,16.6,4.2,5.4,18.8,10.2,9,8,0.0,0.5,0.5,2,0.0,1.4,1.2,0.4,1461.570699630333,1539.911217019098,-78.34051738876519,1448.947907656087,1542.9639037477286,-94.01599609164168
E0,2016-12-26,Chelsea,Bournemouth,H,15,4,15,4,0.8,0.125,1.6,0.2,1.2,2.0,13.6,12.2,5.2,2.8,9.8,14.6,9,8,0.5,0.5,0.0,0,0.8,0.0,0.4,1.2,1587.2483634902626,1475.8137745047572,111.43458898550534,1573.3433873918405,1493.575546025285,79.76784136655556
E0,2016-12-26,Burnley,Middlesbrough,H,1,4,9,4,0.5,0.125,0.2,1.8,0.8,1.0,7.8,7.4,2.2,2.8,22.6,15.6,8,9,0.5,0.5,0.0,0,0.0,0.4,0.6,0.6,1526.404444803323,1500.5103054253611,25.894139377961892,1484.8436662742383,1496.1969238307984,-11.353257556560038
E0,2016-12-26,Arsenal,West Brom,H,7,5,11,5,0.6,0.2,2.4,1.4,1.0,1.2,12.0,10.2,4.4,3.2,10.6,11.0,8,9,1.0,0.0,0.0,2,1.6,1.2,0.6,0.8,1545.8310242523908,1487.62444347042,58.206580781970615,1542.8330398314083,1492.6616409650455,50.17139886636278
E0,2016-12-26,Leicester,Everton,A,2,1,8,1,0.6,0.3,1.0,1.6,0.8,2.4,11.8,9.6,4.0,3.0,15.8,15.4,9,7,0.0,0.0,1.0,2,0.8,0.4,0.6,1.2,1540.6072625128452,1473.442894636882,67.16436787596308,1492.1878645461609,1505.407448621242,-13.21958407508123
E0,2016-12-27,Liverpool,Stoke,H,10,8,11,8,0.7,0.2,2.2,1.2,1.2,1.0,13.6,11.4,4.6,4.4,7.2,14.8,8,10,0.5,0.5,0.0,2,1.0,0.8,0.6,0.8,1545.0314546949946,1490.9077660107266,54.12368868426802,1532.5519541567646,1494.752543580441,37.79941057632368
E0,2016-12-28,Southampton,Tottenham,A,5,3,10,3,0.5,0.3,1.0,1.4,0.6,1.0,14.2,14.0,4.8,5.0,8.8,11.0,10,10,0.0,0.5,0.5,2,0.4,0.8,0.4,0.4,1534.6567381415452,1520.4556654456276,14.201072695917674,1514.4149213199553,1534.1743131324206,-19.75939181246531
E0,2016-12-30,Hull,Everton,D,0,3,5,3,0.2,0.4,0.0,1.8,1.0,2.2,11.4,10.6,4.2,3.2,18.8,13.0,4,4,0.5,0.0,0.5,2,0.0,1.4,0.8,1.0,1456.9339309428203,1491.2827509194892,-34.34881997666889,1446.6295233123303,1514.3273767625456,-67.697853450215
E0,2016-12-31,Burnley,Sunderland,H,1,3,12,3,0.6,0.1,0.2,1.8,0.6,2.0,7.8,8.6,2.2,2.6,22.6,21.8,5,5,0.0,0.5,0.5,2,0.0,0.4,0.4,1.6,1534.5916572841654,1470.2523738357113,64.33928344845413,1488.9372725146595,1476.32521579509,12.61205671956941
E0,2016-12-31,Chelsea,Stoke,H,15,7,15,7,0.9,0.2,1.6,0.2,1.2,1.6,13.6,11.2,5.2,3.6,9.8,14.0,5,4,1.0,0.0,0.0,2,0.8,0.0,0.4,1.0,1589.201928338669,1483.8617790153005,105.34014932336868,1574.3201698160435,1491.229550082728,83.09061973331586
E0,2016-12-31,Leicester,West Ham,H,2,5,7,5,0.5,0.2,1.0,1.6,1.8,1.8,11.8,10.2,4.0,3.6,15.8,16.0,5,5,0.5,0.5,0.0,2,0.8,0.4,0.8,1.4,1522.767406230238,1489.5232088809487,33.24419734928938,1483.267936404857,1488.9502269035545,-5.682290498697284
E0,2016-12-31,Liverpool,Man City,H,10,12,13,12,0.7,0.8,2.2,1.2,2.6,1.2,13.6,17.4,4.6,5.4,7.2,9.6,4,5,0.5,0.5,0.0,2,1.0,0.8,1.8,0.4,1552.077441690421,1544.5479857066102,7.529455983810749,1536.074947654478,1545.2822880914846,-9.207340437006678
E0,2016-12-31,Man United,Middlesbrough,H,10,3,9,3,0.4,0.1111111111111111,1.6,1.4,0.6,1.0,12.2,7.2,4.2,2.6,9.8,13.0,5,5,0.5,0.5,0.0,0,0.4,1.0,0.4,0.6,1548.5324656619002,1492.3230929445187,56.20937271738149,1539.0336255955417,1492.1033175903772,46.930308005164534
E0,2016-12-31,Southampton,West Brom,A,5,4,7,4,0.5,0.2,1.0,1.4,0.8,1.2,14.2,7.4,4.8,2.0,8.8,14.8,3,5,0.0,0.5,0.5,2,0.4,0.8,0.6,0.8,1516.1625755490804,1481.7969293103988,34.36564623868162,1505.1678400237229,1489.7478838850348,15.41995613868812
E0,2016-12-31,Swansea,Bournemouth,A,1,3,7,3,0.2,0.1111111111111111,0.6,3.0,0.8,2.2,8.4,11.4,3.0,3.0,16.4,14.0,5,5,0.5,0.5,0.0,0,0.2,2.0,0.2,1.2,1487.0064548290673,1473.860209656351,13.146245172716364,1470.0869892250091,1492.5987636010816,-22.511774376072253
E0,2017-01-01,Arsenal,Crystal Palace,H,7,2,11,2,0.7,0.3,2.4,1.4,2.2,3.0,12.0,15.0,4.4,5.2,10.6,14.6,6,6,1.0,0.0,0.0,2,1.6,1.2,1.8,2.0,1551.658538412412,1488.5017002312668,63.156838181145304,1545.7467969114189,1474.2488306773482,71.49796623407065
E0,2017-01-01,Watford,Tottenham,A,1,5,10,5,0.4444444444444444,0.4,0.4,2.4,1.2,1.0,10.4,13.4,4.2,4.4,15.0,11.2,6,4,0.5,0.5,0.0,0,0.4,1.2,0.8,0.2,1509.812293436971,1538.9498280380924,-29.137534601121388,1491.956785208342,1543.421394428653,-51.46460922031088
E0,2017-01-02,Man City,Burnley,H,9,1,8,1,0.6,0.2,1.8,1.4,0.2,1.8,15.0,7.8,4.2,2.2,8.8,22.6,2,2,0.3333333333333333,0.3333333333333333,0.3333333333333333,3,1.4,0.4,0.0,0.4,1546.0165904763592,1443.2828877451534,102.73370273120575,1542.2005766122795,1493.7560933264774,48.444483285802335
E0,2017-01-02,West Ham,Man United,A,5,10,10,10,0.4,0.5,1.8,1.6,1.6,1.4,12.6,12.2,4.0,4.2,15.0,9.8,2,2,0.0,0.3333333333333333,0.6666666666666666,3,0.8,1.0,0.4,1.0,1488.3772449261598,1529.5347855291832,-41.157540603023335,1486.344439385497,1541.1507349406302,-54.80629555513315
E0,2017-01-02,West Brom,Hull,H,7,0,9,0,0.5,0.1,1.0,1.0,0.0,1.8,7.6,11.4,2.4,4.2,12.6,18.8,2,3,0.3333333333333333,0.0,0.6666666666666666,3,0.6,0.8,0.0,1.4,1497.6988384596707,1436.325115681841,61.3737227778297,1496.2933177397003,1447.3160101575183,48.97730758218199
E0,2017-01-02,Sunderland,Liverpool,D,3,10,9,10,0.3,0.6,0.8,2.6,2.2,1.2,8.8,13.6,2.8,4.6,21.0,7.2,2,2,0.0,0.6666666666666666,0.3333333333333333,3,0.6,2.0,1.0,0.8,1482.3980577544692,1520.0724536185346,-37.674395864065445,1471.5063949832722,1539.1566591336828,-67.65026415041052
E0,2017-01-02,Middlesbrough,Leicester,D,2,2,9,2,0.3333333333333333,0.0,0.8,1.4,1.0,1.6,6.8,11.8,2.2,4.0,17.6,15.8,2,2,0.0,0.0,1.0,1,0.6,1.0,0.8,0.4,1491.8835422362356,1443.768466579476,48.1150756567597,1489.9862082452887,1485.873723922914,4.112484322374712
E0,2017-01-02,Everton,Southampton,H,4,5,8,5,0.4,0.2,1.2,2.2,1.0,1.4,10.6,14.2,3.0,4.8,13.8,8.8,3,2,0.3333333333333333,0.6666666666666666,0.0,3,0.8,1.0,0.4,0.8,1537.3720026056017,1494.1731044983655,43.19889810723612,1513.6408899173578,1498.6224061690575,15.01848374830024
E0,2017-01-03,Stoke,Watford,H,4,1,8,1,0.4,0.2222222222222222,1.2,2.4,0.4,2.4,9.8,10.4,2.8,4.2,15.8,15.0,3,2,1.0,0.0,0.0,1,0.6,1.6,0.4,1.2,1498.5973211501555,1474.1012769797132,24.496044170442246,1489.3611297525017,1486.3856178955425,2.9755118569592014
E0,2017-01-03,Bournemouth,Arsenal,D,6,7,7,7,0.5555555555555556,0.5,1.4,1.8,2.4,1.4,10.6,12.0,3.6,4.4,14.8,10.6,3,2,0.0,1.0,0.0,1,0.4,1.0,1.6,1.2,1511.3373175458123,1539.8350554104256,-28.497737864613327,1499.337861683119,1548.7992717574791,-49.4614100743604
E0,2017-01-03,Crystal Palace,Swansea,A,2,1,3,1,0.3,0.1,2.0,2.8,0.6,3.0,11.8,8.4,4.6,3.0,15.6,16.4,2,3,0.3333333333333333,0.3333333333333333,0.3333333333333333,3,1.6,1.8,0.2,2.0,1459.9959611234297,1453.1675236209517,6.828437502477982,1471.1963558312875,1463.347891142972,7.848464688315744
E0,2017-01-04,Tottenham,Chelsea,H,7,15,13,15,0.8,0.7,2.0,1.2,1.6,0.2,14.0,13.6,4.8,5.2,10.8,9.8,3,4,0.3333333333333333,0.6666666666666666,0.0,3,1.0,0.4,0.8,0.0,1547.8929608192136,1559.4384112934183,-11.5454504742047,1548.9925617414524,1576.1885901462697,-27.196028404817294
E0,2017-01-14,Tottenham,West Brom,H,7,7,15,7,0.8,0.3,2.0,1.2,1.0,1.0,14.0,7.6,4.8,2.4,10.8,12.6,10,12,0.3333333333333333,0.3333333333333333,0.3333333333333333,3,1.0,0.4,0.6,0.8,1560.576364410119,1494.8877970197298,65.68856739038915,1555.3342635369052,1498.3947941733093,56.93946936359589
E0,2017-01-14,West Ham,Crystal Palace,H,5,2,7,2,0.4,0.2,1.8,1.6,2.0,2.8,12.6,11.8,4.0,4.6,15.0,15.6,12,11,0.6666666666666666,0.3333333333333333,0.0,3,0.8,1.0,1.6,1.8,1479.0086284819072,1482.3967505391458,-3.388122057238661,1481.6601311633708,1466.2736985730462,15.386432590324604
E0,2017-01-14,Leicester,Chelsea,A,2,12,7,12,0.5,0.7,0.8,1.4,1.2,0.6,12.6,13.2,4.6,4.2,13.2,9.8,12,10,0.0,1.0,0.0,3,0.6,0.4,0.6,0.2,1527.9789812663523,1546.755007702513,-18.77602643616069,1487.3878389314978,1569.8468883508172,-82.4590494193194
E0,2017-01-14,Swansea,Arsenal,A,4,5,6,5,0.2,0.5,0.8,2.6,2.2,1.8,7.8,10.6,2.6,3.8,14.4,12.4,11,11,0.6666666666666666,0.3333333333333333,0.0,3,0.4,1.8,1.6,1.2,1473.5282586649926,1537.61326760059,-64.08500893559744,1468.2705484012135,1547.6883778525616,-79.4178294513481
E0,2017-01-14,Burnley,Southampton,H,0,4,12,4,0.7,0.2,0.4,2.2,0.8,1.8,8.6,15.4,2.6,5.0,18.0,9.4,12,12,0.3333333333333333,0.6666666666666666,0.0,3,0.2,0.8,0.4,1.2,1544.2292989078014,1481.0411369981473,63.18816190965413,1493.8347033135506,1492.0564224189484,1.778280894602176
E0,2017-01-14,Hull,Bournemouth,H,0,6,6,6,0.2,0.2,0.2,2.2,1.4,1.8,13.2,10.6,5.0,3.6,16.0,14.8,12,11,0.0,1.0,0.0,1,0.0,1.8,0.4,1.0,1458.3069046331957,1487.3384058204256,-29.03150118722988,1445.2145337239094,1500.4487555880369,-55.23422186412745
E0,2017-01-14,Watford,Middlesbrough,D,0,2,7,2,0.4,0.1,0.4,2.8,0.8,1.4,10.2,6.8,4.2,2.2,16.2,17.6,11,12,1.0,0.0,0.0,1,0.4,1.4,0.6,1.0,1498.669958811372,1488.0888742543416,10.581084557030408,1481.4044475527198,1488.472093236705,-7.06764568398512
E0,2017-01-14,Sunderland,Stoke,A,3,4,10,4,0.3,0.2,0.8,2.6,1.2,2.4,8.8,9.8,2.8,2.8,21.0,15.8,12,11,0.3333333333333333,0.3333333333333333,0.3333333333333333,3,0.6,2.0,0.6,1.6,1486.0515087086171,1480.124938354848,5.926570353769421,1473.3331204603464,1494.3423000953244,-21.00917963497795
E0,2017-01-15,Everton,Man City,H,4,9,8,9,0.5,0.7,1.2,2.2,1.8,1.4,10.6,15.0,3.0,4.2,13.8,8.8,13,13,0.0,0.3333333333333333,0.6666666666666666,3,0.8,1.0,1.4,0.4,1550.50397010582,1538.3845627482006,12.119407357619366,1520.2068736674669,1542.1219666252068,-21.915092957739944
E0,2017-01-15,Man United,Liverpool,D,13,8,11,8,0.5,0.5,2.0,0.6,1.8,1.2,11.6,14.4,4.4,5.6,8.6,7.8,13,13,0.6666666666666666,0.0,0.3333333333333333,3,0.8,0.6,1.0,1.0,1552.7666843520774,1516.4190026643864,36.347681687690965,1545.8350431627566,1537.3299336566083,8.505109506148074
E0,2017-01-21,Bournemouth,Watford,D,3,0,7,0,0.5,0.2,1.4,2.4,0.4,2.8,10.4,10.2,4.4,4.2,14.8,16.2,7,7,0.0,0.0,1.0,1,0.4,1.4,0.4,1.4,1513.559105355648,1464.1389362940677,49.42016906158028,1494.5881300684414,1481.4117443400692,13.176385728372225
E0,2017-01-21,Liverpool,Swansea,A,8,4,13,4,0.7,0.2,2.0,1.4,0.8,2.6,14.0,7.8,6.0,2.6,9.0,14.4,6,7,1.0,0.0,0.0,3,1.0,1.2,0.4,1.8,1558.240864648831,1463.0128381374348,95.22802651139592,1538.6492777531166,1463.330173628788,75.31910412432876
E0,2017-01-21,Man City,Tottenham,D,6,7,10,7,0.6,0.4,1.4,2.0,2.0,1.2,15.6,14.0,4.4,4.8,8.2,10.8,6,7,0.6666666666666666,0.3333333333333333,0.0,3,1.2,0.8,1.0,0.4,1545.8593705022129,1550.0921626636914,-4.232792161478528,1534.219635949819,1560.322196453665,-26.10256050384578
E0,2017-01-21,Middlesbrough,West Ham,A,2,5,7,5,0.3,0.2,0.6,1.2,1.8,1.6,6.8,12.6,1.8,4.0,15.0,15.0,7,7,0.0,0.0,1.0,1,0.4,1.0,0.8,1.0,1488.8553122190683,1484.3116338448344,4.543678374234105,1488.4647964493556,1488.197529412111,0.2672670372446646
E0,2017-01-21,Crystal Palace,Everton,A,2,4,3,4,0.2,0.3,1.6,2.8,1.2,2.2,10.6,10.6,3.8,3.0,15.6,13.8,7,6,0.3333333333333333,0.3333333333333333,0.3333333333333333,3,1.2,2.2,0.8,1.0,1450.1506466069466,1489.9097772291138,-39.75913062216728,1459.736300324306,1528.1092043428548,-68.37290401854875
E0,2017-01-21,Stoke,Man United,D,6,13,8,13,0.4,0.6,1.6,2.4,2.0,0.6,10.2,11.6,3.2,4.4,16.8,8.6,7,6,0.0,0.3333333333333333,0.6666666666666666,3,0.4,1.4,0.8,0.6,1508.559661835801,1538.9034019734358,-30.343740137634768,1500.3490625233646,1544.5156990662483,-44.16663654288391
E0,2017-01-21,West Brom,Sunderland,H,4,3,12,3,0.5,0.1,0.6,1.6,0.8,2.6,6.0,8.8,1.4,2.8,15.8,21.0,7,7,0.0,0.0,1.0,3,0.2,1.0,0.6,2.0,1501.9017913268888,1460.6147322120753,41.287059114813474,1493.4068612565495,1467.3263580323062,26.080503224243557
E0,2017-01-22,Arsenal,Burnley,H,7,0,13,0,0.7,0.1,2.8,1.6,0.4,2.2,12.4,8.6,4.8,2.6,12.4,18.0,8,8,1.0,0.0,0.0,3,2.0,1.0,0.2,0.8,1557.763488104533,1443.4401077192997,114.32338038523336,1552.628752624987,1497.2483104039484,55.38044222103895
E0,2017-01-22,Chelsea,Hull,H,12,0,15,0,0.9,0.1,1.6,0.6,0.2,2.2,12.2,13.2,4.2,5.0,8.8,16.0,8,8,1.0,0.0,0.0,3,1.0,0.2,0.0,1.8,1592.9387689991213,1432.122162814623,160.81660618449837,1574.9599431880142,1451.0751592435045,123.88478394450976
E0,2017-01-22,Southampton,Leicester,H,4,2,7,2,0.4,0.0,0.6,1.6,0.8,1.4,15.6,12.6,4.6,4.6,10.0,13.2,8,8,0.3333333333333333,0.3333333333333333,0.3333333333333333,3,0.4,1.0,0.6,0.4,1503.0717078397497,1446.796696596643,56.27501124310652,1488.6428153285506,1482.274784094301,6.368031234249884
E0,2017-01-31,Arsenal,Watford,A,7,1,15,1,0.8,0.2,2.8,1.6,0.6,2.0,12.4,10.0,4.8,3.2,12.4,13.6,9,10,1.0,0.0,0.0,1,2.0,1.0,0.4,1.2,1558.5601506031012,1466.9714892464267,91.58866135667448,1553.0270838742713,1482.828020816249,70.1990630580226
E0,2017-01-31,Bournemouth,Crystal Palace,A,3,2,8,2,0.5,0.2,1.4,2.4,1.6,2.8,10.4,10.6,4.4,3.8,14.8,15.6,10,10,0.0,0.0,1.0,1,0.4,1.4,1.2,2.2,1510.726552403289,1469.3219540416655,41.40459836162336,1493.171853592262,1456.019369305974,37.152484286287745
E0,2017-01-31,Burnley,Leicester,H,0,2,12,2,0.7,0.0,0.6,1.8,0.6,1.6,10.2,12.8,3.6,4.6,19.6,15.2,9,9,0.0,0.6666666666666666,0.3333333333333333,3,0.4,1.0,0.6,0.6,1551.056513088597,1438.6024918819332,112.4540212066638,1496.8499791546642,1478.177681736946,18.672297417718255
E0,2017-01-31,Liverpool,Chelsea,D,8,12,10,12,0.7,0.7,2.0,1.4,1.6,0.6,14.0,12.2,6.0,4.2,9.0,8.8,10,9,0.3333333333333333,0.3333333333333333,0.3333333333333333,3,1.0,1.2,1.0,0.2,1544.9675771368516,1556.981117376907,-12.013540240055365,1532.012633997127,1574.9366644498843,-42.92403045275728
E0,2017-01-31,Middlesbrough,West Brom,D,2,4,7,4,0.3,0.2,0.6,1.2,0.6,1.6,6.8,6.0,1.8,1.4,15.0,15.8,10,10,0.0,0.0,1.0,1,0.4,1.0,0.2,1.0,1476.870374825683,1484.911931186211,-8.04155636052792,1482.472327752663,1497.244439330328,-14.7721115776651
E0,2017-01-31,Sunderland,Tottenham,D,0,7,7,7,0.3,0.4,0.4,2.8,2.2,1.4,8.8,13.2,2.6,4.6,19.4,11.2,10,10,0.0,0.6666666666666666,0.3333333333333333,3,0.4,2.0,1.2,0.8,1474.037983852537,1549.7813158814288,-75.7433320288917,1463.488779958528,1560.1667730625331,-96.67799310400504
E0,2017-01-31,Swansea,Southampton,H,6,4,6,4,0.2,0.2,1.2,2.8,0.6,1.6,8.0,15.6,2.6,4.6,14.8,10.0,10,9,0.3333333333333333,0.6666666666666666,0.0,3,1.0,2.0,0.4,1.0,1463.647509120141,1474.2139228173517,-10.566413697210692,1469.9668173847774,1492.7399176859053,-22.773100301127897
E0,2017-02-01,Man United,Hull,D,11,0,11,0,0.4,0.0,1.6,0.6,0.2,2.0,14.8,11.6,5.4,4.4,8.6,15.6,11,10,0.6666666666666666,0.0,0.3333333333333333,3,1.0,0.4,0.0,1.6,1550.1279961590612,1432.1687202908824,117.9592758681788,1543.8603631745832,1451.0984379816343,92.76192519294888
E0,2017-02-01,West Ham,Man City,A,8,6,9,6,0.4,0.6,2.0,1.2,1.4,2.0,13.0,15.6,4.4,4.4,14.4,8.2,11,11,0.3333333333333333,0.6666666666666666,0.0,3,0.8,0.4,1.2,0.8,1492.0834249793877,1522.5799013974247,-30.49647641803722,1494.1899981088036,1534.37505934095,-40.18506123214638
E0,2017-02-01,Stoke,Everton,D,6,7,9,7,0.4,0.3,1.6,2.4,1.4,1.2,10.2,13.6,3.2,4.6,16.8,11.2,11,11,0.6666666666666666,0.3333333333333333,0.0,3,0.4,1.4,1.0,0.6,1509.8703336191318,1497.3436392657777,12.52669435335406,1501.00439841503,1531.8261353611867,-30.82173694615676
E0,2017-02-04,Southampton,West Ham,A,4,8,9,8,0.5,0.3,0.8,1.4,2.0,1.2,14.2,13.0,4.4,4.4,10.4,14.4,4,3,0.6666666666666666,0.0,0.3333333333333333,3,0.6,1.0,0.8,0.4,1511.2659125544592,1496.29657123822,14.969341316239252,1487.580275460703,1487.446814969962,0.1334604907408447
E0,2017-02-04,Hull,Liverpool,H,1,8,6,8,0.2,0.5,0.2,1.8,2.0,1.4,11.6,14.0,4.4,6.0,15.4,9.0,3,4,0.3333333333333333,0.3333333333333333,0.3333333333333333,3,0.0,1.4,1.0,1.2,1470.0281556723862,1519.0576908574026,-49.02953518501636,1454.1094587503924,1532.287304677781,-78.17784592738894
E0,2017-02-04,Everton,Bournemouth,H,8,3,10,3,0.6,0.2,1.6,1.2,1.4,2.4,13.8,10.4,5.4,4.4,10.6,14.8,3,4,0.0,1.0,0.0,1,1.0,0.6,0.4,1.4,1566.3086314565958,1475.617154781235,90.69147667536072,1531.3299618697392,1484.9153902849002,46.414571584838995
E0,2017-02-04,Crystal Palace,Sunderland,A,5,0,3,0,0.2,0.1,1.2,1.8,0.4,2.8,10.4,8.8,3.8,2.6,14.0,19.4,4,4,0.6666666666666666,0.3333333333333333,0.0,3,1.0,1.4,0.4,2.0,1442.7167845702827,1452.939576064519,-10.22279149423639,1464.2758326133358,1465.5230461097958,-1.2472134964600627
E0,2017-02-04,Chelsea,Arsenal,H,10,7,15,7,0.9,0.6,1.2,0.6,2.8,1.6,11.8,12.4,3.8,4.8,7.4,12.4,4,4,0.3333333333333333,0.3333333333333333,0.3333333333333333,3,0.4,0.4,2.0,1.0,1592.8922115228618,1547.4940171454416,45.39819437742017,1574.66199376923,1546.3930336808126,28.268960088417316
E0,2017-02-04,Tottenham,Middlesbrough,H,8,2,15,2,0.8,0.0,2.0,1.0,0.6,1.2,13.6,6.8,4.0,1.8,10.0,15.0,4,4,1.0,0.0,0.0,1,1.2,0.6,0.4,1.0,1570.5522302436375,1488.074280679643,82.4779495639948,1558.1325069112656,1481.9422206312393,76.19028628002638
E0,2017-02-04,Watford,Burnley,H,4,0,5,0,0.4,0.0,0.8,1.6,0.6,1.8,8.6,10.2,3.4,3.6,15.4,19.6,4,4,0.0,1.0,0.0,1,0.2,1.2,0.4,1.0,1498.684552386071,1442.6434452207316,56.0411071653391,1489.4620710097076,1498.3968667231245,-8.934795713416634
E0,2017-02-04,West Brom,Stoke,H,4,6,12,6,0.6,0.3,0.6,1.6,1.6,2.4,7.0,10.2,2.0,3.2,16.0,16.8,4,3,0.3333333333333333,0.3333333333333333,0.3333333333333333,3,0.2,0.8,0.4,1.4,1509.576947474445,1492.1384632109282,17.438484263516784,1497.7745464517516,1501.5005719064775,-3.7260254547259137
E0,2017-02-05,Leicester,Man United,A,2,11,7,11,0.5,0.5,0.4,1.4,1.6,0.6,12.0,14.8,4.6,5.4,15.6,8.6,5,4,0.3333333333333333,0.6666666666666666,0.0,3,0.4,0.4,1.0,0.4,1517.7528715919584,1537.5927301901052,-19.839858598146748,1476.630794168486,1540.8493424058252,-64.21854823733929
E0,2017-02-05,Man City,Swansea,H,6,6,10,6,0.5,0.2,1.8,1.8,1.2,2.8,13.6,8.0,4.2,2.6,7.4,14.8,4,5,1.0,0.0,0.0,3,1.2,0.8,1.0,2.0,1546.1702172844757,1476.286125649414,69.88409163506162,1541.1182424797917,1475.1264596099795,65.99178286981191
E0,2017-02-11,Liverpool,Tottenham,H,8,8,8,8,0.6,0.3,1.4,1.0,2.0,1.0,16.4,13.6,6.4,4.0,8.0,10.0,7,7,0.6666666666666666,0.0,0.3333333333333333,3,0.8,0.6,1.2,0.6,1545.5169184981603,1545.7127835788935,-0.195865080733256,1524.0037676853665,1560.0247972095956,-36.021029524229334
E0,2017-02-11,Man United,Watford,H,13,4,11,4,0.4,0.2,2.0,0.4,0.8,1.6,15.8,8.6,6.8,3.4,8.2,15.4,6,7,0.0,1.0,0.0,1,1.2,0.2,0.2,1.2,1544.1059546215452,1480.2395896333446,63.86636498820053,1546.4440033213382,1491.2553835873464,55.1886197339918
E0,2017-02-11,Middlesbrough,Everton,D,1,8,5,8,0.3,0.2,0.2,1.0,1.6,1.2,7.2,13.8,1.4,5.4,16.2,10.6,7,7,0.0,1.0,0.0,1,0.2,1.0,1.0,0.6,1475.8101605828356,1496.351292282883,-20.541131700047345,1480.0499303329093,1533.00479177441,-52.954861441500725
E0,2017-02-11,Stoke,Crystal Palace,H,3,5,7,5,0.4,0.2,1.4,2.6,1.2,1.8,9.8,10.4,3.4,3.8,17.8,14.0,7,7,0.0,0.6666666666666666,0.3333333333333333,3,0.4,1.4,1.0,1.4,1510.8626806020266,1485.8348806563888,25.027799945637753,1497.7105604344051,1455.3946612524946,42.31589918191048
E0,2017-02-11,West Ham,West Brom,D,10,4,9,4,0.4,0.2,2.4,1.2,0.6,1.6,13.0,7.0,4.8,2.0,15.2,16.0,7,7,0.3333333333333333,0.3333333333333333,0.3333333333333333,3,1.0,0.4,0.2,0.8,1478.5970587017043,1485.9721454290584,-7.3750867273540734,1493.8164670894523,1501.564557923824,-7.748090834371624
E0,2017-02-11,Sunderland,Southampton,A,3,4,5,4,0.3,0.2,1.2,2.4,0.8,1.4,9.6,14.2,3.8,4.4,18.2,10.4,7,7,0.3333333333333333,0.3333333333333333,0.3333333333333333,3,0.4,1.6,0.6,1.0,1478.1065161550723,1463.894638366947,14.21187778812532,1474.404217470637,1481.2106233412128,-6.8064058705758725
E0,2017-02-11,Arsenal,Hull,H,4,1,12,1,0.7,0.0,2.0,2.0,0.2,1.8,10.4,11.6,3.8,4.4,13.0,15.4,7,7,0.6666666666666666,0.0,0.3333333333333333,3,1.4,1.2,0.0,1.4,1545.2920502161833,1438.1907618283983,107.10128838778472,1543.3241598055884,1462.3929957428074,80.93116406278091
E0,2017-02-12,Burnley,Chelsea,D,0,10,15,10,0.8,0.7,0.8,1.8,1.2,0.6,9.6,11.8,4.2,3.8,20.8,7.4,8,8,0.0,0.6666666666666666,0.3333333333333333,3,0.6,1.0,0.4,0.4,1554.1502882255172,1556.4317760155982,-2.281487790080974,1496.6035541454858,1577.730867644454,-81.1273134989683
E0,2017-02-12,Swansea,Leicester,H,6,2,6,2,0.3,0.0,1.4,2.2,0.4,1.4,8.6,12.0,3.0,4.6,12.6,15.6,7,7,0.3333333333333333,0.6666666666666666,0.0,3,1.2,1.6,0.4,0.4,1473.9667935705456,1435.508716745013,38.458076825532544,1473.5886109187395,1471.0361332529726,2.552477665766901
E0,2017-02-13,Bournemouth,Man City,A,3,6,5,6,0.4,0.6,1.8,3.0,1.8,1.8,12.2,13.6,5.4,4.2,14.6,7.4,9,8,0.0,1.0,0.0,1,1.0,1.6,1.2,0.8,1494.2136257885657,1536.0662676751078,-41.85264188654219,1483.2405603802297,1542.656091171032,-59.41553079080245
E0,2017-02-25,Chelsea,Swansea,H,8,6,15,6,0.9,0.2,1.2,0.8,1.4,2.2,10.6,8.6,3.0,3.0,7.0,12.6,13,13,0.6666666666666666,0.0,0.3333333333333333,3,0.4,0.4,1.2,1.6,1599.02995927331,1473.2104282669331,125.8195310063768,1575.5802953811267,1478.2750612275067,97.30523415361996
E0,2017-02-25,West Brom,Bournemouth,H,5,3,12,3,0.7,0.2,1.0,1.8,1.8,3.0,7.4,12.2,2.4,5.4,16.8,14.6,14,12,0.0,1.0,0.0,1,0.4,1.0,1.0,1.6,1517.1569704185897,1472.2674949718937,44.88947544669577,1502.6428533454814,1478.6197010243786,24.02315232110277
E0,2017-02-25,Watford,West Ham,D,4,10,8,10,0.5,0.4,0.8,1.6,2.4,1.2,9.4,13.0,3.6,4.8,17.2,15.2,14,14,1.0,0.0,0.0,1,0.2,1.2,1.0,0.4,1502.271177541348,1509.0358754772003,-6.764697935852382,1489.27659863996,1492.7381716677946,-3.4615730278346746
E0,2017-02-25,Hull,Burnley,D,1,0,8,0,0.3,0.0,0.2,1.6,0.8,1.8,11.4,9.6,4.2,4.2,13.4,20.8,14,13,0.0,0.6666666666666666,0.3333333333333333,3,0.0,1.2,0.6,1.0,1486.5952296572164,1439.0568200654543,47.53840959176205,1460.2900451744872,1498.7541264088131,-38.46408123432593
E0,2017-02-25,Everton,Sunderland,H,9,3,12,3,0.6,0.2,1.2,0.6,1.2,2.4,13.0,9.6,5.2,3.8,10.2,18.2,14,14,0.3333333333333333,0.3333333333333333,0.3333333333333333,3,0.8,0.2,0.4,1.6,1569.6582912659371,1470.7019187862015,98.9563724797356,1531.3838540725933,1466.573079680236,64.81077439235742
E0,2017-02-25,Crystal Palace,Middlesbrough,H,4,1,0,1,0.2,0.0,0.6,1.4,0.2,1.0,8.8,7.2,2.8,1.4,12.4,16.2,14,14,1.0,0.0,0.0,1,0.4,1.2,0.2,1.0,1424.9544418486005,1484.289700082983,-59.33525823438276,1451.23936827763,1481.670868034726,-30.431499757095935
E0,2017-02-26,Tottenham,Stoke,H,8,3,15,3,0.9,0.3,2.0,1.2,1.4,2.6,12.6,9.8,3.6,3.4,10.4,17.8,15,15,0.3333333333333333,0.6666666666666666,0.0,3,1.2,0.6,0.4,1.4,1574.3368108402976,1484.5584402667837,89.77837057351394,1554.3564020059318,1501.8658534092697,52.490548596662165
E0,2017-02-27,Leicester,Liverpool,H,2,8,6,8,0.4,0.5,0.4,1.6,1.4,1.0,11.4,16.4,4.0,6.4,15.8,8.0,15,16,0.0,0.6666666666666666,0.3333333333333333,3,0.4,0.4,0.8,0.6,1506.563549760932,1502.4906168725724,4.072932888359674,1466.3496829442054,1529.67216288903,-63.32247994482464
E0,2017-03-04,Man United,Bournemouth,D,13,3,11,3,0.4,0.2,2.0,0.4,1.6,2.8,15.8,11.2,6.8,5.4,8.2,14.0,21,7,1.0,0.0,0.0,1,1.2,0.2,0.8,1.4,1548.063524516318,1466.4017127933598,81.66181172295819,1548.4227882687246,1475.6868099351118,72.73597833361282
E0,2017-03-04,Liverpool,Arsenal,H,5,4,10,4,0.6,0.5,1.0,1.6,2.0,2.0,16.8,10.4,7.0,3.8,9.0,13.0,5,21,0.3333333333333333,0.3333333333333333,0.3333333333333333,3,0.6,0.8,1.4,1.2,1556.8537089054878,1541.3562693949934,15.49743951049436,1522.3406351520207,1545.4271103739086,-23.086475221887895
E0,2017-03-04,Leicester,Hull,H,2,1,6,1,0.4,0.0,0.4,1.6,0.2,1.6,11.4,11.4,4.0,4.2,15.8,13.4,5,7,0.3333333333333333,0.3333333333333333,0.3333333333333333,3,0.4,0.4,0.0,1.2,1521.226605234951,1433.984860691758,87.24174454319291,1473.681210681215,1457.545231601141,16.135979080073866
E0,2017-03-04,West Brom,Crystal Palace,A,5,4,12,4,0.7,0.1,1.0,1.8,0.6,1.4,7.4,8.8,2.4,2.8,16.8,12.4,7,7,0.6666666666666666,0.0,0.3333333333333333,3,0.4,1.0,0.4,1.2,1523.0227525971234,1477.52429470666,45.49845789046344,1505.5757444347485,1455.031508180802,50.54423625394634
E0,2017-03-04,Watford,Southampton,A,4,6,6,6,0.4,0.2,0.8,1.6,1.6,1.4,9.4,14.2,3.6,5.2,17.2,10.6,7,21,0.0,0.0,1.0,1,0.2,1.2,1.0,1.0,1502.925447094443,1479.5569139477493,23.368533146693608,1489.603733416507,1489.041761131614,0.5619722848932724
E0,2017-03-04,Stoke,Middlesbrough,H,3,1,9,1,0.5,0.0,1.2,2.8,0.2,1.0,8.4,8.2,3.0,1.8,17.8,16.4,6,7,0.0,0.0,1.0,1,0.4,1.0,0.2,0.8,1519.1732665517554,1476.705420276639,42.46784627511647,1499.4421478301326,1477.878728131554,21.563419698578628
E0,2017-03-04,Swansea,Burnley,H,6,1,6,1,0.4,0.0,1.4,2.2,1.0,1.8,7.6,10.0,2.6,4.4,13.2,19.8,7,7,1.0,0.0,0.0,3,1.0,1.4,0.8,1.2,1483.33969418808,1444.5464472121464,38.7932469759337,1476.7488667469484,1501.4989399821593,-24.750073235210948
E0,2017-03-05,Tottenham,Everton,H,8,9,15,9,0.9,0.2,2.0,1.2,1.2,0.6,12.6,13.0,3.6,5.2,10.4,10.2,7,8,0.6666666666666666,0.0,0.3333333333333333,3,1.2,0.6,0.8,0.2,1579.1842219985715,1493.1094168792492,86.07480511932226,1556.780107585069,1533.520803412987,23.259304172081784
E0,2017-03-05,Sunderland,Man City,A,3,9,5,9,0.3,0.6,1.2,2.2,1.8,1.0,9.4,13.2,3.6,4.4,19.4,6.4,8,20,0.0,1.0,0.0,3,0.4,1.2,1.0,0.6,1462.44424057427,1545.30798638681,-82.86374581253995,1464.4361303398418,1547.276950526883,-82.84082018704112
E0,2017-03-06,West Ham,Chelsea,A,10,8,7,8,0.4,0.7,2.2,1.0,1.2,0.8,14.2,10.6,4.6,3.0,13.4,7.0,9,9,0.0,1.0,0.0,3,1.2,0.2,0.4,0.4,1476.4404678583892,1552.1306314889434,-75.69016363055425,1492.4110368912472,1577.106489861685,-84.69545297043783
E0,2017-03-08,Man City,Stoke,D,9,3,13,3,0.5,0.3,1.6,1.0,1.2,2.8,12.8,8.4,4.6,3.0,6.6,17.8,3,4,0.6666666666666666,0.3333333333333333,0.0,3,0.6,0.6,0.4,1.0,1549.2459146669562,1479.7110291085098,69.53488555844638,1549.240613881783,1504.3374914453314,44.90312243645167
E0,2017-03-11,Everton,West Brom,H,6,5,12,5,0.6,0.2,1.2,1.2,1.0,1.8,13.0,7.4,5.4,2.4,12.8,16.8,6,7,0.6666666666666666,0.0,0.3333333333333333,3,0.8,0.6,0.4,1.0,1573.932189946725,1488.1287362723735,85.80345367435143,1531.4034975119202,1497.5335945230274,33.86990298889282
E0,2017-03-11,Bournemouth,West Ham,H,4,10,2,10,0.3,0.4,1.8,2.4,2.2,1.0,10.4,14.2,5.0,4.6,15.2,13.4,7,5,0.0,1.0,0.0,1,0.8,1.0,1.2,0.2,1484.9719070768635,1508.381605924105,-23.40969884724177,1477.9427160764108,1489.56580711047,-11.623091034059144
E0,2017-03-11,Hull,Swansea,H,1,6,8,6,0.3,0.2,0.4,2.0,1.4,2.2,10.2,7.6,4.0,2.6,13.2,13.2,7,7,0.3333333333333333,0.6666666666666666,0.0,3,0.0,1.4,1.0,1.4,1481.1056025105242,1470.1580393058166,10.947563204707649,1454.6624184056243,1479.2248966776567,-24.562478272032195
E0,2017-03-12,Liverpool,Burnley,H,5,1,10,1,0.7,0.0,1.0,1.6,1.2,2.0,16.8,10.2,7.0,4.8,9.0,18.4,8,8,0.6666666666666666,0.3333333333333333,0.0,3,0.6,0.8,1.0,1.4,1564.7005223363903,1439.5943873507297,125.10613498566067,1526.264041867472,1499.0229100514507,27.241131816021152
E0,2017-03-18,West Ham,Leicester,A,7,2,4,2,0.4,0.0,1.8,1.4,0.4,1.6,14.4,11.4,4.6,4.0,14.8,15.8,7,14,0.3333333333333333,0.6666666666666666,0.0,3,0.8,0.4,0.4,0.4,1470.7500082968347,1426.1358161274786,44.6141921693561,1484.5769544779482,1476.5640238767314,8.012930601216794
E0,2017-03-18,West Brom,Arsenal,H,5,4,12,4,0.7,0.4,1.0,2.2,2.0,2.2,7.8,10.0,2.6,3.8,14.8,13.8,7,14,0.0,1.0,0.0,3,0.4,1.0,1.6,1.2,1506.938452773681,1533.5094559640909,-26.571003190409556,1494.9262408528602,1541.5037036584572,-46.57746280559695
E0,2017-03-18,Sunderland,Burnley,D,3,1,2,1,0.3,0.0,1.2,2.2,1.2,2.0,9.4,10.2,3.6,4.4,19.4,17.6,13,6,0.3333333333333333,0.3333333333333333,0.3333333333333333,3,0.4,1.2,0.8,1.2,1458.51691386447,1438.2448359196842,20.272077944785902,1462.472466984942,1498.348134335928,-35.87566735098608
E0,2017-03-18,Stoke,Chelsea,A,4,8,11,8,0.5,0.7,1.0,2.0,1.4,1.0,8.2,9.8,3.0,2.6,16.2,8.0,10,12,0.0,1.0,0.0,3,0.4,0.6,0.6,0.6,1528.9639537821529,1557.821091050498,-28.857137268345017,1507.916439386849,1579.9517196424622,-72.03528025561309
E0,2017-03-18,Everton,Hull,H,6,1,15,1,0.7,0.0,1.2,1.2,0.4,2.0,13.0,10.2,5.4,4.0,12.8,13.2,7,7,0.0,0.3333333333333333,0.6666666666666666,3,0.8,0.6,0.0,1.4,1579.1468972870596,1428.2192343007248,150.92766298633478,1534.0108511820877,1458.434721749847,75.57612943224058
E0,2017-03-18,Bournemouth,Swansea,H,4,6,5,6,0.3,0.2,1.8,2.4,1.6,2.0,10.4,7.0,5.0,2.8,15.2,14.2,7,7,1.0,0.0,0.0,1,0.8,1.0,1.2,1.6,1494.949612341907,1462.6134326173717,32.336179724535214,1482.9315687089324,1475.4525933334344,7.478975375498067
E0,2017-03-18,Crystal Palace,Watford,H,6,4,3,4,0.2,0.2,0.8,1.2,0.8,1.6,8.8,9.4,2.8,3.6,12.8,17.2,14,14,0.0,0.0,1.0,1,0.8,1.0,0.2,1.2,1432.5387216549443,1476.2820197385718,-43.74329808362745,1463.0736580925231,1485.5965025545372,-22.522844462014064
E0,2017-03-19,Tottenham,Southampton,H,8,6,15,6,0.9,0.3,2.0,1.2,1.8,1.8,12.6,15.4,3.6,5.8,10.4,11.8,14,15,0.6666666666666666,0.0,0.3333333333333333,3,1.2,0.6,1.0,1.4,1583.418833800705,1487.5713756716896,95.84745812901542,1558.8974134861355,1493.0489919935842,65.84842149255132
E0,2017-03-19,Middlesbrough,Man United,A,1,13,6,13,0.3,0.5,0.2,1.2,2.0,0.4,8.2,15.8,1.8,6.8,17.8,8.2,15,15,0.0,1.0,0.0,1,0.2,0.6,1.2,0.2,1479.0520359864693,1548.7820520211314,-69.73001603466219,1472.9833845163553,1546.1668821274257,-73.18349761107038
E0,2017-03-19,Man City,Liverpool,D,9,5,11,5,0.4,0.4,1.6,1.0,1.0,1.6,12.8,16.8,4.6,7.0,6.6,9.0,11,7,0.3333333333333333,0.6666666666666666,0.0,3,0.6,0.6,0.6,0.8,1542.088018783921,1487.8275613985536,54.26045738536732,1545.6616659402653,1526.9388175829947,18.72284835727055
E0,2017-04-01,Southampton,Bournemouth,D,6,4,6,4,0.5,0.2,2.0,1.6,1.8,2.4,14.6,10.4,5.8,5.0,10.8,15.2,13,14,1.0,0.0,0.0,1,1.2,0.8,0.8,1.0,1498.5266083154788,1470.9135250759582,27.61308323952062,1491.1437337983425,1488.2253226260484,2.9184111722938724
E0,2017-04-01,Watford,Sunderland,H,4,3,5,3,0.4,0.2,0.8,1.6,1.2,2.2,8.8,9.4,3.2,3.6,16.2,19.4,14,14,0.0,1.0,0.0,1,0.2,1.2,0.4,1.2,1494.9109853705029,1466.4280201054137,28.48296526508898,1483.0116211222764,1462.1150949654102,20.89652615686623
E0,2017-04-01,Man United,West Brom,D,13,5,9,5,0.4,0.2,2.2,0.4,1.0,2.2,15.4,7.8,6.8,2.6,9.0,14.8,13,14,0.3333333333333333,0.3333333333333333,0.3333333333333333,3,1.4,0.2,0.4,1.0,1543.5517122337196,1482.914028932039,60.63768330168068,1547.8292683835994,1502.3635614092827,45.46570697431662
E0,2017-04-01,Liverpool,Everton,H,3,6,10,6,0.7,0.2,1.0,1.8,1.2,1.2,17.2,13.0,7.0,5.4,10.4,12.8,13,14,0.3333333333333333,0.0,0.6666666666666666,3,0.6,1.0,0.8,0.6,1566.0500737674358,1488.8748050771158,77.17526869032008,1528.7280745441594,1536.9043357047203,-8.176261160560898
E0,2017-04-01,Burnley,Tottenham,A,2,8,13,8,0.7,0.2,1.0,1.6,2.0,1.2,11.0,12.6,3.6,3.6,15.6,10.4,14,13,0.0,0.6666666666666666,0.3333333333333333,3,0.6,0.8,1.2,0.6,1558.451432752172,1534.375993171566,24.075439580605916,1498.7055063554596,1560.8026716813774,-62.097165325917786
E0,2017-04-01,Chelsea,Crystal Palace,A,11,6,15,6,1.0,0.2,1.8,0.8,0.8,1.2,11.6,8.8,3.6,2.8,7.2,12.8,14,14,1.0,0.0,0.0,3,0.8,0.4,0.8,1.0,1602.0823482344265,1493.608594530102,108.47375370432452,1583.2276288982998,1465.658539524784,117.56908937351592
E0,2017-04-01,Hull,West Ham,H,1,7,11,7,0.4,0.3,0.2,2.2,1.8,1.4,8.0,14.4,2.8,4.6,14.4,14.8,14,14,0.0,0.6666666666666666,0.3333333333333333,3,0.0,1.4,0.8,0.4,1488.6502091989692,1498.403900659062,-9.753691460092796,1455.5412372272144,1479.0829766108325,-23.54173938361805
E0,2017-04-01,Leicester,Stoke,H,4,4,9,4,0.5,0.3,0.6,1.6,1.0,2.0,10.8,8.2,3.4,3.0,16.6,16.2,14,14,0.3333333333333333,0.3333333333333333,0.3333333333333333,3,0.0,0.6,0.4,0.6,1526.992231625984,1486.868924991545,40.123306634438904,1482.0580017438472,1504.6405301310112,-22.582528387164075
E0,2017-04-02,Swansea,Middlesbrough,D,3,1,9,1,0.5,0.0,1.2,2.2,0.2,1.2,6.8,8.2,2.2,1.8,15.2,17.8,15,14,0.0,1.0,0.0,1,1.0,1.6,0.2,0.6,1488.2917540494968,1466.9147330462415,21.37702100325532,1470.1588394163184,1471.3209982601816,-1.1621588438631534
E0,2017-04-02,Arsenal,Man City,D,4,9,12,9,0.7,0.7,2.0,2.4,1.6,1.0,11.0,12.8,4.0,4.6,13.4,6.6,15,14,0.3333333333333333,0.3333333333333333,0.3333333333333333,3,1.6,1.2,0.6,0.6,1549.4979513528235,1549.2353130966098,0.2626382562139042,1534.0663831020347,1543.8724089791008,-9.806025877066077
E0,2017-04-04,Watford,West Brom,H,4,3,8,3,0.4,0.2,0.8,1.6,0.6,2.0,8.8,7.0,3.2,2.2,16.2,16.4,3,3,0.0,1.0,0.0,1,0.2,1.2,0.2,1.0,1501.2576066920485,1487.7003576578286,13.557249034219922,1486.1849317830493,1504.7567257721776,-18.57179398912831
E0,2017-04-04,Leicester,Sunderland,H,4,3,9,3,0.5,0.2,0.6,1.6,1.0,1.8,10.8,10.2,3.4,3.4,16.6,18.8,3,3,0.0,0.3333333333333333,0.6666666666666666,3,0.0,0.6,0.2,1.0,1536.600389776011,1460.0813987838678,76.51899099214324,1486.8620808188607,1458.9417843046374,27.92029651422331
E0,2017-04-04,Burnley,Stoke,H,2,4,10,4,0.7,0.2,1.0,1.6,0.6,1.6,11.0,9.2,3.6,3.0,15.6,17.2,3,3,0.3333333333333333,0.3333333333333333,0.3333333333333333,3,0.6,0.8,0.0,0.2,1545.659997029334,1477.260766841518,68.39923018781587,1492.3097884940407,1499.8364510559977,-7.526662561956982
E0,2017-04-04,Man United,Everton,D,13,5,7,5,0.4,0.2,2.2,0.4,1.0,1.4,15.4,10.8,6.8,4.8,9.0,12.2,3,3,0.3333333333333333,0.3333333333333333,0.3333333333333333,3,1.4,0.2,0.6,0.6,1538.76538350793,1483.5392194751114,55.22616403281859,1545.4361040207043,1534.236542903718,11.199561116986388
E0,2017-04-05,Swansea,Tottenham,A,3,8,10,8,0.5,0.3,1.2,2.2,1.6,1.0,6.8,13.0,2.2,4.0,15.2,11.2,3,4,0.0,1.0,0.0,3,1.0,1.6,1.0,0.6,1487.4621839717315,1547.167428894404,-59.70524492267237,1469.744054377436,1567.1983895427966,-97.4543351653606
E0,2017-04-05,Southampton,Crystal Palace,H,6,9,4,9,0.4,0.3,2.0,1.6,1.2,1.0,14.6,9.0,5.8,2.6,10.8,13.2,4,4,0.6666666666666666,0.3333333333333333,0.0,3,1.2,0.8,0.8,0.8,1495.2633696362652,1506.1049993985414,-10.84162976227617,1489.5121144587356,1471.9067419590035,17.605372499731857
E0,2017-04-05,Liverpool,Bournemouth,D,3,2,13,2,0.7,0.2,1.0,1.8,1.2,2.4,17.2,10.6,7.0,4.4,10.4,15.2,4,4,0.0,1.0,0.0,1,0.6,1.0,0.6,1.0,1571.3856593694402,1474.1767637551718,97.2088956142684,1531.3958673451616,1489.856941965655,41.53892537950651
E0,2017-04-05,Hull,Middlesbrough,H,1,2,13,2,0.5,0.0,0.2,2.2,0.0,0.8,8.0,8.0,2.8,1.6,14.4,14.4,4,3,0.0,1.0,0.0,1,0.0,1.4,0.0,0.2,1497.5019538773818,1467.7443031240066,29.757650753375177,1459.9671095664207,1471.735783299064,-11.768673732643265
E0,2017-04-05,Chelsea,Man City,H,11,10,12,10,0.9,0.6,1.8,0.8,2.0,1.2,11.6,13.8,3.6,5.2,7.2,7.2,4,3,0.3333333333333333,0.0,0.6666666666666666,3,0.8,0.4,0.6,0.8,1589.585943365987,1548.323596463937,41.26234690205001,1576.9794264640802,1543.4165506627644,33.56287580131584
E0,2017-04-05,Arsenal,West Ham,H,4,7,10,7,0.6,0.3,2.0,2.4,2.0,1.6,11.0,11.8,4.0,4.4,13.4,13.8,3,4,1.0,0.0,0.0,3,1.6,1.2,0.8,0.8,1550.4096679854963,1489.552155980649,60.857512004847194,1534.522241418371,1474.6571042716262,59.865137146745155
E0,2017-04-08,West Brom,Southampton,A,3,6,12,6,0.8,0.3,0.6,1.6,2.0,1.6,10.0,14.6,2.6,5.8,14.0,10.8,4,3,0.6666666666666666,0.0,0.3333333333333333,3,0.2,0.8,1.2,0.8,1521.8130938865263,1483.7608592812055,38.05223460532056,1500.491879736614,1495.0786312156138,5.4132485210002415
E0,2017-04-08,Bournemouth,Chelsea,A,3,11,7,11,0.4,0.7,1.4,2.2,1.8,0.8,10.4,11.6,3.6,3.6,16.4,7.2,3,3,0.0,1.0,0.0,1,0.8,0.8,0.8,0.4,1505.5371201761386,1564.3729095621734,-58.835789386034776,1492.160886015411,1579.2939624537285,-87.1330764383174
E0,2017-04-08,Middlesbrough,Burnley,D,1,2,3,2,0.3,0.0,0.4,1.6,1.0,1.6,9.4,11.0,2.2,3.6,15.4,15.6,3,4,0.0,1.0,0.0,1,0.0,0.4,0.6,0.8,1475.7272634741214,1438.959579958747,36.767683515374074,1467.223682938618,1494.398304168984,-27.17462123036603
E0,2017-04-08,Stoke,Liverpool,A,1,3,8,3,0.4,0.3,0.0,1.6,1.0,1.8,9.4,17.2,2.2,7.0,15.8,10.4,4,3,0.3333333333333333,0.6666666666666666,0.0,3,0.0,0.4,0.6,1.0,1522.4121352704774,1491.4060753208828,31.0060599495946,1497.7479353810545,1529.0919232954056,-31.343987914351143
E0,2017-04-08,West Ham,Swansea,H,4,3,4,3,0.3,0.2,1.4,2.0,1.2,2.2,10.6,6.8,3.8,2.2,15.8,15.2,3,3,0.6666666666666666,0.0,0.3333333333333333,3,0.6,1.4,1.0,1.6,1459.762052562603,1452.02592478314,7.736127779463004,1469.1752330746422,1465.786265966586,3.388967108056022
E0,2017-04-08,Man City,Hull,H,10,1,9,1,0.4,0.0,2.2,0.8,0.2,2.2,14.6,8.0,5.6,2.8,8.0,14.4,3,3,0.6666666666666666,0.0,0.3333333333333333,3,0.6,0.2,0.0,1.4,1538.5095048615915,1422.4322652554597,116.07723960613204,1541.1020146731162,1464.4792099268666,76.62280474624959
E0,2017-04-08,Tottenham,Watford,H,8,4,15,4,1.0,0.1,1.4,1.0,0.8,1.6,12.8,8.8,4.4,3.2,10.8,16.2,3,4,1.0,0.0,0.0,1,1.4,0.4,0.2,1.2,1587.2293501911888,1471.1122568740502,116.1170933171386,1571.1561779536462,1490.4497778186128,80.70640013503339
E0,2017-04-09,Sunderland,Man United,A,3,13,2,13,0.3,0.6,0.8,1.4,2.2,0.4,11.0,15.4,3.4,6.8,19.4,9.0,5,5,0.0,0.6666666666666666,0.3333333333333333,3,0.0,0.8,1.4,0.2,1457.802169825407,1552.1068245334793,-94.30465470807236,1455.699236606959,1542.6865754470375,-86.98733884007879
E0,2017-04-09,Everton,Leicester,H,3,4,15,4,0.7,0.1,1.0,1.6,0.6,1.6,9.8,10.8,4.0,3.4,14.2,16.6,5,5,0.3333333333333333,0.0,0.6666666666666666,3,0.4,0.8,0.0,0.6,1584.933866332325,1437.1237718617103,147.81009447061433,1536.986071477385,1490.1046285165394,46.88144296084556
E0,2017-04-10,Crystal Palace,Arsenal,H,9,4,6,4,0.3,0.3,1.4,1.0,2.0,2.4,10.4,11.0,3.0,4.0,15.4,13.4,5,5,0.0,1.0,0.0,3,0.8,0.6,1.6,1.2,1437.708484519466,1518.634814851246,-80.92633033178004,1466.340225202125,1540.004112615355,-73.66388741323021
E0,2017-04-15,Crystal Palace,Leicester,D,9,3,9,3,0.4,0.1,1.4,1.0,1.0,2.4,10.4,10.0,3.0,3.4,15.4,17.2,5,6,0.6666666666666666,0.3333333333333333,0.0,3,0.8,0.6,0.0,0.8,1456.5855216950138,1434.0912369363575,22.49428475865625,1475.7787437898992,1488.5883610538629,-12.809617263963672
E0,2017-04-15,Everton,Burnley,H,3,3,15,3,0.8,0.0,1.0,1.6,0.8,1.2,9.8,10.2,4.0,2.6,14.2,14.8,6,7,0.6666666666666666,0.3333333333333333,0.0,3,0.4,0.8,0.4,0.8,1587.9664012576775,1439.7356911076413,148.2307101500362,1538.5023389400612,1494.7863597434307,43.71597919663054
E0,2017-04-15,Stoke,Hull,H,1,1,7,1,0.4,0.0,0.0,1.6,0.4,2.4,9.4,7.4,2.2,2.2,15.8,17.2,7,7,0.6666666666666666,0.0,0.3333333333333333,3,0.0,0.4,0.2,1.6,1515.580020880722,1419.4244526314958,96.15556824922623,1494.3318781861767,1462.9753036148848,31.35657457129196
E0,2017-04-15,Sunderland,West Ham,D,3,4,2,4,0.2,0.3,0.8,1.4,1.4,2.0,11.0,10.6,3.4,3.8,19.4,15.8,6,7,0.0,0.6666666666666666,0.3333333333333333,3,0.0,0.8,0.6,1.4,1454.0637271279377,1478.588413586681,-24.524686458743417,1453.8300152582242,1472.9325543747166,-19.10253911649238
E0,2017-04-15,Tottenham,Bournemouth,H,8,3,15,3,1.0,0.1,1.4,1.0,1.4,2.2,12.8,10.4,4.4,3.6,10.8,16.4,7,7,0.0,0.0,1.0,1,1.4,0.4,0.8,0.8,1591.1943997688074,1478.7846518546833,112.40974791412418,1573.1387027424555,1488.657669055483,84.48103368697252
E0,2017-04-15,Watford,Swansea,H,4,0,10,0,0.4,0.2,0.8,2.0,0.6,2.0,8.6,6.4,3.2,1.8,16.6,14.8,7,7,0.0,0.0,1.0,1,0.2,1.2,0.4,1.2,1509.7872987631754,1444.511282182991,65.27601658018443,1488.4672530298035,1462.0289446665115,26.43830836329198
E0,2017-04-15,Southampton,Man City,A,9,10,7,10,0.4,0.5,2.2,1.4,2.2,0.8,12.6,14.6,5.4,5.6,12.4,8.0,7,7,0.0,0.6666666666666666,0.3333333333333333,3,1.2,0.6,0.6,0.2,1506.396403150022,1543.6945244846404,-37.29812133461837,1498.6335908875003,1542.605920985098,-43.972330097597705
E0,2017-04-16,Man United,Chelsea,H,13,11,7,11,0.4,0.7,2.4,0.4,1.8,1.0,17.0,13.0,7.6,4.0,8.8,8.2,7,8,0.0,0.6666666666666666,0.3333333333333333,3,1.6,0.2,0.6,0.4,1533.2663263605962,1571.3793434820293,-38.11301712143313,1544.5557967957725,1582.7971794136563,-38.24138261788403
E0,2017-04-16,West Brom,Liverpool,A,3,5,9,5,0.7,0.3,0.6,1.6,1.0,1.6,10.0,15.8,2.6,4.8,14.0,10.2,8,8,0.0,0.6666666666666666,0.3333333333333333,3,0.2,0.8,0.8,0.8,1514.7031745427537,1498.2381897106382,16.464984832115306,1496.9369200647277,1532.5079804902834,-35.57106042555597
E0,2017-04-17,Middlesbrough,Arsenal,A,1,3,3,3,0.2,0.2,0.4,1.6,1.4,2.4,9.4,10.4,2.2,3.8,15.4,14.4,9,7,0.0,0.0,1.0,1,0.0,0.4,1.0,1.4,1474.9511523252274,1499.757777675698,-24.80662535047054,1466.8356273641712,1530.5655940275817,-63.72996666341032
E0,2017-04-22,Bournemouth,Middlesbrough,H,3,1,6,1,0.4,0.0,0.8,1.8,0.4,1.6,7.8,9.4,2.2,2.2,18.2,15.4,7,5,0.0,1.0,0.0,1,0.2,0.6,0.0,0.4,1498.5306862562827,1458.7201024031149,39.810583853168055,1485.663508435046,1463.7123277193884,21.95118071565753
E0,2017-04-22,Hull,Watford,H,0,4,13,4,0.5,0.1,0.6,3.0,0.8,2.0,9.0,8.6,2.4,3.2,17.0,16.6,7,7,0.0,1.0,0.0,1,0.4,2.0,0.2,1.2,1506.5261545982737,1467.1472072964316,39.37894730184212,1460.8210375748477,1490.6094451681406,-29.78840759329296
E0,2017-04-22,Swansea,Stoke,H,0,1,10,1,0.5,0.2,0.4,1.8,0.0,1.6,8.2,9.4,2.2,2.2,14.4,15.8,7,7,0.3333333333333333,0.6666666666666666,0.0,3,0.2,1.0,0.0,0.4,1479.5466071500323,1473.0837354916316,6.4628716584006725,1459.8867525281744,1496.4861442262138,-36.599391698039426
E0,2017-04-22,West Ham,Everton,D,2,3,4,3,0.4,0.2,1.2,2.2,1.0,1.6,10.8,9.8,3.6,4.0,14.4,14.2,7,7,0.0,1.0,0.0,3,0.6,1.6,0.4,0.8,1467.276695162752,1489.0382766224452,-21.76158145969316,1472.2378843844754,1539.7022798247935,-67.46439544031819
E0,2017-04-23,Burnley,Man United,A,2,13,10,13,0.7,0.7,0.8,1.6,2.4,0.4,10.8,17.0,3.2,7.6,17.6,8.8,8,7,0.0,0.3333333333333333,0.6666666666666666,3,0.4,1.2,1.6,0.2,1549.8370283792203,1555.8452672309486,-6.008238851728265,1493.5864188586984,1552.0158017823906,-58.429382923692174
E0,2017-04-23,Liverpool,Crystal Palace,A,7,9,13,9,0.6,0.3,1.0,1.4,1.4,1.0,16.2,10.4,4.4,3.0,9.8,15.4,7,8,0.3333333333333333,0.6666666666666666,0.0,3,0.8,0.6,0.8,0.6,1566.7777712699287,1494.9719658847846,71.80580538514414,1535.9548554546109,1474.74637033674,61.20848511787085
E0,2017-04-25,Chelsea,Southampton,H,10,9,12,9,0.9,0.4,1.6,1.2,2.2,1.4,12.4,12.6,3.6,5.4,8.6,12.4,9,10,0.3333333333333333,0.0,0.6666666666666666,3,0.6,0.4,1.2,0.6,1594.2150153452835,1490.8707786249784,103.3442367203054,1575.3371744270382,1492.5114997117623,82.82567471527591
E0,2017-04-26,Arsenal,Leicester,H,3,4,10,4,0.7,0.1,1.0,2.6,1.4,2.2,10.0,9.0,3.4,3.4,14.6,16.2,9,11,0.3333333333333333,0.0,0.6666666666666666,3,0.6,1.6,0.2,1.0,1561.3734103794648,1436.1559838426758,125.21742653678892,1533.688893672364,1489.620734507022,44.06815916534197
E0,2017-04-26,Crystal Palace,Tottenham,A,9,8,10,8,0.4,0.4,1.4,1.2,1.4,1.0,9.6,12.8,2.8,4.4,16.2,10.8,3,11,0.3333333333333333,0.3333333333333333,0.3333333333333333,3,0.6,0.6,1.4,0.4,1454.5207747886957,1555.0830057161036,-100.56223092740812,1481.6421853324407,1576.1328633628923,-94.49067803045182
E0,2017-04-26,Middlesbrough,Sunderland,H,1,3,3,3,0.2,0.2,0.4,2.2,0.8,1.4,8.8,11.0,2.6,3.4,16.0,19.4,4,11,1.0,0.0,0.0,1,0.0,0.6,0.0,0.8,1468.7045530356622,1453.5963033885107,15.108249647151524,1456.870820353408,1454.5246852484654,2.3461351049425048
E0,2017-04-27,Man City,Man United,D,10,13,9,13,0.5,0.8,2.0,0.8,2.4,0.4,16.0,16.8,5.8,7.6,8.4,8.8,12,4,0.6666666666666666,0.3333333333333333,0.0,3,1.0,0.2,1.2,0.2,1541.5173174855556,1565.3008611417672,-23.783543656211577,1548.728012160836,1556.7435987378,-8.01558657696387
E0,2017-04-29,West Brom,Leicester,A,3,4,6,4,0.6,0.1,0.6,1.6,1.4,2.2,10.0,7.8,2.6,3.0,14.0,13.8,13,3,0.6666666666666666,0.3333333333333333,0.0,3,0.2,0.8,0.2,1.0,1507.8094246140986,1433.6542350183413,74.15518959575729,1493.4900451004,1488.3698600948546,5.120185005545409
E0,2017-04-29,Sunderland,Bournemouth,A,3,3,2,3,0.1,0.1,0.8,1.2,0.8,1.8,11.2,7.8,3.6,2.2,17.8,18.2,3,7,1.0,0.0,0.0,1,0.0,0.8,0.2,0.6,1455.45306710842,1472.7963306138092,-17.34326350538913,1451.816923767354,1492.5050158010265,-40.68809203367232
E0,2017-04-29,Stoke,West Ham,D,1,2,9,2,0.4,0.3,0.0,1.8,1.2,2.2,8.8,10.8,2.4,3.6,14.6,14.4,7,7,0.0,0.0,1.0,3,0.0,0.6,0.6,1.6,1519.888552960796,1477.199073606199,42.68947935459733,1490.9220277393465,1473.597588625119,17.324439114227516
E0,2017-04-29,Southampton,Hull,D,9,0,7,0,0.4,0.0,2.4,1.8,0.6,3.0,13.0,9.0,5.8,2.4,13.6,17.0,4,7,0.6666666666666666,0.3333333333333333,0.0,3,1.2,0.8,0.4,2.0,1494.1522207985463,1415.1159205514218,79.03630024712447,1490.3463963605602,1465.4830717421582,24.863324618401975
E0,2017-04-29,Crystal Palace,Burnley,A,9,2,10,2,0.3,0.0,1.4,1.2,0.8,1.6,9.6,10.8,2.8,3.2,16.2,17.6,3,6,0.3333333333333333,0.3333333333333333,0.3333333333333333,3,0.6,0.6,0.4,1.2,1450.1461598312417,1437.335809338177,12.810350493065016,1479.4548778537137,1488.858621903289,-9.40374404957538
E0,2017-04-30,Tottenham,Arsenal,H,10,3,15,3,1.0,0.3,1.2,0.6,1.0,2.6,15.2,10.0,4.8,3.4,8.6,14.6,4,4,0.3333333333333333,0.0,0.6666666666666666,3,1.2,0.0,0.6,1.6,1597.1827210096817,1506.0043769652632,91.17834404441828,1578.3201708416195,1534.9397680845314,43.38040275708818
E0,2017-04-30,Middlesbrough,Man City,D,1,10,5,10,0.2,0.5,0.4,2.2,2.0,0.8,8.8,16.0,2.6,5.8,16.0,8.4,4,3,0.0,0.0,1.0,1,0.0,0.6,1.0,0.2,1474.1200759978851,1555.938706836116,-81.818630838231,1459.5785818345194,1550.0326868840843,-90.454105049565
E0,2017-04-30,Man United,Swansea,D,13,0,9,0,0.5,0.2,2.2,0.2,0.4,1.8,12.4,8.2,6.2,2.2,11.4,14.4,3,8,0.3333333333333333,0.6666666666666666,0.0,3,1.0,0.2,0.2,1.0,1548.1863363338327,1440.2268979063165,107.95943842751626,1555.4389240145515,1465.450869015042,89.98805499950959
E0,2017-04-30,Everton,Chelsea,A,3,10,15,10,0.9,0.6,0.8,1.4,1.6,1.2,7.8,12.4,3.0,3.6,14.4,8.6,8,5,0.0,1.0,0.0,3,0.4,0.8,0.6,0.4,1590.366283027142,1556.4593335087927,33.90694951834939,1538.3425755841502,1577.5022777782403,-39.15970219409019
E0,2017-05-01,Watford,Liverpool,A,3,7,10,7,0.5,0.4,0.4,2.0,1.0,1.4,9.2,16.2,3.0,4.4,15.2,9.8,9,8,0.0,1.0,0.0,1,0.0,1.2,0.8,0.6,1514.07168303985,1505.131939639293,8.939743400556836,1485.9474110008302,1529.0590404589102,-43.11162945807996
E0,2017-05-05,West Ham,Tottenham,H,2,10,5,10,0.4,0.5,1.0,2.0,1.2,0.6,10.6,15.2,4.0,4.8,16.4,8.6,6,5,0.0,0.6666666666666666,0.3333333333333333,3,0.4,1.6,1.2,0.0,1469.996103644039,1559.4576206735574,-89.46151702951829,1474.5658427416838,1579.9648438693584,-105.39900112767464
E0,2017-05-06,Burnley,West Brom,D,5,3,7,3,0.6,0.1,0.8,1.0,0.6,1.6,11.4,10.0,3.0,2.6,16.0,14.0,7,7,0.0,0.6666666666666666,0.3333333333333333,3,0.4,0.8,0.2,0.8,1540.3814344684015,1479.1706655867015,61.210768881700005,1495.7005868393878,1488.551968815484,7.148618023903737
E0,2017-05-06,Swansea,Everton,H,1,3,10,3,0.5,0.2,0.4,1.4,0.8,1.4,10.0,7.8,2.6,3.0,13.6,14.4,6,6,0.0,0.0,1.0,3,0.4,0.6,0.4,0.8,1490.6748401237671,1486.3188681411582,4.355971982608935,1468.6735090772308,1532.1509548783067,-63.47744580107587
E0,2017-05-06,Man City,Crystal Palace,H,8,9,9,9,0.5,0.4,2.0,1.2,1.4,1.2,17.0,9.6,5.6,2.8,10.2,16.2,6,7,0.6666666666666666,0.3333333333333333,0.0,3,1.2,0.4,0.6,0.6,1544.1266669320526,1508.763595876186,35.36307105586661,1546.8137477395944,1472.6129129176152,74.20083482197924
E0,2017-05-06,Bournemouth,Stoke,D,6,1,9,1,0.4,0.1,0.8,1.4,0.0,1.8,8.4,8.8,2.8,2.4,19.0,14.6,7,7,1.0,0.0,0.0,1,0.4,0.6,0.0,0.6,1512.2137009882435,1461.9555025178968,50.25819847034677,1496.822131546293,1489.9537736227817,6.868357923510985
E0,2017-05-06,Leicester,Watford,H,7,3,12,3,0.6,0.1,1.6,1.8,0.4,2.0,7.2,9.2,3.0,3.0,15.0,15.2,7,5,0.0,1.0,0.0,1,0.2,1.0,0.0,1.2,1543.0854851713682,1457.8231389618106,85.26234620955756,1493.3079363797706,1482.314805325163,10.993131054607602
E0,2017-05-06,Hull,Sunderland,A,1,3,13,3,0.6,0.1,0.6,2.6,0.8,1.2,9.0,11.2,1.8,3.6,15.8,17.8,7,7,0.3333333333333333,0.3333333333333333,0.3333333333333333,3,0.4,1.8,0.0,0.8,1515.850222932895,1448.1807804262878,67.66944250660686,1468.0296399474628,1447.4998080220876,20.52983192537522
E0,2017-05-07,Liverpool,Southampton,D,10,9,10,9,0.6,0.4,1.2,1.0,2.4,1.8,14.2,13.0,5.0,5.8,10.2,13.6,6,8,0.6666666666666666,0.0,0.3333333333333333,3,0.8,0.4,1.2,0.8,1552.9861412785274,1486.540571922574,66.44556935595324,1532.6916461345777,1487.7998281552557,44.89181797932224
E0,2017-05-07,Arsenal,Man United,H,3,13,10,13,0.8,0.7,0.8,2.4,2.2,0.2,10.6,12.4,3.2,6.2,16.0,11.4,7,7,0.0,0.3333333333333333,0.6666666666666666,3,0.4,1.6,1.0,0.2,1563.8751592037993,1562.6915116952705,1.1836475085290203,1533.295095056792,1552.2162839523626,-18.92118889557059
E0,2017-05-08,Chelsea,Middlesbrough,H,12,1,12,1,0.9,0.0,2.0,1.0,0.4,2.2,12.0,8.8,4.2,2.6,9.8,16.0,8,8,1.0,0.0,0.0,1,1.2,0.4,0.0,0.6,1598.545222047688,1445.0370876711538,153.50813437653414,1583.6938984840838,1462.7975209790093,120.8963775050745
E0,2017-05-10,Southampton,Arsenal,A,7,3,5,3,0.4,0.2,1.6,1.8,0.8,2.4,10.8,10.6,4.2,3.2,15.8,16.0,3,3,0.3333333333333333,0.6666666666666666,0.0,3,0.8,0.8,0.4,1.6,1489.059084387937,1502.715030909785,-13.655946521847907,1488.6602276995989,1540.3508072693849,-51.690579569786
E0,2017-05-12,West Brom,Chelsea,A,3,12,3,12,0.5,0.6,0.8,1.8,2.0,1.0,9.0,12.0,2.2,4.2,14.6,9.8,6,4,0.3333333333333333,0.6666666666666666,0.0,3,0.6,1.2,1.2,0.4,1497.9332720442667,1568.8425749204796,-70.9093028762129,1490.0729156762795,1585.0216439420703,-94.9487282657908
E0,2017-05-12,Everton,Watford,H,2,0,12,0,0.8,0.1,0.8,1.6,0.0,2.4,8.0,10.0,2.8,3.2,14.4,13.4,6,6,0.0,1.0,0.0,1,0.4,0.8,0.0,1.4,1577.9830416154552,1453.018075512666,124.96496610278928,1528.5646569909245,1479.9122736005909,48.652383390333625
E0,2017-05-13,Sunderland,Swansea,A,3,1,2,1,0.1,0.2,0.4,1.2,0.4,1.4,11.6,10.0,3.2,2.6,16.8,13.6,7,7,0.0,0.3333333333333333,0.6666666666666666,3,0.4,0.8,0.4,0.6,1446.8188356178875,1446.6721780306943,0.1466575871932036,1455.2812897205818,1472.2598069646133,-16.978517244031536
E0,2017-05-13,Middlesbrough,Southampton,A,1,7,5,7,0.2,0.4,0.4,2.6,1.6,1.8,7.0,10.8,2.0,4.2,17.2,15.8,5,3,0.0,1.0,0.0,1,0.0,0.8,0.8,0.8,1480.5579542868647,1488.2613710112607,-7.703416724395993,1461.4697755210227,1482.150798509142,-20.681022988119366
E0,2017-05-13,Bournemouth,Burnley,H,6,5,10,5,0.3,0.1,0.8,1.4,0.8,1.0,8.4,11.4,2.8,3.0,19.0,16.0,7,7,0.0,1.0,0.0,1,0.4,0.6,0.4,0.8,1509.0540559508377,1451.019739210374,58.03431674046374,1495.2423090275895,1494.1796399785926,1.0626690489971224
E0,2017-05-13,Stoke,Arsenal,A,2,6,7,6,0.4,0.3,0.4,1.4,1.0,1.8,10.6,11.4,2.4,3.4,12.8,15.2,7,3,0.3333333333333333,0.6666666666666666,0.0,3,0.2,1.0,0.6,1.4,1517.9520447276664,1515.7338892906985,2.21815543696789,1491.5335961414844,1546.8602364598414,-55.32664031835702
E0,2017-05-13,Man City,Leicester,H,8,7,9,7,0.6,0.2,2.0,1.2,1.6,1.8,17.0,7.2,5.6,3.0,10.2,15.0,7,7,0.6666666666666666,0.3333333333333333,0.0,3,1.2,0.4,0.2,1.0,1554.1302775460176,1443.5303875881732,110.59988995784444,1551.815553046577,1495.710468104343,56.10508494223404
E0,2017-05-14,West Ham,Liverpool,A,2,10,7,10,0.4,0.5,1.0,2.0,1.2,1.0,10.6,14.2,4.0,5.0,16.4,10.2,9,7,0.3333333333333333,0.3333333333333333,0.3333333333333333,3,0.4,1.6,0.8,0.4,1483.213941601992,1512.3971509906278,-29.18320938863576,1481.1747617206602,1531.8312465902343,-50.656484869574115
E0,2017-05-14,Tottenham,Man United,H,9,10,15,10,1.0,0.7,1.2,0.8,1.6,0.6,14.6,11.4,5.2,5.2,10.6,11.0,9,7,0.0,0.6666666666666666,0.3333333333333333,3,1.2,0.2,0.8,0.6,1600.4720670651598,1548.580087270085,51.8919797950748,1573.355924890382,1545.16057173977,28.195353150612164
E0,2017-05-14,Crystal Palace,Hull,H,9,1,7,1,0.3,0.0,1.4,2.0,0.6,2.6,9.4,9.0,3.0,1.8,20.0,15.8,8,8,0.0,0.6666666666666666,0.3333333333333333,3,0.6,1.2,0.4,1.8,1436.4622299590444,1420.2090569620311,16.25317299701328,1467.6111076106326,1460.248158248969,7.3629493616635955
E0,2017-05-15,Chelsea,Watford,H,12,0,12,0,0.9,0.1,1.8,0.8,0.0,2.2,15.0,11.0,4.4,3.0,9.0,12.0,3,3,1.0,0.0,0.0,1,1.2,0.2,0.0,1.4,1601.200712963661,1449.5526609372216,151.64805202643947,1586.984302801912,1478.1795663128682,108.80473648904376
E0,2017-05-16,Arsenal,Sunderland,H,9,3,13,3,0.8,0.2,1.6,1.4,0.4,1.2,11.2,11.6,4.2,3.2,14.8,16.8,3,3,0.6666666666666666,0.0,0.3333333333333333,3,1.2,1.2,0.4,0.8,1577.9865836289846,1463.7437438232755,114.24283980570884,1554.3551629207138,1449.3926067736095,104.96255614710412
E0,2017-05-16,Man City,West Brom,H,8,3,11,3,0.6,0.1,2.0,1.2,0.8,1.8,17.0,9.0,5.6,2.2,10.2,14.6,3,4,1.0,0.0,0.0,3,1.2,0.4,0.6,1.2,1555.1057410255094,1482.2125593082922,72.8931817172172,1552.3032847863228,1488.110256816438,64.19302796988495
E0,2017-05-17,Southampton,Man United,D,7,7,5,7,0.3,0.6,1.2,1.4,1.2,0.8,9.6,10.2,2.8,4.4,15.4,11.8,4,3,0.3333333333333333,0.6666666666666666,0.0,3,0.6,0.6,0.6,0.6,1476.0402260070234,1542.982151252537,-66.94192524551363,1485.3496839434688,1542.361603730996,-57.01191978752718
E0,2017-05-18,Leicester,Tottenham,A,4,9,15,9,0.7,0.5,1.2,1.8,1.2,0.8,6.8,14.6,2.8,5.2,14.4,10.6,5,4,0.0,0.6666666666666666,0.3333333333333333,3,0.2,0.8,1.2,0.2,1547.8905486205128,1546.2397827156044,1.6507659049084396,1495.222736364597,1576.154892899156,-80.932156534559
E0,2017-05-21,Chelsea,Sunderland,H,12,3,12,3,0.9,0.2,1.8,0.8,0.4,1.2,15.0,10.8,4.4,3.4,9.0,20.0,6,5,0.6666666666666666,0.0,0.3333333333333333,3,1.2,0.2,0.4,1.0,1602.234413751197,1458.555642430289,143.67877132090803,1587.50115319568,1446.7985560771162,140.70259711856374
E0,2017-05-21,Hull,Tottenham,A,1,12,12,12,0.6,0.6,0.4,2.8,2.4,0.6,8.8,18.4,1.0,7.2,14.8,9.6,7,3,0.0,1.0,0.0,3,0.4,1.8,2.0,0.4,1500.2872595359067,1559.2839156166146,-58.99665608070791,1452.594981571871,1582.676959349661,-130.08197777779014
E0,2017-05-21,Leicester,Bournemouth,D,4,6,12,6,0.6,0.2,1.2,1.8,0.8,1.4,6.8,8.4,2.8,2.8,14.4,19.0,3,8,0.0,1.0,0.0,1,0.2,0.8,0.4,0.6,1534.8464157195026,1481.4305621043418,53.41585361516081,1488.700669914092,1498.3204056387494,-9.619735724657405
E0,2017-05-21,Liverpool,Middlesbrough,H,13,1,8,1,0.5,0.0,1.8,0.4,0.4,2.6,16.0,7.0,5.8,2.0,9.6,17.2,7,8,1.0,0.0,0.0,1,1.2,0.2,0.0,0.8,1551.2653421898408,1442.381596755181,108.88374543466011,1537.1068026276098,1458.270890086696,78.8359125409138
E0,2017-05-21,Man United,Crystal Palace,H,5,9,7,9,0.4,0.4,0.6,0.8,1.4,2.0,8.8,9.4,2.8,3.0,13.4,20.0,4,7,1.0,0.0,0.0,3,0.2,0.6,0.6,1.2,1541.7410562094549,1498.7599852622209,42.981070947234,1540.0382037046263,1475.2642842877306,64.77391941689598
E0,2017-05-21,Southampton,Stoke,A,7,2,5,2,0.2,0.1,1.2,1.4,0.4,1.4,9.6,10.6,2.8,2.4,15.4,12.8,4,8,0.3333333333333333,0.3333333333333333,0.3333333333333333,3,0.6,0.6,0.2,1.0,1480.6870260597625,1465.1151475553029,15.571878504459846,1487.6730839698384,1484.0386696806122,3.6344142892262425
E0,2017-05-21,Watford,Man City,A,0,8,9,8,0.4,0.5,0.6,2.8,2.0,1.2,11.6,17.0,3.2,5.6,15.4,10.2,6,5,0.0,1.0,0.0,1,0.4,1.6,1.2,0.4,1506.806471688515,1549.5008285471365,-42.69435685862141,1477.6627159191005,1554.7126692340305,-77.04995331493024
E0,2017-05-21,Swansea,West Brom,H,4,2,10,2,0.5,0.1,0.6,1.0,0.6,2.0,8.4,8.4,2.6,2.0,13.2,15.6,8,5,0.3333333333333333,0.6666666666666666,0.0,3,0.2,0.2,0.6,1.0,1497.847435898532,1477.393790412877,20.453645485654988,1478.148489911585,1485.7008723687302,-7.552382457145086
E0,2017-05-21,Arsenal,Everton,H,9,2,13,2,0.8,0.2,1.6,1.4,0.8,1.6,11.2,8.0,4.2,2.8,14.8,14.4,5,9,0.3333333333333333,0.3333333333333333,0.3333333333333333,3,1.2,1.2,0.4,0.8,1583.1746850219713,1479.1462723663933,104.028412655578,1556.949213617207,1530.2973642786465,26.651849338560623
E0,2017-05-21,Burnley,West Ham,A,5,2,5,2,0.6,0.3,0.8,1.0,1.0,2.0,12.0,10.6,3.4,4.0,17.6,16.4,8,7,0.0,1.0,0.0,3,0.6,0.8,0.4,1.6,1537.3395407468113,1479.1355818393283,58.20395890748296,1491.101543367433,1475.899205683285,15.202337684148231
E0,2017-08-11,Arsenal,Leicester,H,9,4,15,4,0.8,0.2,1.6,1.4,1.2,1.8,11.2,6.8,4.2,2.8,14.8,14.4,82,82,0.5,0.0,0.5,4,1.2,1.2,0.2,0.8,1557.7280086775963,1461.5117991528166,96.21620952477974,1539.1564579799665,1491.45622078627,47.700237193696466
E0,2017-08-11,Arsenal,Leicester,H,9,4,15,4,0.8,0.2,1.6,1.4,1.4,1.8,11.2,6.8,4.2,2.6,14.8,17.4,0,0,0.6,0.0,0.4,5,1.2,1.2,0.4,1.0,1561.020695240477,1458.219112589936,102.80158265054092,1540.8028012614068,1489.8098775048295,50.992923756577056
E0,2017-08-12,West Brom,Bournemouth,H,2,6,3,6,0.5,0.2,0.8,1.8,0.8,1.4,10.6,9.8,2.6,3.4,14.8,19.2,83,83,0.5,0.5,0.0,2,0.6,1.2,0.4,0.8,1495.9853293974709,1489.5049327222523,6.480396675218344,1489.039749772798,1499.8478998341338,-10.80815006133571
E0,2017-08-12,Watford,Liverpool,D,0,13,9,13,0.4,0.5,0.6,2.8,1.8,0.4,11.6,16.0,3.2,5.8,15.4,9.6,83,83,0.0,1.0,0.0,2,0.4,1.6,1.2,0.2,1498.2337248086935,1515.375336253804,-17.141611445110357,1481.8707140544916,1525.536553081024,-43.66583902653247
E0,2017-08-12,Southampton,Swansea,D,7,4,2,4,0.2,0.3,1.2,1.4,0.6,1.0,9.6,8.4,2.8,2.6,15.4,13.2,83,83,0.5,0.5,0.0,4,0.6,0.6,0.2,0.2,1481.6337597585218,1472.1611944295075,9.472565329014287,1489.0276924090322,1486.739322955013,2.2883694540191755
E0,2017-08-12,Everton,Stoke,H,2,4,12,4,0.9,0.2,0.6,1.6,0.6,1.4,10.8,12.4,3.4,2.6,13.8,13.2,83,83,0.25,0.5,0.25,4,0.2,0.6,0.4,1.0,1554.570465647903,1482.0536965635715,72.51676908433092,1519.2987492102552,1492.0191825367697,27.279566673485533
E0,2017-08-12,Crystal Palace,Huddersfield,A,6,0,7,0,0.4,0.5,1.0,2.4,,,8.6,,2.4,,19.6,,83,7,0.5,0.5,0.0,0,0.2,1.2,,,1467.684950819871,1500.0,-32.31504918012911,1480.7767401913034,1500.0,-19.22325980869664
E0,2017-08-12,Chelsea,Burnley,A,12,5,15,5,0.9,0.1,1.8,0.8,0.8,1.0,15.0,12.0,4.4,3.4,9.0,17.6,83,83,0.5,0.0,0.5,4,1.2,0.2,0.6,0.8,1569.3319096349696,1463.0585758119964,106.2733338229732,1559.0431988519397,1489.841598002418,69.20160084952158
E0,2017-08-12,Brighton,Man City,A,0,8,0,8,0.5,0.5,,,2.6,1.2,,17.2,,6.0,,9.2,7,83,0.5,0.5,0.0,0,,,1.2,0.4,1500.0,1539.492166349193,-39.492166349192985,1500.0,1539.8207939981062,-39.82079399810618
E0,2017-08-12,Brighton,Man City,A,0,10,0,10,0.0,0.6,0.0,2.0,2.6,0.8,6.0,17.2,2.0,5.8,14.0,8.8,0,0,0.0,1.0,0.0,1,0.0,2.0,1.6,0.2,1490.2615134572134,1549.2306528919796,-58.96913943476625,1495.130756728607,1544.6900372694995,-49.559280540892814
E0,2017-08-12,Chelsea,Burnley,A,12,7,12,7,0.8,0.2,1.8,0.8,1.4,1.4,15.0,10.6,4.4,3.8,9.0,18.6,0,0,0.4,0.2,0.4,5,1.2,0.2,0.6,1.2,1555.2232486021342,1477.167236844832,78.05601175730226,1551.9888683355216,1496.8959285188355,55.092939816685885
E0,2017-08-12,Crystal Palace,Huddersfield,A,6,3,4,3,0.4,1.0,1.0,2.4,3.0,0.0,8.6,8.0,2.4,6.0,19.6,14.0,0,0,0.0,1.0,0.0,1,0.2,1.2,1.0,0.0,1453.7234863703102,1513.9614644495607,-60.23797807925053,1473.796007966523,1506.9807322247802,-33.18472425825735
E0,2017-08-12,Everton,Stoke,H,2,4,12,4,0.9,0.2,0.6,1.6,0.6,1.2,10.8,12.2,3.4,2.4,13.8,10.4,0,0,0.4,0.4,0.2,5,0.2,0.6,0.4,0.8,1560.5248657791376,1476.0992964323368,84.42556934680078,1522.2759492758728,1489.041982471152,33.233966804720694
E0,2017-08-12,Southampton,Swansea,D,7,5,3,5,0.2,0.2,1.2,1.4,0.6,0.6,9.6,7.2,2.8,2.4,15.4,16.6,0,0,0.4,0.4,0.2,5,0.6,0.6,0.2,0.0,1482.7946489525411,1471.0003052354882,11.794343717052923,1489.608137006042,1486.1588783580032,3.4492586480387217
E0,2017-08-12,West Brom,Bournemouth,H,2,5,3,5,0.5,0.1,0.8,1.8,0.8,1.6,10.6,9.2,2.6,3.2,14.8,19.6,0,0,0.6666666666666666,0.3333333333333333,0.0,3,0.6,1.2,0.4,0.8,1503.3475911559713,1482.1426709637522,21.204920192219102,1492.7208806520484,1496.1667689548835,-3.445888302835101
E0,2017-08-12,Watford,Liverpool,D,0,13,7,13,0.4,0.4,0.6,2.8,2.2,0.8,11.6,16.2,3.2,6.0,15.4,8.8,0,0,0.0,0.6666666666666666,0.3333333333333333,3,0.4,1.6,1.4,0.2,1501.5781655484127,1512.0308955140847,-10.452729965672006,1483.5429344243512,1523.8643327111645,-40.32139828681329
E0,2017-08-13,Man United,West Ham,H,5,5,9,5,0.4,0.3,0.6,0.8,1.0,1.6,8.8,10.4,2.8,3.4,13.4,14.0,84,84,0.5,0.0,0.5,4,0.2,0.6,0.4,1.2,1533.2671682232872,1494.4137119398742,38.853456283412925,1529.475926763576,1488.0489038615628,41.42702290201305
E0,2017-08-13,Man United,West Ham,H,5,5,11,5,0.4,0.3,0.6,0.8,0.8,2.0,8.8,9.8,2.8,2.8,13.4,17.0,0,0,0.6,0.0,0.4,5,0.2,0.6,0.4,1.4,1546.572328499187,1481.1085516639744,65.46377683521268,1536.1285069015255,1481.396323723613,54.7321831779127
E0,2017-08-13,Newcastle,Tottenham,A,0,12,4,12,0.2,0.6,0.2,2.2,3.4,0.8,13.2,18.4,3.8,8.6,14.4,9.0,812,84,0.5,0.5,0.0,2,0.0,1.2,2.4,0.6,1491.1166829859048,1544.5232452663122,-53.40656228040734,1481.2959289006944,1557.7950736658631,-76.4991447651687
E0,2017-08-13,Newcastle,Tottenham,A,0,12,4,12,0.2,0.6,0.2,2.2,3.2,0.6,13.2,18.4,3.8,8.2,14.4,9.4,0,0,0.3333333333333333,0.6666666666666666,0.0,3,0.0,1.2,2.2,0.6,1487.4102001306635,1548.2297281215535,-60.81952799089004,1479.442687473074,1559.6483150934837,-80.20562762040981
E0,2017-08-19,Swansea,Man United,A,6,5,10,5,0.6,0.5,0.6,0.4,0.6,0.8,7.2,8.8,2.2,2.8,19.6,13.4,7,6,0.5,0.25,0.25,4,0.2,0.0,0.2,0.6,1501.3174514805185,1525.6846853038646,-24.36723382334617,1485.956053843066,1541.226512998372,-55.27045915530607
E0,2017-08-19,Liverpool,Crystal Palace,H,11,6,8,6,0.5,0.4,2.4,1.2,1.0,2.4,16.2,8.6,6.2,2.4,8.8,19.6,7,7,0.25,0.75,0.0,4,1.4,0.4,0.2,1.2,1535.6977699082445,1493.8685295627356,41.82924034550865,1522.2374261287491,1469.0738797262788,53.163546402470274
E0,2017-08-19,Stoke,Arsenal,H,4,9,4,9,0.4,0.4,0.6,1.2,1.6,1.4,11.0,11.2,2.2,4.2,10.8,14.8,7,8,0.25,0.75,0.0,4,0.4,0.6,1.2,1.2,1501.9846685099676,1520.5849072823369,-18.600238772369263,1486.0750676023376,1542.1806680816735,-56.10560047933609
E0,2017-08-19,Burnley,West Brom,A,9,2,4,2,0.5,0.1,2.0,1.8,0.8,1.8,11.2,10.6,4.4,2.6,20.0,14.8,7,7,0.0,0.5,0.5,4,0.6,1.6,0.6,1.2,1516.6246201928393,1482.0941701481256,34.53045004471369,1503.65254659717,1495.9417168229766,7.710829774193371
E0,2017-08-19,Leicester,Brighton,H,3,0,10,0,0.6,0.5,1.6,2.2,0.0,2.0,6.8,6.0,2.8,2.0,19.8,14.0,8,7,0.5,0.5,0.0,0,0.4,1.0,0.0,2.0,1521.4006424197232,1500.0,21.400642419723223,1488.4320106845628,1493.08232567166,-4.65031498709709
E0,2017-08-19,Bournemouth,Watford,A,4,0,10,0,0.4,0.1,0.4,1.4,0.6,2.8,9.6,11.6,3.2,3.2,18.8,15.4,7,7,0.0,0.0,1.0,2,0.2,0.6,0.4,1.6,1510.1908669460151,1465.5077033002894,44.6831636457257,1492.9459327839554,1485.1698410067663,7.776091777188867
E0,2017-08-19,Burnley,West Brom,A,9,4,4,4,0.4,0.1,2.0,1.8,1.0,1.8,11.2,11.6,4.4,2.6,20.0,15.2,0,0,0.0,0.6,0.4,5,0.6,1.6,0.8,1.2,1504.3173024380358,1494.4014879029291,9.91581453510662,1497.498887719768,1502.0953757003786,-4.596487980610618
E0,2017-08-19,Liverpool,Crystal Palace,H,11,3,8,3,0.6,0.4,2.4,1.2,0.6,2.4,16.2,7.8,6.2,2.0,8.8,19.4,0,0,0.4,0.6,0.0,5,1.4,0.4,0.2,1.4,1539.5069458668445,1490.0593536041356,49.44759226270867,1524.1420141080491,1467.1692917469786,56.97272236107051
E0,2017-08-19,Leicester,Brighton,H,3,0,10,0,0.6,0.0,1.6,2.2,0.0,2.0,6.8,5.666666666666667,2.8,2.0,19.8,14.0,0,0,1.0,0.0,0.0,1,0.4,1.0,0.0,1.6666666666666667,1532.097502649669,1489.3031397700545,42.79436287961471,1493.7804407995357,1487.733895556687,6.0465452428486515
E0,2017-08-19,Stoke,Arsenal,H,4,9,7,9,0.4,0.4,0.6,1.2,1.6,1.0,11.0,12.6,2.2,4.8,10.8,13.6,0,0,0.4,0.6,0.0,5,0.4,0.6,1.2,1.0,1509.0683595390044,1513.5012162533,-4.432856714295667,1489.6169131168565,1538.638822567155,-49.02190945029906
E0,2017-08-19,Southampton,West Ham,H,7,5,3,5,0.1,0.2,1.2,1.4,0.8,2.2,9.6,10.2,2.8,2.6,15.4,17.2,7,6,0.5,0.25,0.25,4,0.6,0.6,0.4,1.4,1483.2002979824158,1470.912539470282,12.287758512133903,1489.8109615209792,1476.298317626767,13.512643894212488
E0,2017-08-19,Bournemouth,Watford,A,4,3,7,3,0.4,0.2,0.4,1.4,1.0,2.0,9.6,13.8,3.2,4.2,18.8,12.8,0,0,0.0,0.3333333333333333,0.6666666666666666,3,0.2,0.6,0.8,1.4,1493.5411101681616,1482.157460078143,11.383650090018593,1484.6210543950288,1493.4947193956932,-8.87366500066446
E0,2017-08-19,Southampton,West Ham,H,7,4,6,4,0.2,0.1,1.2,1.4,0.8,2.4,9.6,12.0,2.8,3.6,15.4,17.2,0,0,0.6,0.2,0.2,5,0.6,0.6,0.4,1.4,1488.3403022178936,1465.772535234804,22.56776698308954,1492.3809636387182,1473.7283155090277,18.652648129690533
E0,2017-08-19,Swansea,Man United,A,6,5,9,5,0.6,0.5,0.6,0.4,1.0,0.8,7.2,9.8,2.2,3.2,19.6,13.0,0,0,0.4,0.4,0.2,5,0.2,0.0,0.8,0.6,1486.5516529044403,1540.4504838799428,-53.898830975502506,1478.573154555027,1548.609412286411,-70.03625773138401
E0,2017-08-20,Huddersfield,Newcastle,H,6,0,0,0,0.5,0.1,3.0,0.0,0.2,2.2,8.0,13.2,6.0,3.8,14.0,14.4,8,7,0.5,0.5,0.0,0,1.0,0.0,0.0,1.2,1500.0,1471.4751748154845,28.52482518451575,1511.7028604650243,1477.0007442097362,34.702116255288274
E0,2017-08-20,Huddersfield,Newcastle,H,9,0,3,0,1.0,0.1,2.3333333333333335,0.0,0.2,1.8,7.666666666666667,13.4,5.0,4.0,13.666666666666666,12.8,0,0,1.0,0.0,0.0,1,1.0,0.0,0.0,1.0,1504.7299266516754,1466.7452481638088,37.98467848786663,1514.0678237908623,1474.6357808838984,39.43204290696394
E0,2017-08-20,Tottenham,Chelsea,A,12,12,15,12,1.0,0.6,3.4,0.6,1.8,0.8,18.4,15.0,8.6,4.4,9.4,9.0,7,8,0.5,0.5,0.0,4,2.4,0.6,1.2,0.2,1571.066902065414,1548.7544880689093,22.3124139965048,1562.090258356821,1545.2322502571874,16.858008099633935
E0,2017-08-20,Tottenham,Chelsea,A,12,12,12,12,0.9,0.7,3.4,0.6,1.8,0.8,18.4,12.8,8.6,3.4,9.4,11.6,0,0,0.4,0.6,0.0,5,2.4,0.6,1.2,0.4,1562.5171204522103,1557.304269682113,5.212850770097248,1557.8153675502194,1549.5071410637893,8.308226486430158
E0,2017-08-21,Man City,Everton,D,13,2,13,2,0.6,0.1,2.8,0.4,0.6,1.6,16.6,10.8,5.2,3.4,8.0,13.8,9,9,0.25,0.25,0.5,4,2.0,0.2,0.2,0.6,1540.1494216470194,1484.027032772608,56.1223888744114,1546.7384683264463,1525.2428641446872,21.495604181759063
E0,2017-08-21,Man City,Everton,D,13,3,11,3,0.5,0.1,2.8,0.4,0.6,1.2,16.6,10.4,5.2,3.0,8.0,15.6,0,0,0.2,0.2,0.6,5,2.0,0.2,0.2,0.6,1535.4305087031585,1488.745945716469,46.68456298668957,1544.379011854516,1527.6023206166178,16.77669123789815
E0,2017-08-26,Newcastle,West Ham,H,0,3,4,3,0.2,0.1,0.2,1.8,1.2,3.0,14.0,12.8,4.8,4.4,11.0,16.2,6,7,0.5,0.5,0.0,2,0.0,1.2,0.6,1.6,1482.5263136039882,1460.880230069726,21.64608353426229,1472.4585956426167,1471.2821629264886,1.1764327161281471
E0,2017-08-26,Watford,Brighton,D,6,0,5,0,0.4,0.0,1.4,1.6,0.0,2.0,15.0,5.5,5.2,2.0,12.4,14.0,7,7,0.5,0.5,0.0,0,1.2,1.0,0.0,1.5,1504.8319787132434,1480.0282146261934,24.803764087050013,1499.7743002763077,1483.0964329847566,16.67786729155091
E0,2017-08-26,Newcastle,West Ham,H,0,0,7,0,0.3,0.1,0.2,1.8,0.8,3.4,14.0,11.6,4.8,4.2,11.0,17.6,0,0,0.6666666666666666,0.3333333333333333,0.0,3,0.0,1.2,0.4,2.0,1493.4618088818777,1449.9447347918365,43.517074090041206,1477.9263432815617,1465.814415287544,12.111927994017606
E0,2017-08-26,Man United,Leicester,H,7,3,13,3,0.5,0.2,1.8,0.8,1.6,2.2,12.6,6.8,4.6,2.8,10.4,19.8,7,7,0.75,0.25,0.0,4,1.4,0.6,0.4,1.0,1556.7683406928795,1455.4633789494023,101.30496174347718,1554.6273344189676,1498.417903371466,56.20943104750154
E0,2017-08-26,Bournemouth,Man City,A,4,13,7,13,0.4,0.7,0.4,1.4,2.8,0.4,9.6,16.6,3.2,5.2,18.8,8.0,7,5,0.0,1.0,0.0,2,0.2,0.6,2.0,0.2,1480.981948406933,1553.3275150058737,-72.34556659894042,1478.3414735144142,1542.071504824538,-63.73003131012365
E0,2017-08-26,Huddersfield,Southampton,D,12,7,6,7,1.0,0.4,2.0,0.0,1.2,1.4,7.5,9.6,4.5,2.8,13.5,15.4,6,7,0.5,0.5,0.0,0,1.0,0.0,0.6,0.6,1509.084297134239,1496.4216250595427,12.662672074696276,1516.245009032144,1494.8271162212573,21.41789281088677
E0,2017-08-26,Crystal Palace,Swansea,A,3,6,3,6,0.4,0.1,0.4,2.0,0.6,0.4,5.2,7.2,1.6,2.2,19.0,19.6,7,7,0.25,0.5,0.25,4,0.2,1.2,0.2,0.0,1444.279229889822,1470.5946562056135,-26.315426315791683,1465.531491366891,1472.5552324224705,-7.023741055579421
E0,2017-08-26,Bournemouth,Man City,A,4,13,4,13,0.4,0.7,0.4,1.4,2.6,0.6,9.6,16.8,3.2,5.8,18.8,8.2,0,0,0.0,1.0,0.0,3,0.2,0.6,1.6,0.2,1478.3919617104712,1555.9175017023354,-77.5255399918642,1477.0464801661833,1543.3664981727688,-66.32001800658554
E0,2017-08-26,Man United,Leicester,H,7,3,13,3,0.6,0.2,1.8,0.8,1.6,2.4,12.6,7.6,4.6,3.0,10.4,21.8,0,0,0.8,0.2,0.0,5,1.4,0.6,0.4,1.2,1558.7243095213494,1453.5074101209325,105.21689940041688,1555.6053188332023,1497.4399189572312,58.16539987597139
E0,2017-08-26,Crystal Palace,Swansea,A,3,9,3,9,0.4,0.2,0.4,2.0,1.0,0.2,5.2,6.0,1.6,2.0,19.0,19.8,0,0,0.2,0.6,0.2,5,0.2,1.2,0.4,0.0,1434.7721471906932,1480.1017389047422,-45.329591714049,1460.7779500173267,1477.3087737720348,-16.53082375470808
E0,2017-08-26,Huddersfield,Southampton,D,13,8,7,8,0.6666666666666666,0.4,1.6,0.0,1.0,1.0,9.2,9.2,4.8,2.8,12.0,16.2,0,0,0.0,0.0,1.0,1,0.8,0.0,0.4,0.6,1507.920592729859,1497.5853294639228,10.335263265936192,1515.663156829954,1495.4089684234473,20.254188406506728
E0,2017-08-26,Watford,Brighton,D,6,1,3,1,0.3,0.0,1.4,1.6,0.0,1.6,15.0,7.6,5.2,2.0,12.4,12.8,0,0,0.0,0.0,1.0,1,1.2,1.0,0.0,1.2,1497.9516122620314,1486.9085810774054,11.043031184625988,1496.3341170507017,1486.5366162103624,9.797500840339126
E0,2017-08-27,Liverpool,Arsenal,H,11,6,10,6,0.7,0.3,2.4,1.2,1.2,1.0,16.2,13.8,6.2,5.2,8.8,13.2,8,8,0.5,0.25,0.25,4,1.4,0.4,1.0,1.0,1542.7825466270197,1506.5214351106526,36.26111151636701,1525.7798144881367,1535.1489319958316,-9.36911750769491
E0,2017-08-27,Liverpool,Arsenal,H,11,6,13,6,0.7,0.3,2.4,1.2,1.2,1.4,16.2,13.0,6.2,4.4,8.8,12.8,0,0,0.6,0.2,0.2,5,1.4,0.4,1.0,1.0,1554.0547763240747,1495.2492054135976,58.80557091047717,1531.4159293366642,1529.512817147304,1.903112189360172
E0,2017-08-27,West Brom,Stoke,D,7,4,6,4,0.5,0.1,1.2,1.4,0.6,1.2,9.6,11.0,2.4,2.2,17.4,10.8,8,8,0.5,0.25,0.25,4,1.0,1.0,0.4,0.6,1509.7892634978275,1470.165466694708,39.62379680311983,1507.5521258891763,1493.1068036881798,14.445322200996545
E0,2017-08-27,Tottenham,Burnley,D,12,9,9,9,0.8,0.3,3.4,0.6,2.0,1.8,18.4,11.2,8.6,4.4,9.4,20.0,7,8,0.75,0.0,0.25,4,2.4,0.6,0.6,1.6,1553.834951940239,1490.6804730015003,63.15447893873875,1553.4742832942338,1492.0421375309702,61.432145763263634
E0,2017-08-27,Chelsea,Everton,H,12,3,9,3,0.7,0.0,1.6,0.8,0.6,1.2,11.6,9.6,2.8,2.6,12.8,15.8,7,6,1.0,0.0,0.0,4,1.2,0.6,0.2,0.6,1541.7100124454655,1493.360959776425,48.3490526690407,1553.8482253197749,1529.9098276465957,23.938397673179225
E0,2017-08-27,Tottenham,Burnley,D,12,10,7,10,0.7,0.3,3.4,0.6,2.0,1.4,18.4,11.2,8.6,3.8,9.4,19.8,0,0,0.6,0.0,0.4,5,2.4,0.6,0.6,1.2,1548.2789092305582,1496.2365157111813,52.0423935193769,1550.6962619393937,1494.8201588858108,55.87610305358271
E0,2017-08-27,West Brom,Stoke,D,7,5,7,5,0.4,0.1,1.2,1.4,0.8,1.0,9.6,12.4,2.4,2.0,17.4,10.8,0,0,0.4,0.2,0.4,5,1.0,1.0,0.6,0.6,1508.4218606092436,1471.532869583292,36.888991025951555,1506.868424444884,1493.790505132472,13.077919312412178
E0,2017-08-27,Chelsea,Everton,H,12,2,9,2,0.7,0.0,1.6,0.8,0.6,1.6,11.6,10.2,2.8,2.6,12.8,16.4,0,0,1.0,0.0,0.0,5,1.2,0.6,0.2,0.6,1549.8302116460936,1485.2407605757971,64.58945107029649,1557.908324920089,1525.8497280462818,32.05859687380712
E0,2017-09-09,Brighton,West Brom,H,2,7,0,7,0.0,0.2,0.0,1.2,1.2,1.4,9.6,9.6,2.0,2.4,11.6,17.4,14,13,0.5,0.5,0.0,0,0.0,0.8,1.0,1.0,1486.1646513433195,1505.3149882805246,-19.15033693720511,1489.4033495869303,1506.4453882668572,-17.042038679926918
E0,2017-09-09,Stoke,Man United,D,5,7,10,7,0.5,0.6,0.6,0.8,1.8,0.8,12.8,12.6,1.8,4.6,10.4,10.4,13,14,0.0,0.25,0.75,4,0.6,0.4,1.4,0.6,1516.0481406816518,1552.4863281450555,-36.438187463403665,1494.2135413104988,1556.4300691506764,-62.216527840177605
E0,2017-09-09,Southampton,Watford,A,6,6,8,6,0.3,0.3,0.8,1.0,1.4,1.6,8.4,15.0,2.8,5.2,16.0,12.4,14,14,0.5,0.0,0.5,2,0.4,0.6,1.2,1.0,1493.2326073829718,1494.7166218393716,-1.484014456399791,1496.3023284496117,1493.4673836741335,2.8349447754781067
E0,2017-09-09,Man City,Liverpool,H,15,11,11,11,0.5,0.4,2.6,0.4,2.4,1.2,16.2,16.2,6.6,6.2,7.2,8.8,14,13,0.25,0.5,0.25,4,1.4,0.0,1.4,0.4,1530.8154946432023,1508.777082349254,22.03841229394834,1544.6016801479318,1536.251454339104,8.350225808827872
E0,2017-09-09,Leicester,Chelsea,A,0,12,10,12,0.7,0.7,1.4,2.8,1.6,0.8,8.6,11.6,3.6,2.8,23.0,12.8,14,13,0.0,1.0,0.0,4,0.4,1.6,1.2,0.6,1541.3724277935298,1565.9864381940845,-24.61401040055443,1496.615168639757,1561.48386043481,-64.86869179505288
E0,2017-09-09,Everton,Tottenham,A,2,12,12,12,0.9,0.7,0.6,1.8,3.4,0.6,10.0,18.4,2.2,8.6,18.2,9.4,13,13,0.0,0.75,0.25,4,0.2,0.6,2.4,0.6,1566.4586955167665,1553.1136146482288,13.345080868537709,1522.2741925315609,1548.133687192931,-25.85949466136981
E0,2017-09-09,Arsenal,Bournemouth,H,3,4,15,4,0.8,0.1,0.8,2.2,0.4,1.4,12.4,9.6,3.6,3.2,13.6,18.8,13,14,0.5,0.0,0.5,2,0.6,1.4,0.2,0.6,1563.7764288810106,1475.7009986218957,88.07543025911491,1524.6772921448644,1475.8112981910203,48.865993953844054
E0,2017-09-09,Arsenal,Bournemouth,H,3,4,15,4,0.9,0.1,0.8,2.2,0.4,1.2,12.4,10.0,3.6,3.4,13.6,17.4,0,0,0.6666666666666666,0.0,0.3333333333333333,3,0.6,1.4,0.2,0.4,1570.561437384577,1468.915990118329,101.64544726624764,1528.0697963966477,1472.4187939392373,55.651002457410414
E0,2017-09-09,Everton,Tottenham,A,2,15,9,15,0.8,0.8,0.6,1.8,4.0,0.4,10.0,19.2,2.2,8.8,18.2,9.2,0,0,0.0,0.8,0.2,5,0.2,0.6,2.6,0.4,1555.9420296299943,1563.6302805350008,-7.688250905006271,1517.0158595881749,1553.392020136317,-36.3761605481418
E0,2017-09-09,Leicester,Chelsea,A,0,15,7,15,0.7,0.8,1.4,2.8,2.0,0.6,8.6,13.8,3.6,4.0,23.0,12.6,0,0,0.0,1.0,0.0,5,0.4,1.6,1.4,0.6,1536.7896846911146,1570.5691812964994,-33.77949660538479,1494.323797088549,1563.7752319860174,-69.45143489746806
E0,2017-09-09,Man City,Liverpool,H,15,8,11,8,0.5,0.4,2.6,0.4,2.2,2.2,16.2,15.2,6.6,6.4,7.2,10.0,0,0,0.4,0.4,0.2,5,1.4,0.0,1.4,1.0,1542.845788792337,1496.7467882001192,46.09900059221786,1550.6168272224993,1530.236307264537,20.380519957962633
E0,2017-09-09,Southampton,Watford,A,6,9,8,9,0.2,0.3,0.8,1.0,1.8,1.0,8.4,14.6,2.8,4.4,16.0,12.0,0,0,0.3333333333333333,0.3333333333333333,0.3333333333333333,3,0.4,0.6,1.4,0.6,1481.8932198476384,1506.056009374705,-24.16278952706648,1490.6326346819449,1499.1370774418003,-8.504442759855465
E0,2017-09-09,Stoke,Man United,D,5,8,8,8,0.5,0.5,0.6,0.8,2.2,0.8,12.8,14.2,1.8,5.4,10.4,10.6,0,0,0.0,0.2,0.8,5,0.6,0.4,1.6,0.4,1516.603196709827,1551.9312721168803,-35.32807540705335,1494.4910693245863,1556.152541136589,-61.661471812002674
E0,2017-09-09,Brighton,West Brom,H,5,6,3,6,0.3333333333333333,0.2,0.6,1.0,1.0,1.6,10.8,9.8,2.8,2.4,11.2,17.0,0,0,1.0,0.0,0.0,1,0.4,0.6,0.8,1.0,1498.305901770463,1493.1737378533812,5.132163917081698,1495.473974800502,1500.3747630532855,-4.900788252783741
E0,2017-09-10,Swansea,Newcastle,A,11,0,9,0,0.6,0.1,1.2,0.0,0.2,1.8,5.0,14.0,1.8,4.8,20.6,11.0,15,15,0.5,0.0,0.5,2,0.4,0.0,0.0,1.2,1474.5158086393276,1462.3908776812452,12.12493095808236,1481.3422854570208,1481.949376817156,-0.6070913601352004
E0,2017-09-10,Swansea,Newcastle,A,11,3,6,3,0.5,0.1,1.2,0.0,0.4,1.4,5.0,15.2,1.8,5.8,20.6,10.2,0,0,0.3333333333333333,0.3333333333333333,0.3333333333333333,3,0.4,0.0,0.2,1.0,1466.7073291271704,1470.1993571934024,-3.492028066232024,1477.4380457009422,1485.8536165732348,-8.41557087229262
E0,2017-09-10,Burnley,Crystal Palace,H,8,3,1,3,0.3,0.4,1.8,1.6,0.4,2.0,12.0,5.2,3.8,1.6,22.4,19.0,14,15,0.5,0.25,0.25,4,0.6,1.4,0.2,1.2,1493.4038020604405,1486.7837528439602,6.6200492164800835,1497.3827336322736,1456.744438332341,40.63829529993268
E0,2017-09-10,Burnley,Crystal Palace,H,8,0,4,0,0.3,0.3,1.8,1.6,0.0,2.0,12.0,8.4,3.8,2.0,22.4,17.0,0,0,0.6,0.2,0.2,5,0.6,1.4,0.0,1.2,1497.4833107809382,1482.7042441234623,14.779066657475823,1499.4224879925223,1454.704683972092,44.71780402043055
E0,2017-09-11,West Ham,Huddersfield,H,0,11,7,6,0.3,1.0,0.8,3.2,1.4,0.0,11.4,11.0,4.6,5.4,16.4,10.6,16,16,0.5,0.5,0.0,0,0.4,1.8,0.6,0.0,1481.6840957832517,1523.405720930049,-41.72162514679758,1461.7913817519493,1514.7697968037896,-52.97841505184033
E0,2017-09-11,West Ham,Huddersfield,H,0,8,10,6,0.4,0.6666666666666666,0.8,3.2,1.2,0.4,11.4,11.6,4.6,5.2,16.4,11.8,0,0,1.0,0.0,0.0,1,0.4,1.8,0.4,0.4,1499.027140950033,1506.0626757632674,-7.035534813234335,1470.4629043353402,1506.098274220399,-35.63536988505871
E0,2017-09-15,Bournemouth,Brighton,H,1,5,3,2,0.4,0.0,0.2,1.8,0.6,1.0,8.4,10.8,2.4,2.8,17.4,11.2,6,6,0.5,0.5,0.0,0,0.0,0.6,0.4,0.6,1475.921597760145,1492.642047830541,-16.720450070396055,1469.175528985848,1500.2005722701574,-31.025043284309277
E0,2017-09-15,Bournemouth,Brighton,H,1,2,3,2,0.4,0.0,0.2,1.8,0.2,1.2,8.4,10.2,2.4,2.0,17.4,11.8,0,0,1.0,0.0,0.0,1,0.0,0.6,0.2,0.8,1486.0447119560688,1482.5189336346173,3.5257783214515257,1474.23708608381,1495.1390151721955,-20.90192908838571
E0,2017-09-16,West Brom,West Ham,D,6,0,8,0,0.3,0.1,1.0,1.6,0.8,3.2,11.2,11.4,2.6,4.6,15.2,16.4,7,5,0.25,0.25,0.5,4,0.8,1.2,0.4,1.8,1507.57578825319,1441.8986677206472,65.67712053254286,1495.64816558363,1477.7293509734654,17.918814610164645
E0,2017-09-16,Watford,Man City,A,12,15,4,15,0.3,0.7,2.2,0.8,2.6,0.4,14.2,16.2,4.6,6.6,10.8,7.2,7,7,0.0,1.0,0.0,2,1.6,0.4,1.4,0.0,1492.2181455088958,1558.3878656526615,-66.16972014376574,1503.777429227101,1554.9494915285195,-51.172062301418464
E0,2017-09-16,Tottenham,Swansea,D,15,11,5,11,0.6,0.3,3.4,0.2,1.2,0.0,17.0,5.0,7.6,1.8,9.2,20.6,7,6,1.0,0.0,0.0,4,2.0,0.2,0.4,0.0,1543.1537597376323,1488.168762274714,54.9849974629185,1557.525338922242,1474.251396124941,83.27394279730083
E0,2017-09-16,Newcastle,Stoke,H,6,5,9,5,0.3,0.1,0.6,0.8,0.6,0.8,16.0,12.8,6.8,1.8,8.4,10.4,6,7,0.0,0.5,0.5,2,0.4,0.8,0.6,0.4,1501.507875953067,1472.3789419393456,29.12893401372139,1489.0402661492358,1494.9482223682458,-5.907956219009975
E0,2017-09-16,Huddersfield,Leicester,D,7,0,8,0,0.5,0.2,1.2,0.8,1.4,2.8,10.4,8.6,4.4,3.6,14.4,23.0,5,7,0.5,0.5,0.0,0,0.4,0.8,0.4,1.6,1506.1338726775305,1451.8579094859842,54.275963191546225,1498.8318275822735,1492.5229872127427,6.308840369530799
E0,2017-09-16,Liverpool,Burnley,D,5,8,15,8,0.7,0.3,2.0,3.2,1.8,1.6,14.8,12.0,5.4,3.8,10.8,22.4,7,6,0.75,0.25,0.0,4,1.4,1.6,0.6,1.4,1563.725826328954,1501.3616652041069,62.364161124847215,1525.903642958517,1501.5486035377448,24.355039420771845
E0,2017-09-16,Newcastle,Stoke,H,6,2,9,2,0.4,0.1,0.6,0.8,0.6,1.2,16.0,12.6,6.8,2.0,8.4,10.4,0,0,0.3333333333333333,0.3333333333333333,0.3333333333333333,3,0.4,0.8,0.6,0.6,1505.69894052895,1468.1878773634626,37.511063165487485,1491.1357984371773,1492.8526900803042,-1.716891643126928
E0,2017-09-16,Tottenham,Swansea,D,15,9,3,9,0.5,0.3,3.4,0.2,0.8,0.0,17.0,5.2,7.6,1.2,9.2,23.2,0,0,0.8,0.0,0.2,5,2.0,0.2,0.4,0.0,1539.0277734346907,1492.2947485776558,46.733024857034934,1555.462345770771,1476.314389276412,79.14795649435905
E0,2017-09-16,Watford,Man City,A,12,15,4,15,0.3,0.7,2.2,0.8,2.8,0.4,14.2,18.8,4.6,6.8,10.8,7.4,0,0,0.0,1.0,0.0,3,1.6,0.4,1.8,0.0,1479.2060808366082,1571.399930324949,-92.1938494883409,1497.271396890957,1561.455523864663,-64.18412697370604
E0,2017-09-16,West Brom,West Ham,D,6,1,9,1,0.3,0.1,1.0,1.6,0.8,2.4,11.2,11.4,2.6,4.6,15.2,13.2,0,0,0.2,0.2,0.6,5,0.8,1.2,0.4,1.2,1503.2715401443406,1446.2029158294963,57.0686243148441,1493.4960415292053,1479.8814750278902,13.61456650131504
E0,2017-09-16,Huddersfield,Leicester,D,7,1,9,1,0.4,0.1,1.4,1.0,1.4,2.6,10.2,8.8,3.8,3.0,15.2,22.6,0,0,0.0,0.0,1.0,1,0.6,1.0,0.6,1.8,1502.0396145594607,1455.952167604054,46.08744695540667,1496.7846985232386,1494.5701162717776,2.2145822514610245
E0,2017-09-16,Crystal Palace,Southampton,A,0,6,3,6,0.3,0.4,0.0,1.2,0.8,1.0,12.0,8.4,2.6,2.8,12.6,16.0,6,7,0.25,0.75,0.0,4,0.0,0.4,0.4,0.6,1426.7051238207214,1499.3720495162513,-72.66692569552993,1452.5785684268694,1485.9922828966442,-33.41371446977473
E0,2017-09-16,Liverpool,Burnley,D,5,9,13,9,0.6,0.3,2.0,3.2,1.8,1.4,14.8,10.2,5.4,4.0,10.8,25.8,0,0,0.6,0.2,0.2,5,1.4,1.6,0.4,1.2,1559.669453627496,1505.418037905565,54.25141572193115,1523.8754566077876,1503.5767898884735,20.298666719313815
E0,2017-09-16,Crystal Palace,Southampton,A,0,9,0,9,0.2,0.5,0.0,1.2,0.6,0.2,12.0,8.6,2.6,2.8,12.6,15.4,0,0,0.2,0.8,0.0,5,0.0,0.4,0.2,0.2,1420.7780250915305,1505.2991482454422,-84.52112315391173,1449.615019062274,1488.9558322612395,-39.340813198965634
E0,2017-09-17,Man United,Everton,H,9,2,15,2,0.6,0.0,2.4,0.8,0.6,1.8,16.2,10.0,6.6,2.2,9.8,18.2,8,8,0.25,0.25,0.5,4,1.6,0.4,0.2,0.6,1560.3738101562976,1478.0896895463552,82.28412060994242,1555.6953880929295,1512.8825408022497,42.81284729067988
E0,2017-09-17,Chelsea,Arsenal,D,15,3,9,3,0.7,0.3,1.8,0.8,0.8,2.2,14.8,12.4,4.2,3.6,11.8,13.6,8,8,0.5,0.25,0.25,4,1.0,0.8,0.6,1.4,1556.9812826755356,1485.5781554087182,71.40312726681736,1565.5760418618245,1531.3130613500366,34.262980511787646
E0,2017-09-17,Chelsea,Arsenal,D,15,1,7,1,0.7,0.3,1.8,0.8,0.0,2.0,14.8,12.6,4.2,2.8,11.8,14.2,0,0,0.4,0.2,0.4,5,1.0,0.8,0.0,1.2,1552.2660146906385,1490.2934233936155,61.972591297022745,1563.2184078693756,1533.6706953424853,29.547712526890336
E0,2017-09-17,Man United,Everton,H,9,2,15,2,0.7,0.0,2.4,0.8,0.4,2.0,16.2,7.0,6.6,1.4,9.8,18.0,0,0,0.4,0.2,0.4,5,1.6,0.4,0.0,1.0,1563.8754121545576,1474.5880875480952,89.28732460646233,1557.4461890920595,1511.1317398031197,46.31444928893984
E0,2017-09-23,Southampton,Man United,A,11,9,7,9,0.2,0.4,0.8,0.2,2.4,0.8,10.4,16.2,3.6,6.6,14.8,9.8,7,6,0.25,0.5,0.25,4,0.2,0.2,1.6,0.4,1472.6125162770372,1551.0169660295614,-78.40444975252422,1491.4104684679996,1558.782564772919,-67.3720963049193
E0,2017-09-23,Man City,Crystal Palace,H,15,0,11,0,0.6,0.3,3.6,0.4,0.0,1.2,21.6,12.0,8.0,2.6,7.6,12.6,7,7,0.75,0.25,0.0,4,2.0,0.0,0.0,0.4,1551.5111174043773,1478.4520130330177,73.05910437135958,1566.5820310290435,1447.1603828555142,119.42164817352956
E0,2017-09-23,West Ham,Tottenham,A,2,15,10,15,0.4,0.9,0.4,1.8,3.4,0.2,10.0,17.0,3.2,7.6,11.6,9.2,7,7,0.25,0.5,0.25,4,0.2,1.0,2.0,0.2,1513.560034226284,1571.8969181068512,-58.33688388056726,1481.552366755208,1553.297507118889,-71.745140363681
E0,2017-09-23,Leicester,Liverpool,A,2,5,7,5,0.6,0.4,1.0,2.0,2.0,3.2,9.6,14.8,2.6,5.4,20.2,10.8,7,7,0.25,0.5,0.25,4,0.6,1.6,1.4,1.6,1533.1880649395011,1488.081459588079,45.106605351422104,1496.3241926404628,1521.6801667536574,-25.35597411319463
E0,2017-09-23,Everton,Bournemouth,H,1,1,9,1,0.7,0.1,0.2,2.6,0.2,1.8,7.0,8.4,1.6,2.4,17.4,17.4,6,8,0.5,0.5,0.0,2,0.0,1.4,0.0,0.6,1547.675392058144,1462.4294602115513,85.24593184659284,1509.7953641222605,1478.558245210543,31.23711891171729
E0,2017-09-23,Burnley,Huddersfield,D,7,7,6,6,0.3,0.5,1.4,1.2,1.4,1.0,9.2,10.2,3.8,3.8,29.0,15.2,7,7,0.5,0.5,0.0,0,0.4,0.8,0.6,1.0,1501.7355418713828,1491.5297824870163,10.205759384366274,1505.772079742604,1495.0306221545534,10.74145758805048
E0,2017-09-23,West Ham,Tottenham,A,2,15,9,15,0.4,0.9,0.4,1.8,2.6,0.4,10.0,16.2,3.2,5.8,11.6,9.2,0,0,0.2,0.6,0.2,5,0.2,1.0,1.4,0.4,1510.7689191742102,1574.688033158925,-63.91911398471484,1480.1568092291711,1554.693064644926,-74.5362554157548
E0,2017-09-23,Burnley,Huddersfield,D,7,7,7,7,0.3,0.4,1.4,1.2,1.2,0.8,9.2,9.0,3.8,3.6,29.0,14.2,0,0,0.0,0.0,1.0,1,0.4,0.8,0.4,0.8,1503.7695989704284,1489.4957253879709,14.273873582457554,1506.789108292127,1494.0135936050306,12.77551468709612
E0,2017-09-23,Everton,Bournemouth,H,1,0,9,0,0.7,0.1,0.2,2.6,0.2,2.0,7.0,8.0,1.6,2.4,17.4,15.6,0,0,0.6666666666666666,0.3333333333333333,0.0,3,0.0,1.4,0.2,0.8,1551.3264189486226,1458.7784333210727,92.5479856275499,1511.6208775674995,1476.7327317653037,34.88814580219582
E0,2017-09-23,Leicester,Liverpool,A,2,5,6,5,0.5,0.5,1.0,2.0,1.8,3.6,9.6,14.2,2.6,4.4,20.2,11.2,0,0,0.2,0.6,0.2,5,0.6,1.6,1.0,1.8,1526.2625109907046,1495.0070135368755,31.255497453829097,1492.8614156660649,1525.1429437280558,-32.28152806199114
E0,2017-09-23,Stoke,Chelsea,A,2,15,8,15,0.4,0.9,0.8,1.4,1.8,0.8,13.4,14.8,2.6,4.2,11.4,11.8,7,6,0.0,1.0,0.0,4,0.8,0.8,1.0,0.8,1517.517502797146,1574.170801048113,-56.653298250967055,1491.1170266210593,1560.8712195278904,-69.75419290683112
E0,2017-09-23,Southampton,Man United,A,11,11,6,11,0.2,0.4,0.8,0.2,2.6,0.8,10.4,15.8,3.6,7.2,14.8,9.2,0,0,0.2,0.6,0.2,5,0.2,0.2,1.6,0.4,1469.2483729799103,1554.3811093266884,-85.13273634677807,1489.728396819436,1560.4646364214825,-70.73623960204623
E0,2017-09-23,Stoke,Chelsea,A,2,15,8,15,0.3,0.9,0.8,1.4,2.4,0.8,13.4,11.4,2.6,4.0,11.4,13.0,0,0,0.0,1.0,0.0,5,0.8,0.8,1.2,0.8,1508.4937427116276,1583.1945611336312,-74.70081842200352,1486.6051465783,1565.3830995706494,-78.77795299234936
E0,2017-09-23,Swansea,Watford,A,9,12,3,12,0.4,0.4,0.8,0.0,2.2,0.8,5.2,14.2,1.2,4.6,22.6,10.8,7,7,0.0,0.5,0.5,2,0.4,0.0,1.6,0.4,1460.3340299751685,1515.336712945306,-55.00268297013781,1478.479227928294,1492.1448897265768,-13.665661798282828
E0,2017-09-23,Swansea,Watford,A,9,15,0,15,0.3,0.5,0.8,0.0,2.0,0.2,5.2,14.0,1.2,4.8,22.6,8.0,0,0,0.0,0.6666666666666666,0.3333333333333333,3,0.4,0.0,1.4,0.2,1457.731393543064,1517.9393493774105,-60.20795583434665,1477.1779097122417,1493.446207942629,-16.268298230387245
E0,2017-09-23,Man City,Crystal Palace,H,15,0,11,0,0.7,0.2,3.6,0.4,0.0,1.8,21.6,11.8,8.0,2.4,7.6,15.8,0,0,0.8,0.2,0.0,5,2.0,0.0,0.0,1.2,1557.444908891335,1472.51822154606,84.92668734527501,1569.5489267725225,1444.1934871120352,125.35543966048726
E0,2017-09-24,Brighton,Newcastle,H,2,6,6,6,0.5,0.2,0.4,1.2,0.6,0.8,11.0,16.0,2.0,6.8,12.0,8.4,9,8,0.5,0.5,0.0,0,0.4,1.0,0.4,0.8,1507.759096709774,1476.5726563454043,31.18644036436945,1490.8178560454626,1492.8714618964225,-2.053605850959684
E0,2017-09-24,Brighton,Newcastle,H,2,6,9,6,0.6,0.2,0.4,1.2,0.4,0.6,11.0,15.0,2.0,6.2,12.0,8.2,0,0,1.0,0.0,0.0,1,0.4,1.0,0.4,0.6,1514.7056616768152,1469.6260913783633,45.07957029845193,1494.2911385289833,1489.3981794129018,4.892959116081556
E0,2017-09-25,Arsenal,West Brom,H,2,6,15,6,0.9,0.2,0.0,1.8,1.0,1.6,11.2,11.2,2.0,2.6,14.6,15.2,8,9,0.75,0.25,0.0,4,0.0,1.0,0.8,1.2,1577.047967291355,1483.7205429140702,93.32742437728484,1536.0178836839705,1491.8251498018876,44.19273388208285
E0,2017-09-25,Arsenal,West Brom,H,2,6,15,6,1.0,0.2,0.0,1.8,0.8,1.6,11.2,9.4,2.0,2.2,14.6,16.0,0,0,0.8,0.2,0.0,5,0.0,1.0,0.8,1.0,1583.570852421502,1477.1976577839232,106.37319463757876,1539.279326249044,1488.563707236814,50.71561901223003
E0,2017-09-30,Bournemouth,Leicester,D,0,2,6,2,0.4,0.1,0.4,2.2,1.0,2.0,7.8,9.6,2.8,2.6,14.8,20.2,7,7,0.5,0.0,0.5,2,0.4,1.2,0.6,1.6,1494.687030209535,1459.4603203414244,35.22670986811022,1474.9904612611356,1489.5828893187197,-14.592428057583902
E0,2017-09-30,Chelsea,Man City,A,15,15,8,15,0.6,0.8,2.8,0.6,3.6,0.4,11.0,21.6,4.4,8.0,12.0,7.6,7,7,0.5,0.0,0.5,4,1.4,0.6,2.0,0.0,1547.5716380076676,1581.65294465371,-34.08130664604232,1569.9172225728178,1571.9739564935812,-2.056733920763463
E0,2017-09-30,Stoke,Southampton,H,2,11,5,11,0.3,0.5,0.8,1.4,0.8,0.2,13.4,10.4,2.6,3.6,11.4,14.8,7,7,0.5,0.25,0.25,4,0.8,0.8,0.2,0.2,1499.425496707291,1510.208420658962,-10.782923951671137,1482.0710235761317,1488.2867590152632,-6.215735439131549
E0,2017-09-30,Bournemouth,Leicester,D,0,3,7,3,0.4,0.1,0.4,2.2,0.4,1.2,7.8,10.0,2.8,2.2,14.8,18.6,0,0,0.3333333333333333,0.0,0.6666666666666666,3,0.4,1.2,0.4,1.2,1493.6751375796905,1460.4722129712688,33.20292460842143,1474.4845149462135,1490.0888356336418,-15.6043206874283
E0,2017-09-30,Chelsea,Man City,A,15,15,8,15,0.5,0.9,2.8,0.6,3.4,0.4,11.0,22.2,4.4,8.4,12.0,7.2,0,0,0.4,0.2,0.4,5,1.4,0.6,1.8,0.0,1542.209842457729,1587.0147402036482,-44.80489774591888,1567.2363247978487,1574.6548542685505,-7.418529470701742
E0,2017-09-30,Huddersfield,Tottenham,A,5,15,7,15,0.3333333333333333,0.9,0.6,0.8,2.8,0.8,9.2,15.6,2.8,5.6,12.4,10.0,7,7,0.5,0.5,0.0,0,0.2,0.8,1.2,0.8,1498.5314618220905,1577.4595011776255,-78.92803935553525,1493.0994605828084,1556.0787986542762,-62.97933807146774
E0,2017-09-30,Man United,Crystal Palace,H,11,0,15,0,0.8,0.1,2.0,0.8,0.0,2.6,14.2,12.0,6.4,2.2,10.8,16.2,7,7,1.0,0.0,0.0,4,1.0,0.4,0.0,1.8,1566.5481635162764,1467.6681621039424,98.88000141233395,1561.9062742256556,1441.7684573909764,120.13781683467914
E0,2017-09-30,Stoke,Southampton,H,2,8,5,8,0.4,0.4,0.8,1.4,0.6,0.4,13.4,11.8,2.6,3.4,11.4,15.4,0,0,0.6,0.2,0.2,5,0.8,0.8,0.2,0.2,1507.5843887951537,1502.0495285710997,5.534860224054,1486.150469620063,1484.2073129713317,1.9431566487312464
E0,2017-09-30,West Brom,Watford,D,3,15,7,15,0.2,0.6,0.6,2.0,2.0,0.4,9.2,11.8,2.6,4.2,15.2,8.8,5,7,0.5,0.5,0.0,2,0.6,1.2,1.2,0.4,1499.929756689705,1519.7847794511429,-19.855022761437795,1485.9308541291905,1494.368922979495,-8.438068850304717
E0,2017-09-30,West Ham,Swansea,H,2,9,6,9,0.4,0.3,0.4,1.8,0.8,0.0,10.0,5.2,3.2,1.2,11.6,22.6,7,7,0.75,0.0,0.25,4,0.2,1.0,0.4,0.0,1507.9974511555097,1496.6244258814197,11.373025274089969,1478.771075219821,1476.2551946753756,2.515880544445281
E0,2017-09-30,Man United,Crystal Palace,H,11,0,15,0,0.9,0.1,2.0,0.8,0.0,3.2,14.2,12.4,6.4,2.2,10.8,15.2,0,0,1.0,0.0,0.0,5,1.0,0.4,0.0,2.0,1571.6662486803125,1462.5500769399066,109.11617174040566,1564.4653168076734,1439.2094148089586,125.25590199871476
E0,2017-09-30,West Brom,Watford,D,3,13,5,13,0.2,0.6,0.6,2.0,2.0,0.8,9.2,11.0,2.6,3.4,15.2,9.4,0,0,0.3333333333333333,0.3333333333333333,0.3333333333333333,3,0.6,1.2,1.0,0.4,1503.6669764559806,1516.047559684867,-12.380583228886737,1487.799464012328,1492.500313096357,-4.700849084029187
E0,2017-09-30,West Ham,Swansea,H,2,8,9,8,0.5,0.3,0.4,1.8,0.8,0.2,10.0,5.6,3.2,1.4,11.6,18.6,0,0,0.8,0.0,0.2,5,0.2,1.0,0.4,0.2,1514.063926332694,1490.5579507042353,23.505975628458827,1481.8043128084132,1473.2219570867833,8.582355721629938
E0,2017-09-30,Huddersfield,Tottenham,A,5,15,4,15,0.2857142857142857,0.9,0.6,0.8,3.2,0.8,9.2,14.8,2.8,5.8,12.4,10.0,0,0,0.0,1.0,0.0,1,0.2,0.8,1.0,0.8,1490.6101753855264,1585.380787614189,-94.77061222866293,1489.1388173645264,1560.0394418725582,-70.9006245080318
E0,2017-10-01,Arsenal,Brighton,H,2,2,15,2,1.0,0.0,0.0,1.8,0.4,1.2,11.2,11.0,2.0,2.0,14.6,12.0,6,7,0.5,0.5,0.0,0,0.0,1.0,0.4,1.0,1588.8365586367495,1473.8766153811514,114.95994325559808,1541.9121793566678,1497.3945876941962,44.51759166247166
E0,2017-10-01,Newcastle,Liverpool,D,6,7,12,7,0.5,0.6,0.4,0.6,1.8,3.4,15.8,16.0,6.2,4.6,8.2,11.8,7,8,0.5,0.5,0.0,2,0.4,0.6,0.8,1.8,1509.1702674474402,1501.5640662315657,7.606201215874535,1486.294730247689,1528.421470075401,-42.12673982771207
E0,2017-10-01,Arsenal,Brighton,H,2,2,15,2,1.0,0.0,0.0,1.8,0.4,1.2,11.2,11.8,2.0,1.8,14.6,14.2,0,0,1.0,0.0,0.0,1,0.0,1.0,0.4,1.0,1596.175381600649,1466.537792417252,129.63758918339704,1545.5815908386176,1493.7251762122464,51.856414626371134
E0,2017-10-01,Everton,Burnley,A,1,7,9,7,0.7,0.3,0.2,2.6,1.4,1.2,7.0,9.2,1.6,3.8,17.4,29.0,8,8,0.75,0.25,0.0,4,0.0,1.4,0.4,0.8,1554.8109599569589,1509.808617613825,45.00234234313393,1513.3631480716676,1507.7032413143488,5.659906757318822
E0,2017-10-01,Newcastle,Liverpool,D,6,7,13,7,0.5,0.5,0.4,0.6,1.4,3.0,15.8,16.6,6.2,4.0,8.2,11.6,0,0,0.3333333333333333,0.3333333333333333,0.3333333333333333,3,0.4,0.6,0.4,1.6,1508.626364284356,1502.10796939465,6.518394889706087,1486.022778666147,1528.693421656943,-42.670642990796296
E0,2017-10-01,Everton,Burnley,A,1,7,6,7,0.6,0.4,0.2,2.6,1.0,0.8,7.0,8.2,1.6,3.2,17.4,29.8,0,0,0.6,0.4,0.0,5,0.0,1.4,0.4,0.4,1544.8708070508676,1519.7487705199162,25.12203653095139,1508.393071618622,1512.6733177673946,-4.280246148772676
E0,2017-10-14,Burnley,West Ham,D,9,2,8,2,0.3,0.1,1.0,0.6,0.4,1.8,6.6,10.0,3.0,3.2,28.8,11.6,13,14,0.0,1.0,0.0,4,0.2,0.2,0.2,1.0,1505.5978650148727,1449.544699284132,56.0531657307406,1517.406563041577,1484.9009796522134,32.505583389363665
E0,2017-10-14,Crystal Palace,Chelsea,H,0,15,0,15,0.1,0.9,0.0,3.8,2.8,0.6,9.0,11.0,1.4,4.4,18.0,12.0,14,14,0.25,0.75,0.0,4,0.0,2.4,1.4,0.6,1415.8687526780109,1592.262807137968,-176.39405445995726,1436.765298271499,1564.8265637497907,-128.06126547829172
E0,2017-10-14,Liverpool,Man United,D,8,11,11,11,0.5,0.4,1.6,2.2,2.0,0.8,18.0,14.2,3.8,6.4,10.6,10.8,13,14,0.0,0.5,0.5,4,0.4,1.0,1.0,0.4,1555.278873919236,1557.2643849350345,-1.9855110157984657,1528.870744265298,1566.909433345133,-38.03868907983497
E0,2017-10-14,Man City,Stoke,H,15,2,13,2,0.7,0.1,3.2,0.2,0.8,1.4,21.8,13.4,8.0,2.6,6.2,11.4,14,14,0.5,0.25,0.25,4,1.8,0.0,0.8,0.8,1562.2949683334523,1464.7165504449724,97.57841788848008,1577.064615316608,1489.748362822891,87.316252493717
E0,2017-10-14,Watford,Arsenal,H,11,2,3,2,0.2,0.3,2.0,1.2,0.0,1.8,11.6,11.2,3.4,2.0,9.4,14.6,14,13,0.5,0.5,0.0,2,1.0,0.4,0.0,1.0,1468.953066507847,1494.9878000765862,-26.03473356873883,1491.021365506036,1548.7601749688006,-57.73880946276449
E0,2017-10-14,Swansea,Huddersfield,H,5,5,0,5,0.3,0.3333333333333333,0.4,0.4,0.6,0.8,5.4,9.2,1.0,2.8,17.2,12.4,14,14,0.5,0.5,0.0,0,0.2,0.4,0.2,0.8,1455.8859634693315,1487.6674593435266,-31.781495874195116,1470.125290242983,1485.5514000137916,-15.42610977080858
E0,2017-10-14,Tottenham,Bournemouth,H,15,0,4,0,0.4,0.1,3.4,0.8,0.4,2.2,14.6,7.8,6.0,2.8,8.8,14.8,14,14,0.5,0.0,0.5,2,1.0,0.8,0.4,1.2,1534.6980961309268,1455.2938923127365,79.40420381819035,1563.626859223293,1474.260343640885,89.36651558240806
E0,2017-10-14,Burnley,West Ham,D,9,3,9,3,0.2,0.1,1.0,0.6,0.2,1.4,6.6,8.4,3.0,2.8,28.8,12.8,0,0,0.0,0.8,0.2,5,0.2,0.2,0.0,1.0,1504.9681206779733,1450.1744436210315,54.79367705694176,1517.0916908731274,1485.2158518206631,31.875839052464244
E0,2017-10-14,Crystal Palace,Chelsea,H,0,12,3,12,0.2,0.8,0.0,3.8,2.6,0.8,9.0,12.2,1.4,5.0,18.0,11.2,0,0,0.4,0.6,0.0,5,0.0,2.4,1.2,0.4,1431.231698443317,1576.8998613726617,-145.66816292934436,1444.446771154152,1557.1450908671377,-112.69831971298572
E0,2017-10-14,Liverpool,Man United,D,8,9,9,9,0.5,0.4,1.6,2.2,1.2,0.8,18.0,12.0,3.8,5.0,10.6,13.4,0,0,0.0,0.4,0.6,5,0.4,1.0,0.4,0.4,1556.0923206385885,1556.450938215682,-0.3586175770935824,1529.2774676249742,1566.502709985457,-37.22524236048275
E0,2017-10-14,Man City,Stoke,H,15,2,15,2,0.8,0.1,3.2,0.2,1.2,2.6,21.8,12.6,8.0,2.6,6.2,13.6,0,0,0.6,0.2,0.2,5,1.8,0.0,1.0,1.6,1566.858740864876,1460.152777913549,106.70596295132692,1579.34650158232,1487.4664765571792,91.88002502514064
E0,2017-10-14,Swansea,Huddersfield,H,5,2,3,2,0.4,0.2857142857142857,0.4,0.4,0.0,1.2,5.4,9.0,1.0,2.0,17.2,11.0,0,0,1.0,0.0,0.0,1,0.2,0.4,0.0,1.0,1471.11359150445,1472.4398313084082,-1.3262398039582877,1477.7391042605425,1477.9375859962324,-0.1984817356901658
E0,2017-10-14,Watford,Arsenal,H,11,2,5,2,0.2,0.2,2.0,1.2,0.2,2.0,11.6,9.4,3.4,2.0,9.4,14.6,0,0,0.6666666666666666,0.3333333333333333,0.0,3,1.0,0.4,0.0,1.2,1473.259761621871,1490.6811049625626,-17.421343340691692,1493.174713063048,1546.6068274117888,-53.432114348740924
E0,2017-10-14,Tottenham,Bournemouth,H,15,0,7,0,0.4,0.1,3.4,0.8,0.4,2.2,14.6,7.0,6.0,2.6,8.8,15.2,0,0,0.6666666666666666,0.0,0.3333333333333333,3,1.0,0.8,0.4,1.4,1536.9792018475243,1453.012786596139,83.96641525138534,1564.7674120815918,1473.1197907825865,91.64762129900556
E0,2017-10-15,Brighton,Everton,D,1,1,12,1,0.6666666666666666,0.0,0.4,1.6,0.2,2.6,10.4,7.0,1.6,1.6,17.6,17.4,14,14,0.5,0.5,0.0,0,0.4,1.2,0.0,1.4,1520.912560007241,1471.9153361863764,48.99722382086452,1490.5465920820634,1503.6598263444394,-13.113234262375954
E0,2017-10-15,Southampton,Newcastle,D,7,6,3,6,0.2,0.2,0.8,0.8,0.4,0.6,14.8,15.8,3.4,6.2,15.6,8.2,15,14,1.0,0.0,0.0,2,0.4,0.4,0.4,0.6,1466.3650973715642,1463.4191930479376,2.9459043236265643,1480.6094197685038,1485.8454560577918,-5.236036289287995
E0,2017-10-15,Brighton,Everton,D,1,1,13,1,0.5714285714285714,0.0,0.4,1.6,0.2,2.6,10.4,8.2,1.6,2.4,17.6,16.0,0,0,0.0,0.0,1.0,1,0.4,1.2,0.2,1.4,1516.7369857416627,1476.0909104519546,40.64607528970805,1488.4588049492745,1505.7476134772285,-17.28880852795419
E0,2017-10-15,Southampton,Newcastle,D,7,7,1,7,0.2,0.2,0.8,0.8,0.8,0.8,14.8,17.0,3.4,6.2,15.6,9.2,0,0,0.6666666666666666,0.0,0.3333333333333333,3,0.4,0.4,0.6,0.8,1465.8314462199585,1463.9528441995435,1.8786020204147464,1480.3425941927007,1486.1122816335946,-5.769687440893904
E0,2017-10-16,Leicester,West Brom,D,4,3,3,3,0.4,0.2,0.4,0.8,0.6,2.0,9.4,9.2,1.6,2.6,18.0,15.2,16,16,0.5,0.5,0.0,4,0.4,0.8,0.6,1.2,1519.7054582960145,1471.9319515686757,47.77350672733883,1490.31300693897,1489.2784116026496,1.0345953363205354
E0,2017-10-16,Leicester,West Brom,D,4,1,1,1,0.3,0.2,0.4,0.8,0.6,2.2,9.4,8.6,1.6,2.6,18.0,13.4,0,0,0.4,0.4,0.2,5,0.4,0.8,0.6,1.4,1518.5195784961936,1473.1178313684966,45.401747127697035,1489.7200670390598,1489.87135150256,-0.1512844635001329
E0,2017-10-20,West Ham,Brighton,A,4,1,9,1,0.6,0.0,0.4,1.0,0.4,1.6,8.4,10.4,3.4,1.6,13.6,17.6,6,5,0.5,0.5,0.0,0,0.0,0.8,0.4,1.2,1520.2572600202948,1460.180624156886,60.07663586340891,1485.685214256824,1486.7489373713977,-1.0637231145733494
E0,2017-10-20,West Ham,Brighton,A,4,3,6,3,0.5,0.1111111111111111,0.4,1.0,1.0,1.6,8.4,8.6,3.4,2.2,13.6,19.2,0,0,0.0,1.0,0.0,1,0.0,0.8,0.6,1.2,1498.4907346361151,1481.9471495410653,16.543585095050048,1474.8019515647345,1497.6322000634873,-22.830248498753008
E0,2017-10-21,Swansea,Leicester,A,5,4,6,4,0.4,0.1,0.4,0.4,0.4,0.8,5.4,9.4,1.0,1.6,17.2,18.0,7,5,0.5,0.5,0.0,4,0.2,0.4,0.4,0.8,1484.0822507954151,1460.9205555819258,23.16169521348957,1484.223433906025,1489.148879362445,-4.925445456419993
E0,2017-10-21,Newcastle,Crystal Palace,H,5,0,11,0,0.5,0.0,1.0,1.2,0.0,3.8,17.6,9.0,5.6,1.4,9.6,18.0,6,7,0.0,0.0,1.0,2,0.6,1.2,0.0,2.4,1508.271719067646,1457.661843864987,50.60987520265894,1486.2679075496007,1451.8383247642505,34.42958278535025
E0,2017-10-21,Huddersfield,Man United,H,2,9,3,9,0.25,0.4,0.0,1.2,0.8,0.4,8.4,9.6,2.0,3.6,8.6,15.2,7,7,0.5,0.5,0.0,0,0.0,0.8,0.2,0.2,1483.4353406840569,1556.8622264989797,-73.42688581492303,1471.4532563507496,1566.7083541271058,-95.25509777635624
E0,2017-10-21,Man City,Burnley,H,15,9,15,9,0.8,0.5,3.2,0.2,1.0,0.6,21.8,6.6,8.0,3.0,6.2,28.8,7,7,0.5,0.25,0.25,4,1.8,0.0,0.2,0.2,1570.564150563433,1529.2152610682815,41.348889495151525,1581.1992064315984,1516.6223284369669,64.57687799463179
E0,2017-10-21,Southampton,West Brom,H,7,2,2,2,0.2,0.2,0.8,0.8,0.6,1.8,14.8,7.2,3.4,2.2,15.6,13.2,6,5,0.25,0.5,0.25,4,0.4,0.4,0.6,1.2,1465.520194387946,1474.2602067217258,-8.74001233377976,1480.1869682766946,1490.442539179175,-10.25557090248003
E0,2017-10-21,Stoke,Bournemouth,A,1,0,7,0,0.4,0.1,1.4,3.8,0.4,1.8,10.4,6.6,2.4,2.4,15.6,15.4,7,7,0.0,0.5,0.5,2,1.0,2.2,0.4,1.4,1514.7801752008097,1450.9360000394015,63.84417516140775,1485.6137717079007,1472.0813975042174,13.532374203683275
E0,2017-10-21,Chelsea,Watford,H,9,11,5,11,0.4,0.6,2.4,1.0,2.0,1.2,12.0,11.6,4.8,3.4,12.4,9.4,7,7,1.0,0.0,0.0,2,1.0,0.2,1.0,0.4,1537.3903203616137,1513.0896645042246,24.30065585738907,1549.7535372570392,1494.997765760044,54.755771496995294
E0,2017-10-21,Man City,Burnley,H,15,8,15,8,0.8,0.4,3.2,0.2,0.8,1.0,21.8,5.2,8.0,2.4,6.2,26.2,0,0,0.6,0.2,0.2,5,1.8,0.0,0.0,0.4,1574.5129905163508,1525.2664211153638,49.24656940098703,1583.173626408057,1514.6479084605076,68.52571794754977
E0,2017-10-21,Huddersfield,Man United,H,2,8,5,8,0.3333333333333333,0.4,0.0,1.2,0.6,0.4,8.4,7.8,2.0,2.6,8.6,14.2,0,0,1.0,0.0,0.0,1,0.0,0.8,0.2,0.0,1493.337214634887,1546.960352548149,-53.623137913262326,1476.404193326165,1561.7574171516906,-85.35322382552567
E0,2017-10-21,Newcastle,Crystal Palace,H,5,0,11,0,0.6,0.0,1.0,1.2,0.0,3.8,17.6,6.4,5.6,0.4,9.6,18.6,0,0,0.3333333333333333,0.0,0.6666666666666666,3,0.6,1.2,0.0,2.6,1512.3145611091445,1453.6190018234886,58.69555928565592,1488.28932857035,1449.8169037435014,38.47242482684874
E0,2017-10-21,Chelsea,Watford,H,9,8,5,8,0.4,0.6,2.4,1.0,2.0,2.0,12.0,12.4,4.8,3.8,12.4,10.4,0,0,1.0,0.0,0.0,3,1.0,0.2,1.0,1.0,1547.9115287175523,1502.568456148286,45.34307256926627,1555.0141414350082,1489.7371615820744,65.27697985293389
E0,2017-10-21,Southampton,West Brom,H,7,2,5,2,0.3,0.2,0.8,0.8,0.4,1.4,14.8,6.2,3.4,2.0,15.6,14.8,0,0,0.4,0.4,0.2,5,0.4,0.4,0.4,1.0,1472.2762261060022,1467.5041750036696,4.772051102332625,1483.5649841357229,1487.0645233201465,-3.499539184423611
E0,2017-10-21,Stoke,Bournemouth,A,1,3,6,3,0.4,0.1,1.4,3.8,0.8,1.4,10.4,6.6,2.4,2.6,15.6,14.0,0,0,0.0,0.6666666666666666,0.3333333333333333,3,1.0,2.2,0.4,1.4,1502.8399874594927,1462.8761877807185,39.963799678774194,1479.6436778372422,1478.051491374876,1.5921864623662714
E0,2017-10-21,Swansea,Leicester,A,5,7,6,7,0.3,0.1,0.4,0.4,0.8,0.6,5.4,9.4,1.0,2.0,17.2,17.4,0,0,0.4,0.6,0.0,5,0.2,0.4,0.6,0.6,1474.8074601423623,1470.1953462349786,4.6121139073839,1479.5860385794986,1493.7862746889714,-14.200236109472826
E0,2017-10-22,Tottenham,Liverpool,H,15,8,9,8,0.4,0.4,3.4,0.8,1.6,2.2,14.6,18.0,6.0,3.8,8.8,10.6,8,8,0.0,0.75,0.25,4,1.0,0.8,0.4,1.0,1539.0559884042616,1502.46261461136,36.59337379290173,1565.8058053599602,1529.0718234833253,36.73398187663497
E0,2017-10-22,Everton,Arsenal,A,2,2,6,2,0.5,0.2,0.4,2.4,0.4,1.6,9.4,9.6,3.6,3.2,14.8,13.2,7,8,0.25,0.5,0.25,4,0.4,1.6,0.0,1.2,1535.4043165025023,1487.0349995685706,48.369316933931714,1507.4574810551053,1544.7837747147928,-37.32629365968751
E0,2017-10-22,Everton,Arsenal,A,2,5,6,5,0.5,0.2,0.4,2.4,1.4,1.2,9.4,14.0,3.6,6.0,14.8,11.2,0,0,0.2,0.6,0.2,5,0.4,1.6,0.8,1.0,1515.313431629286,1507.1258844417869,8.187547187499149,1497.412038618497,1554.8292171514008,-57.41717853290379
E0,2017-10-22,Tottenham,Liverpool,H,15,8,11,8,0.4,0.3,3.4,0.8,1.8,2.0,14.6,18.4,6.0,4.6,8.8,10.8,0,0,0.2,0.6,0.2,5,1.0,0.8,0.4,0.6,1546.560283935287,1494.9583190803344,51.60196485495271,1569.557953125473,1525.3196757178123,44.23827740766046
E0,2017-10-28,Bournemouth,Chelsea,A,6,9,8,9,0.3,0.8,1.0,1.2,2.4,1.0,6.4,12.0,2.4,4.8,13.6,12.4,7,7,0.0,1.0,0.0,2,0.2,1.2,1.0,0.2,1493.226794969033,1562.1167541524644,-68.88995918343107,1483.2515424809972,1559.2736813909137,-76.02213890991652
E0,2017-10-28,Man United,Tottenham,H,5,15,15,15,0.9,1.0,0.6,0.8,3.4,0.8,7.8,14.6,2.4,6.0,12.4,8.8,7,6,0.5,0.25,0.25,4,0.4,0.0,1.0,0.8,1576.5544817552318,1592.555622315659,-16.001140560427302,1557.353578821993,1572.8588874593752,-15.50530863738186
E0,2017-10-28,Liverpool,Huddersfield,H,5,2,7,2,0.5,0.25,1.4,2.4,0.0,1.2,16.2,8.4,4.8,2.0,11.2,8.6,6,7,0.5,0.5,0.0,0,0.2,0.6,0.0,0.8,1555.6810323552909,1459.4711720174428,96.20986033784811,1522.0187413839103,1480.808031655862,41.210709728048414
E0,2017-10-28,Crystal Palace,West Ham,D,0,4,6,4,0.3,0.0,0.0,3.0,0.4,1.0,7.4,8.4,0.4,3.4,15.0,13.6,7,8,0.25,0.75,0.0,4,0.0,2.0,0.0,0.8,1446.0148056635142,1451.1131684933532,-5.098362829839061,1448.0775349501162,1465.1266567341509,-17.049121784034696
E0,2017-10-28,Bournemouth,Chelsea,A,6,9,8,9,0.3,0.8,1.0,1.2,2.2,0.8,6.4,12.4,2.4,4.6,13.6,12.2,0,0,0.0,1.0,0.0,3,0.2,1.2,1.0,0.0,1487.819953800178,1567.5235953213198,-79.70364152114189,1480.5481218965697,1561.9771019753414,-81.42898007877193
E0,2017-10-28,Arsenal,Swansea,H,7,5,15,5,1.0,0.3,2.4,1.6,0.4,0.4,17.8,5.4,8.4,1.0,10.2,17.2,6,7,0.5,0.5,0.0,4,1.6,1.2,0.2,0.4,1602.532549861015,1484.3646170166346,118.1679328443804,1561.9729569749588,1475.6088709326475,86.36408604231133
E0,2017-10-28,Arsenal,Swansea,H,7,2,15,2,1.0,0.3,2.4,1.6,0.2,0.8,17.8,4.8,8.4,0.8,10.2,17.4,0,0,0.6,0.4,0.0,5,1.6,1.2,0.0,0.8,1603.6569485664477,1483.2402183112022,120.41673025524528,1562.5351563276752,1475.0466715799312,87.488484747744
E0,2017-10-28,Watford,Stoke,A,5,1,7,1,0.2,0.1,2.0,2.6,1.4,3.8,14.0,10.4,4.0,2.4,11.2,15.6,7,7,0.0,1.0,0.0,2,1.0,1.4,1.0,2.2,1476.905867015863,1456.447368214992,20.458498800870984,1485.4776216261691,1474.4436267311212,11.033994895047954
E0,2017-10-28,Crystal Palace,West Ham,D,0,5,7,5,0.3,0.0,0.0,3.0,0.8,0.8,7.4,8.0,0.4,3.2,15.0,14.2,0,0,0.2,0.6,0.2,5,0.0,2.0,0.0,0.8,1448.215887473743,1448.9120866831245,-0.6961992093815752,1449.1780758552304,1464.0261158290364,-14.848039973805951
E0,2017-10-28,Liverpool,Huddersfield,H,5,2,7,2,0.6,0.2222222222222222,1.4,2.4,0.0,1.4,16.2,6.6,4.8,1.6,11.2,8.0,0,0,1.0,0.0,0.0,1,0.2,0.6,0.0,1.0,1563.5599949064808,1451.5922094662528,111.967785440228,1525.9582226595055,1476.8685503802672,49.08967227923836
E0,2017-10-28,Man United,Tottenham,H,5,12,15,12,1.0,0.9,0.6,0.8,2.8,1.0,7.8,14.2,2.4,5.6,12.4,8.6,0,0,0.6,0.2,0.2,5,0.4,0.0,0.8,1.0,1586.9190650050396,1582.191039065851,4.728025939188228,1562.5358704468972,1567.6765958344713,-5.1407253875740935
E0,2017-10-28,Watford,Stoke,A,5,3,6,3,0.2,0.2,2.0,2.6,1.4,3.6,14.0,8.4,4.0,2.4,11.2,16.2,0,0,0.0,1.0,0.0,3,1.0,1.4,0.8,2.0,1463.3754897186432,1469.9777455122116,-6.6022557935684745,1478.7124329775593,1481.2088153797308,-2.496382402171548
E0,2017-10-28,West Brom,Man City,A,2,15,5,15,0.2,0.9,0.4,1.2,3.2,0.2,6.2,21.8,1.8,8.0,15.6,6.2,7,7,0.0,1.0,0.0,4,0.4,1.0,1.8,0.0,1506.6248716366233,1591.834262299764,-85.20939066314054,1484.1731428274588,1585.0489693787938,-100.87582655133497
E0,2017-10-28,West Brom,Man City,A,2,15,4,15,0.2,1.0,0.4,1.2,3.4,0.4,6.2,21.0,1.8,7.4,15.6,5.6,0,0,0.0,1.0,0.0,5,0.4,1.0,1.8,0.2,1506.20161826038,1592.2575156760072,-86.05589741562721,1483.9615161393372,1585.2605960669157,-101.2990799275783
E0,2017-10-29,Brighton,Southampton,D,6,7,11,7,0.5,0.4,1.4,1.2,0.8,0.8,8.2,14.8,2.8,3.4,19.4,15.6,9,8,0.5,0.5,0.0,0,0.6,0.8,0.4,0.4,1513.3172505859093,1494.8537421654437,18.463508420465818,1507.3074948940707,1486.4563646284105,20.85113026566023
E0,2017-10-29,Leicester,Everton,H,9,2,2,2,0.2,0.0,1.0,0.6,0.4,2.4,9.6,9.4,3.0,3.6,18.2,14.8,8,7,0.0,0.5,0.5,4,0.6,0.6,0.4,1.6,1517.3772031429644,1479.510645607708,37.866557535256334,1497.763442335823,1490.268298794939,7.495143540883646
E0,2017-10-29,Brighton,Southampton,D,6,7,9,7,0.4444444444444444,0.3,1.4,1.2,1.0,1.0,8.2,14.8,2.8,3.0,19.4,13.8,0,0,0.0,0.0,1.0,1,0.6,0.8,0.4,0.6,1514.6490709479256,1493.5219218034272,21.12714914449839,1507.973405075079,1485.7904544474022,22.182950627676743
E0,2017-10-29,Leicester,Everton,H,9,2,5,2,0.3,0.0,1.0,0.6,0.4,2.4,9.6,11.2,3.0,4.0,18.2,13.0,0,0,0.2,0.4,0.4,5,0.6,0.6,0.4,1.6,1525.2490980383438,1471.6387507123286,53.61034732601525,1501.6993897835123,1486.3323513472492,15.3670384362631
E0,2017-10-30,Burnley,Newcastle,H,7,5,7,5,0.2,0.2,0.6,1.4,1.0,1.2,5.4,17.6,1.6,5.6,22.2,9.6,9,9,0.0,0.0,1.0,2,0.0,0.8,0.6,1.2,1504.0293958056516,1464.2640960315557,39.765299774095865,1512.7725654897713,1490.028697363735,22.743868126035977
E0,2017-10-30,Burnley,Newcastle,H,7,2,7,2,0.3,0.2,0.6,1.4,0.8,1.4,5.4,16.8,1.6,5.0,22.2,10.0,0,0,0.3333333333333333,0.0,0.6666666666666666,3,0.0,0.8,0.4,1.4,1513.3762015020784,1454.9172903351289,58.45891116694952,1517.4459683379846,1485.355294515522,32.09067382246258
E0,2017-11-04,West Ham,Liverpool,A,5,5,6,5,0.5,0.2,1.2,1.2,1.4,2.4,7.4,16.2,3.4,4.8,16.8,11.2,7,7,0.25,0.5,0.25,4,0.0,1.2,0.2,0.6,1479.1401449749485,1488.3564504125302,-9.216305437581696,1463.0242529750913,1529.3740310937092,-66.3497781186179
E0,2017-11-04,Swansea,Brighton,A,1,6,6,6,0.2,0.2,0.4,1.2,1.4,1.2,4.8,8.2,1.2,2.8,15.6,19.4,7,6,0.5,0.5,0.0,0,0.0,1.2,0.6,0.8,1466.8531248486604,1501.2977392022322,-34.44461435357175,1474.626282062267,1508.744688197327,-34.11840613506001
E0,2017-11-04,Stoke,Leicester,D,6,9,6,9,0.4,0.2,1.4,3.2,1.0,0.6,7.0,9.6,2.0,3.0,16.0,18.2,7,6,0.25,0.5,0.25,4,0.6,1.8,0.6,0.6,1492.4398852472502,1478.1496815286807,14.2902037185695,1487.5421329572723,1505.6215046304628,-18.079371673190508
E0,2017-11-04,Huddersfield,West Brom,H,1,2,7,2,0.4,0.2,0.0,2.0,0.4,1.2,5.0,6.2,1.2,1.8,10.2,15.6,7,7,0.5,0.5,0.0,0,0.0,1.6,0.4,1.0,1502.1448912942817,1461.7214140182946,40.4234772759869,1473.4527419460633,1483.7498441670896,-10.297102221026307
E0,2017-11-04,Newcastle,Bournemouth,A,2,6,11,6,0.6,0.2,0.8,1.4,1.0,1.2,15.8,6.4,5.0,2.4,11.0,13.6,5,7,0.5,0.5,0.0,0,0.4,1.4,0.2,1.2,1515.793298695915,1473.276289992961,42.517008702953945,1481.387822706114,1478.084398795581,3.3034239105331835
E0,2017-11-04,Stoke,Leicester,D,6,9,7,9,0.3,0.2,1.4,3.2,1.2,0.8,7.0,10.4,2.0,3.6,16.0,17.4,0,0,0.2,0.4,0.4,5,0.6,1.8,0.6,0.6,1492.402730598713,1478.186836177218,14.21589442149525,1487.523555633004,1505.6400819547316,-18.116526321727633
E0,2017-11-04,Swansea,Brighton,A,1,9,6,9,0.2,0.3,0.4,1.2,1.4,0.8,4.8,7.4,1.2,2.8,15.6,18.8,0,0,0.0,1.0,0.0,1,0.0,1.2,0.4,0.4,1460.7396482813342,1507.4112157695583,-46.67156748822413,1471.5695437786037,1511.80142648099,-40.2318827023862
E0,2017-11-04,West Ham,Liverpool,A,5,5,6,5,0.4,0.3,1.2,1.2,1.6,2.2,7.4,14.6,3.4,5.0,16.8,10.0,0,0,0.2,0.6,0.2,5,0.0,1.2,0.4,0.6,1466.5611215923034,1500.9354737951753,-34.37435220287193,1456.7347412837687,1535.663542785032,-78.92880150126325
E0,2017-11-04,Southampton,Burnley,A,5,7,8,7,0.4,0.4,1.0,1.2,0.6,1.4,13.4,5.4,2.4,1.6,12.4,22.2,6,5,0.5,0.5,0.0,4,0.4,0.8,0.0,0.8,1478.0589870913773,1521.5157351738908,-43.45674808251351,1485.0191713251545,1521.4134401473923,-36.39426882223802
E0,2017-11-04,Newcastle,Bournemouth,A,2,9,8,9,0.6,0.3,0.8,1.4,1.0,0.8,15.8,8.0,5.0,2.8,11.0,14.4,0,0,0.0,1.0,0.0,1,0.4,1.4,0.2,0.8,1503.8445663960065,1485.2250222928694,18.61954410313706,1475.41345655616,1484.0587649455351,-8.64530838937526
E0,2017-11-04,Huddersfield,West Brom,H,1,2,9,2,0.4,0.1,0.0,2.0,0.4,1.0,5.0,6.6,1.2,1.8,10.2,13.8,0,0,1.0,0.0,0.0,1,0.0,1.6,0.4,0.8,1506.730830272787,1457.135475039789,49.59535523299792,1475.745711435316,1481.4568746778368,-5.711163242520797
E0,2017-11-04,Southampton,Burnley,A,5,9,8,9,0.3,0.4,1.0,1.2,0.6,1.2,13.4,5.4,2.4,1.0,12.4,17.8,0,0,0.4,0.6,0.0,5,0.4,0.8,0.2,0.8,1469.9519045359727,1529.622817729295,-59.670913193322576,1480.965630047452,1525.466981425095,-44.50135137764255
E0,2017-11-05,Chelsea,Man United,H,9,5,7,5,0.4,0.4,1.6,0.8,0.6,0.8,14.6,7.8,4.8,2.4,11.0,12.4,8,8,0.5,0.25,0.25,4,0.8,0.0,0.4,0.0,1556.430608629363,1538.1526758887549,18.277932740608097,1564.44082507633,1567.081619250914,-2.640794174584016
E0,2017-11-05,Everton,Watford,H,2,5,3,5,0.4,0.6,0.4,2.0,2.0,2.6,13.0,14.0,3.8,4.0,11.6,11.2,7,8,0.5,0.5,0.0,2,0.4,1.0,1.0,1.4,1501.02595198217,1494.0493762364754,6.976575745694618,1482.4102365002989,1472.3791154000178,10.03112110028087
E0,2017-11-05,Man City,Arsenal,H,15,7,15,7,0.8,0.2,2.8,0.8,2.4,1.6,18.4,17.8,6.4,8.4,5.4,10.2,8,8,0.25,0.25,0.5,4,1.4,0.4,1.6,1.2,1578.2636764578235,1521.4133640889029,56.85031236892087,1585.4722680391633,1562.9555458453397,22.516722193823625
E0,2017-11-05,Tottenham,Crystal Palace,H,9,0,13,0,0.4,0.0,2.2,0.8,0.0,3.0,13.8,7.4,5.4,0.4,8.8,15.0,8,8,0.5,0.25,0.25,4,0.6,0.8,0.0,2.0,1553.1621526030913,1450.1402642367182,103.0218883663731,1563.1308470304546,1450.1799387091758,112.9509083212788
E0,2017-11-05,Tottenham,Crystal Palace,H,9,0,15,0,0.5,0.0,2.2,0.8,0.0,2.2,13.8,8.6,5.4,1.0,8.8,12.4,0,0,0.6,0.2,0.2,5,0.6,0.8,0.0,1.4,1553.060648276587,1450.2417685632224,102.8188797133646,1563.0800948672024,1450.230690872428,112.84940399477456
E0,2017-11-05,Man City,Arsenal,H,15,6,15,6,0.9,0.2,2.8,0.8,2.6,2.2,18.4,16.8,6.4,8.6,5.4,9.4,0,0,0.4,0.2,0.4,5,1.4,0.4,1.8,1.6,1583.227435412471,1516.4496051342555,66.77783027821556,1587.954147516487,1560.473666368016,27.48048114847097
E0,2017-11-05,Chelsea,Man United,H,9,2,9,2,0.5,0.3,1.6,0.8,0.4,1.0,14.6,8.0,4.8,2.0,11.0,13.2,0,0,0.6,0.2,0.2,5,0.8,0.0,0.4,0.2,1561.9971072972417,1532.5861772208762,29.410930076365503,1567.2240744102692,1564.2983699169745,2.9257044932946883
E0,2017-11-05,Everton,Watford,H,2,2,3,2,0.4,0.5,0.4,2.0,2.0,3.0,13.0,14.6,3.8,3.8,11.6,11.2,0,0,0.6666666666666666,0.3333333333333333,0.0,3,0.4,1.0,1.2,1.8,1508.841016172429,1486.2343120462165,22.606704126212435,1486.317768595428,1468.4715833048883,17.84618529053978
E0,2017-11-18,Man United,Newcastle,H,1,2,15,2,1.0,0.2,0.4,1.2,0.8,1.4,8.8,15.8,2.2,5.0,13.0,11.0,13,14,1.0,0.0,0.0,2,0.4,0.4,0.4,1.4,1596.010562613073,1446.9823467163135,149.02821589675955,1561.940595615918,1470.1469973533203,91.7935982625977
E0,2017-11-18,Liverpool,Southampton,H,7,5,9,5,0.6,0.3,2.2,2.2,1.0,1.2,14.2,13.4,6.0,2.4,9.6,12.4,14,14,0.5,0.0,0.5,4,0.8,0.8,0.4,0.8,1570.3916117748884,1491.9793555589313,78.41225621595709,1541.1178597560884,1477.7829855595471,63.33487419654125
E0,2017-11-18,Arsenal,Tottenham,H,6,9,15,9,1.0,0.8,2.6,2.4,2.2,0.8,16.2,13.8,8.0,5.4,9.0,8.8,13,13,0.0,0.5,0.5,4,2.0,1.6,0.6,0.8,1604.4977276017764,1573.0995414578178,31.398186143958583,1558.3365417940613,1563.2260693607604,-4.889527566699144
E0,2017-11-18,Crystal Palace,Everton,D,0,2,8,2,0.2,0.0,0.0,1.6,0.4,2.0,9.6,13.0,1.4,3.8,11.2,11.6,13,13,0.25,0.5,0.25,4,0.0,1.2,0.4,1.0,1450.2196131816331,1463.7945210184273,-13.574907836793956,1450.08471637887,1489.7421801575097,-39.657463778639794
E0,2017-11-18,Burnley,Swansea,H,9,1,9,1,0.4,0.2,0.6,1.2,0.4,1.2,5.4,4.8,0.8,1.2,15.8,15.6,14,14,0.0,1.0,0.0,4,0.4,0.8,0.0,1.2,1521.3111451208938,1482.3994392758732,38.911705845020606,1528.6496259129997,1468.9477892784982,59.701836634501205
E0,2017-11-18,Bournemouth,Huddersfield,H,12,1,5,1,0.2,0.2,1.2,0.6,0.0,2.0,10.2,5.0,3.8,1.2,14.0,10.2,14,14,0.5,0.5,0.0,0,0.4,0.6,0.0,1.6,1482.8925075982008,1444.7605925978453,38.13191500035555,1489.325224148375,1478.0485251095188,11.276699038856124
E0,2017-11-18,West Brom,Chelsea,A,1,9,3,9,0.2,0.8,0.2,1.0,1.6,0.8,7.4,14.6,2.2,4.8,13.0,11.0,14,13,0.25,0.75,0.0,4,0.2,0.6,0.8,0.0,1505.7782743158843,1572.451041523297,-66.67276720741256,1479.154061003634,1569.5818487113258,-90.42778770769178
E0,2017-11-18,Leicester,Man City,A,9,15,8,15,0.4,1.0,1.6,1.2,2.8,0.8,11.6,18.4,4.2,6.4,15.8,5.4,14,13,0.25,0.75,0.0,4,0.8,0.8,1.4,0.4,1533.0933277322451,1592.6808596205028,-59.58753188825767,1505.513093914633,1590.0912720904416,-84.57817817580872
E0,2017-11-18,Leicester,Man City,A,9,15,8,15,0.3,1.0,1.6,1.2,2.0,0.8,11.6,15.2,4.2,5.2,15.8,4.4,0,0,0.2,0.8,0.0,5,0.8,0.8,1.0,0.4,1525.9750465744812,1599.7991407782667,-73.82409420378553,1501.953953335751,1593.6504126693235,-91.69645933357263
E0,2017-11-18,Arsenal,Tottenham,H,6,6,15,6,1.0,0.7,2.6,2.4,1.6,0.8,16.2,13.6,8.0,5.2,9.0,9.6,0,0,0.2,0.4,0.4,5,2.0,1.6,0.4,0.4,1613.215036163497,1564.382232896097,48.83280326739964,1562.6951960749216,1558.8674150799002,3.827780995021385
E0,2017-11-18,Bournemouth,Huddersfield,H,12,0,5,0,0.3,0.1,1.2,0.6,0.0,2.8,10.2,7.2,3.8,1.4,14.0,11.4,0,0,1.0,0.0,0.0,1,0.4,0.6,0.0,2.0,1490.672984929634,1436.980115266412,53.692869663222154,1493.2154628140916,1474.1582864438024,19.0571763702892
E0,2017-11-18,Burnley,Swansea,H,9,0,11,0,0.5,0.2,0.6,1.2,0.4,1.6,5.4,6.6,0.8,1.4,15.8,13.6,0,0,0.2,0.8,0.0,5,0.4,0.8,0.0,1.2,1530.3165214433634,1473.3940629534036,56.92245848995981,1533.1523140742345,1464.4451011172634,68.7072129569708
E0,2017-11-18,West Brom,Chelsea,A,1,9,2,9,0.1,0.8,0.2,1.0,1.6,0.8,7.4,15.4,2.2,5.4,13.0,9.8,0,0,0.2,0.8,0.0,5,0.2,0.6,0.6,0.0,1497.6975830398824,1580.5317327992989,-82.8341497594165,1475.113715365633,1573.622194349327,-98.50847898369398
E0,2017-11-18,Man United,Newcastle,H,1,2,15,2,1.0,0.2,0.4,1.2,1.0,2.0,8.8,14.8,2.2,5.0,13.0,12.8,0,0,1.0,0.0,0.0,3,0.4,0.4,0.4,1.6,1601.358460135284,1441.6344491941024,159.72401094118163,1564.6145443770235,1467.4730485922146,97.14149578480897
E0,2017-11-18,Liverpool,Southampton,H,7,2,11,2,0.6,0.3,2.2,2.2,0.8,1.8,14.2,11.8,6.0,1.6,9.6,13.8,0,0,0.6,0.0,0.4,5,0.8,0.8,0.4,1.0,1579.8075756871954,1482.5633916466245,97.2441840405711,1545.825841712242,1473.0750036033935,72.75083810884826
E0,2017-11-18,Crystal Palace,Everton,D,0,3,9,3,0.2,0.0,0.0,1.6,0.8,1.6,9.6,13.2,1.4,4.2,11.2,11.6,0,0,0.2,0.4,0.4,5,0.0,1.2,0.4,0.4,1451.2989732913763,1462.7151609086843,-11.416187617307967,1450.6243964337414,1489.2025001026382,-38.5781036688968
E0,2017-11-19,Watford,West Ham,H,1,5,6,5,0.2,0.0,2.0,3.2,1.2,1.2,13.8,7.4,3.8,3.4,11.4,16.8,14,15,0.5,0.0,0.5,2,1.4,2.4,0.0,1.2,1450.7088545635602,1446.908360975234,3.8004935883261624,1465.0471717428068,1451.280424312712,13.76674743009471
E0,2017-11-19,Watford,West Ham,H,1,4,9,4,0.3,0.0,2.0,3.2,1.2,1.6,13.8,7.6,3.8,4.4,11.4,19.0,0,0,0.6666666666666666,0.0,0.3333333333333333,3,1.4,2.4,0.0,1.4,1458.671956375035,1438.9452591637591,19.726697211275905,1469.0287226485443,1447.2988734069745,21.72984924156981
E0,2017-11-20,Brighton,Stoke,D,12,6,7,6,0.4,0.2,1.6,0.4,1.4,3.2,6.6,7.0,3.0,2.0,16.2,16.0,16,16,0.5,0.5,0.0,0,0.4,0.2,0.6,1.8,1516.1916371924217,1482.6443806672946,33.54725652512684,1514.4231809810954,1487.6505436731022,26.772637307993136
E0,2017-11-20,Brighton,Stoke,D,12,7,5,7,0.4,0.2,1.6,0.4,1.6,3.2,6.6,7.0,3.0,2.4,16.2,15.0,0,0,0.0,0.0,1.0,1,0.4,0.2,0.4,1.8,1512.422285358225,1486.413732501491,26.008552856734013,1512.538505063997,1489.5352195902003,23.003285473796495
E0,2017-11-24,West Ham,Leicester,D,3,9,3,9,0.4,0.2,1.0,1.8,1.6,1.2,8.0,11.6,4.4,4.2,18.4,15.8,5,6,0.25,0.75,0.0,4,0.0,1.4,0.8,0.8,1455.65248765019,1477.932860097021,-22.280372446830825,1444.137773380308,1498.4771260462817,-54.33935266597382
E0,2017-11-24,West Ham,Leicester,D,3,9,1,9,0.3,0.2,1.0,1.8,1.8,1.4,8.0,11.4,4.4,4.4,18.4,13.6,0,0,0.2,0.6,0.2,5,0.0,1.4,0.8,0.8,1458.6654089988967,1474.9199387483145,-16.254529749417543,1445.644234054661,1496.9706653719284,-51.32643131726741
E0,2017-11-25,Newcastle,Watford,A,1,1,7,1,0.6,0.4,0.8,2.4,2.0,3.2,13.4,13.8,5.0,3.8,13.6,11.4,7,6,0.5,0.5,0.0,0,0.2,1.6,1.4,2.4,1493.311647990327,1479.3854889220534,13.926159068273591,1465.428711938342,1472.189822675211,-6.761110736868886
E0,2017-11-25,Swansea,Bournemouth,D,0,12,3,12,0.2,0.4,0.4,1.8,1.2,0.6,8.0,10.2,1.4,3.8,15.0,14.0,7,7,0.0,1.0,0.0,2,0.0,1.0,0.4,0.6,1455.4961392811233,1495.757940698549,-40.26180141742566,1460.0975138988529,1496.594118699536,-36.496604800683144
E0,2017-11-25,Tottenham,West Brom,D,3,1,15,1,0.6,0.0,0.8,1.2,0.2,1.0,13.6,7.4,4.6,2.2,11.2,13.0,7,7,0.5,0.25,0.25,4,0.2,0.4,0.2,0.6,1553.3525972637033,1452.5298476913836,100.82274957231972,1555.455586474167,1471.814318415528,83.64126805863907
E0,2017-11-25,Crystal Palace,Stoke,H,0,8,7,8,0.2,0.2,0.0,1.6,1.6,2.2,9.6,8.6,1.4,3.4,11.2,12.8,7,5,0.5,0.25,0.25,4,0.0,1.2,0.2,1.2,1452.5051972787996,1489.5812366841665,-37.07603940536683,1451.227508427453,1491.1189716815384,-39.891463254085465
E0,2017-11-25,Man United,Brighton,H,1,12,15,12,1.0,0.4,0.4,1.2,1.6,0.4,8.8,6.6,2.2,3.0,13.0,16.2,7,5,0.5,0.5,0.0,0,0.4,0.4,0.4,0.2,1605.447133443029,1512.6547247697692,92.79240867326008,1566.6588810308965,1510.9547529726594,55.70412805823685
E0,2017-11-25,Liverpool,Chelsea,D,7,12,13,12,0.6,0.8,2.2,2.2,2.2,0.4,14.2,14.6,6.0,5.8,9.6,8.4,7,7,0.25,0.25,0.5,4,0.8,0.8,0.8,0.0,1586.9666411126336,1587.130526699509,-0.1638855868752671,1549.405374424961,1576.9215912994318,-27.51621687447073
E0,2017-11-25,Man United,Brighton,H,1,12,15,12,1.0,0.4,0.4,1.2,1.6,0.2,8.8,6.4,2.2,3.2,13.0,14.2,0,0,1.0,0.0,0.0,1,0.4,0.4,0.4,0.2,1609.896270133721,1508.2055880790776,101.69068205464328,1568.883449376242,1508.7301846273135,60.15326474892845
E0,2017-11-25,Newcastle,Watford,A,1,3,6,3,0.5,0.4,0.8,2.4,2.2,2.8,13.4,13.2,5.0,4.0,13.6,12.0,0,0,0.0,1.0,0.0,1,0.2,1.6,1.4,2.4,1477.3054616720333,1495.391675240347,-18.086213568313724,1457.4256187791952,1480.1929158343578,-22.767297055162544
E0,2017-11-25,Swansea,Bournemouth,D,0,13,1,13,0.2,0.4,0.4,1.8,1.2,0.4,8.0,11.0,1.4,4.6,15.0,12.4,0,0,0.0,0.6666666666666666,0.3333333333333333,3,0.0,1.0,0.4,0.4,1456.9901444157636,1494.2639355639087,-37.273791148145165,1460.844516466173,1495.847116132216,-35.0025996660429
E0,2017-11-25,Crystal Palace,Stoke,H,0,8,7,8,0.3,0.2,0.0,1.6,1.4,1.2,9.6,9.4,1.4,3.8,11.2,10.8,0,0,0.6,0.2,0.2,5,0.0,1.2,0.2,0.8,1462.1187334931217,1479.9677004698449,-17.848966976723204,1456.0342765346138,1486.3122035743772,-30.277927039763423
E0,2017-11-25,Tottenham,West Brom,D,3,1,13,1,0.6,0.0,0.8,1.2,0.2,1.0,13.6,7.4,4.6,2.4,11.2,15.6,0,0,0.4,0.2,0.4,5,0.2,0.4,0.0,0.6,1548.5296244667302,1457.3528204883569,91.17680397837351,1553.0441000756805,1474.2258048140145,78.81829526166598
E0,2017-11-25,Liverpool,Chelsea,D,7,13,13,13,0.5,0.7,2.2,2.2,2.2,0.2,14.2,13.8,6.0,5.4,9.6,8.8,0,0,0.2,0.2,0.6,5,0.8,0.8,1.0,0.2,1587.6701200409389,1586.4270477712037,1.243072269735194,1549.7571138891135,1576.5698518352792,-26.812737946165495
E0,2017-11-26,Southampton,Everton,H,2,3,7,3,0.2,0.0,0.6,2.0,1.0,1.8,8.6,12.2,1.0,4.0,14.6,12.4,8,8,0.5,0.5,0.0,4,0.2,1.0,0.2,0.2,1463.586615560163,1461.508936921261,2.0776786389019435,1469.4954708906744,1488.5993881089266,-19.103917218252263
E0,2017-11-26,Burnley,Arsenal,A,9,6,13,6,0.6,0.2,0.6,1.2,2.6,2.4,5.4,16.2,0.8,8.0,15.8,9.0,8,8,0.0,1.0,0.0,4,0.4,0.8,2.0,1.6,1539.0116958801843,1512.175355986346,26.836339893838385,1537.4999012926446,1566.1070246806548,-28.607123388010223
E0,2017-11-26,Huddersfield,Man City,A,0,15,12,15,0.4,1.0,0.0,3.2,2.2,0.8,9.8,14.2,1.6,4.8,12.2,4.0,8,8,0.5,0.5,0.0,0,0.0,2.2,1.0,0.4,1511.3364576211925,1606.7527953572055,-95.41633773601302,1470.779630558358,1597.127239958793,-126.3476094004352
E0,2017-11-26,Huddersfield,Man City,A,0,15,12,15,0.4,1.0,0.0,3.2,2.4,1.0,9.8,13.6,1.6,4.6,12.2,4.0,0,0,0.0,1.0,0.0,1,0.0,2.2,1.2,0.4,1507.920801796383,1610.168451182015,-102.24764938563136,1469.071802645953,1598.8350678711977,-129.7632652252446
E0,2017-11-26,Southampton,Everton,H,2,2,9,2,0.3,0.0,0.6,2.0,1.0,2.4,8.6,10.6,1.0,3.2,14.6,13.4,0,0,0.6,0.4,0.0,5,0.2,1.0,0.0,0.6,1479.311117174389,1445.784435307035,33.526681867354,1477.3577216977874,1480.7371373018136,-3.379415604026235
E0,2017-11-26,Burnley,Arsenal,A,9,9,12,9,0.5,0.3,0.6,1.2,2.6,2.0,5.4,17.8,0.8,7.2,15.8,8.4,0,0,0.0,1.0,0.0,5,0.4,0.8,2.2,1.2,1532.503640517063,1518.6834113494672,13.820229167595926,1534.245873611084,1569.361052362215,-35.115178751131225
E0,2017-11-28,Watford,Man United,A,6,1,9,1,0.4,0.2,2.4,2.0,0.4,1.2,12.4,8.8,3.8,2.2,11.6,13.0,3,3,0.5,0.5,0.0,2,1.4,1.8,0.4,0.4,1464.9941564283688,1527.870628618763,-62.876472190394225,1486.9320052875337,1571.0896780270325,-84.1576727394986
E0,2017-11-28,Leicester,Tottenham,H,7,3,7,3,0.2,0.6,1.6,1.4,0.8,1.2,10.6,13.6,3.6,4.6,11.4,11.2,4,3,0.0,0.75,0.25,4,0.6,0.6,0.2,0.4,1519.0213919955424,1557.5585756846308,-38.53718368908835,1495.4128788476717,1550.612914129494,-55.20003528182224
E0,2017-11-28,Brighton,Crystal Palace,D,9,0,5,0,0.4,0.0,1.0,0.4,0.0,1.6,6.6,9.6,2.6,1.4,14.0,11.2,3,3,0.5,0.5,0.0,0,0.2,0.4,0.0,1.2,1509.2547811755496,1449.9498195761062,59.30496159944346,1506.5239559765232,1460.7121995259804,45.811756450542816
E0,2017-11-28,West Brom,Newcastle,D,2,1,1,1,0.0,0.2,0.4,1.0,0.8,2.4,7.0,13.4,2.4,5.0,16.4,13.6,3,3,0.0,0.5,0.5,2,0.0,0.6,0.2,1.6,1491.0987891396724,1437.5457758863572,53.55301325331516,1476.656990760201,1450.6865293260194,25.970461434181743
E0,2017-11-28,Watford,Man United,A,6,3,6,3,0.4,0.3,2.4,2.0,1.2,1.6,12.4,10.6,3.8,3.4,11.6,11.6,0,0,0.3333333333333333,0.6666666666666666,0.0,3,1.4,1.8,0.6,0.8,1452.732412691666,1540.1323723554658,-87.39995966379979,1480.8011334191824,1577.2205498953836,-96.41941647620116
E0,2017-11-28,Leicester,Tottenham,H,7,0,9,0,0.3,0.5,1.6,1.4,0.2,1.6,10.6,14.4,3.6,4.4,11.4,11.4,0,0,0.2,0.6,0.2,5,0.6,0.6,0.2,0.4,1526.966961867711,1549.6130058124622,-22.646043944751227,1499.385663783756,1546.6401291934096,-47.25446540965368
E0,2017-11-28,Brighton,Crystal Palace,D,9,1,5,1,0.3,0.0,1.0,0.4,0.0,0.8,6.6,10.4,2.6,2.0,14.0,9.6,0,0,0.0,0.0,1.0,1,0.2,0.4,0.0,0.8,1505.8765650385826,1453.3280357130732,52.548529325509435,1504.8348479080398,1462.401307594464,42.43354031357581
E0,2017-11-28,West Brom,Newcastle,D,2,1,1,1,0.0,0.1,0.4,1.0,0.8,2.4,7.0,12.4,2.4,4.8,16.4,12.8,0,0,0.0,0.3333333333333333,0.6666666666666666,3,0.0,0.6,0.4,1.4,1489.5776061257443,1439.0669589002853,50.510647225459024,1475.8963992532372,1451.4471208329835,24.449278420253677
E0,2017-11-29,Bournemouth,Burnley,A,11,9,7,9,0.4,0.4,0.8,0.2,0.6,1.2,11.4,5.4,5.0,0.8,12.4,15.8,4,3,0.5,0.5,0.0,2,0.4,0.2,0.4,0.8,1497.430296700523,1535.988106705105,-38.55781000458205,1494.8997372206788,1531.657997952228,-36.75826073154917
E0,2017-11-29,Everton,West Ham,H,2,3,6,3,0.4,0.0,1.2,2.8,1.0,1.8,8.4,8.0,3.2,4.4,15.0,18.4,3,5,0.75,0.0,0.25,4,0.0,1.2,0.0,1.4,1515.689839296592,1432.6230591104254,83.06678018616662,1474.6010378621309,1447.2020205789177,27.3990172832132
E0,2017-11-29,Stoke,Liverpool,A,5,7,5,7,0.2,0.4,1.4,1.6,2.2,2.2,10.0,14.2,4.0,6.0,10.2,9.6,4,4,0.25,0.75,0.0,4,0.4,1.2,0.8,0.8,1492.65670667891,1511.8441077372886,-19.187401058378555,1481.6342805830109,1550.0414500612237,-68.40716947821284
E0,2017-11-29,Chelsea,Swansea,H,11,0,12,0,0.6,0.2,2.2,0.4,0.4,1.8,12.4,8.0,5.0,1.4,10.6,15.0,4,4,0.75,0.0,0.25,4,1.0,0.4,0.0,1.0,1566.7126558993548,1464.6988885165829,102.01376738277212,1576.285515663169,1461.7918953777105,114.49362028545876
E0,2017-11-29,Man City,Southampton,H,15,2,15,2,1.0,0.2,2.2,0.8,0.6,2.0,13.4,8.6,4.6,1.0,3.6,14.6,3,3,0.75,0.0,0.25,4,1.4,0.2,0.2,1.0,1587.501684560381,1475.404326221186,112.09735833919468,1600.491766646228,1483.49382113747,116.99794550875777
E0,2017-11-29,Arsenal,Huddersfield,H,9,0,15,0,1.0,0.0,1.8,1.6,0.0,3.2,15.2,9.8,4.8,1.6,8.4,12.2,3,3,0.5,0.5,0.0,0,1.6,1.0,0.0,2.2,1620.0386933749635,1430.222803495523,189.8158898794404,1571.9489280210714,1467.4151038709228,104.53382415014858
E0,2017-11-29,Stoke,Liverpool,A,5,9,2,9,0.2,0.5,1.4,1.6,2.6,2.0,10.0,13.6,4.0,7.0,10.2,10.0,0,0,0.2,0.8,0.0,5,0.4,1.2,1.2,0.8,1478.4161407680544,1526.0846736481442,-47.66853288008974,1474.513997627583,1557.1617330166516,-82.64773538906866
E0,2017-11-29,Man City,Southampton,H,15,2,15,2,1.0,0.2,2.2,0.8,0.6,2.0,13.4,5.8,4.6,0.8,3.6,16.4,0,0,0.8,0.0,0.2,5,1.4,0.2,0.2,1.2,1589.0656632708342,1473.8403475107325,115.2253157601017,1601.2737560014548,1482.7118317822433,118.5619242192115
E0,2017-11-29,Everton,West Ham,H,2,2,9,2,0.5,0.0,1.2,2.8,0.8,2.4,8.4,7.8,3.2,3.8,15.0,16.0,0,0,0.8,0.0,0.2,5,0.0,1.2,0.0,1.6,1522.5870363162771,1425.7258620907403,96.86117422553684,1478.0496363719735,1443.7534220690752,34.296214302898306
E0,2017-11-29,Chelsea,Swansea,H,11,0,15,0,0.6,0.1,2.2,0.4,0.4,1.8,12.4,7.2,5.0,1.2,10.6,17.4,0,0,0.8,0.0,0.2,5,1.0,0.4,0.0,1.0,1569.896751440917,1461.5147929750208,108.38195846589588,1577.87756343395,1460.199847606929,117.67771582702062
E0,2017-11-29,Bournemouth,Burnley,A,11,9,6,9,0.4,0.5,0.8,0.2,0.8,1.4,11.4,6.4,5.0,1.2,12.4,13.2,0,0,0.3333333333333333,0.6666666666666666,0.0,3,0.4,0.2,0.6,1.0,1487.980504483411,1545.437898922217,-57.45739443880598,1490.174841112123,1536.382894060784,-46.20805294866091
E0,2017-11-29,Arsenal,Huddersfield,H,9,0,15,0,1.0,0.0,1.8,1.6,0.0,3.8,15.2,9.8,4.8,1.6,8.4,15.0,0,0,1.0,0.0,0.0,1,1.6,1.0,0.0,2.8,1621.2067143109416,1429.054782559545,192.15193175139663,1572.5329384890606,1466.831093402934,105.7018450861267
E0,2017-12-02,Watford,Tottenham,D,6,0,6,0,0.4,0.4,2.4,2.0,0.4,1.8,12.4,15.4,3.8,4.8,11.6,10.6,4,4,0.0,1.0,0.0,2,1.4,1.8,0.4,0.2,1443.2890827223864,1542.6927370255155,-99.40365430312907,1476.0794684345424,1543.179994799936,-67.10052636539376
E0,2017-12-02,West Brom,Crystal Palace,D,2,2,2,2,0.0,0.0,0.4,1.0,0.0,0.6,7.0,10.4,2.4,2.8,16.4,10.2,4,4,0.5,0.25,0.25,4,0.0,0.6,0.0,0.6,1488.1479737924535,1455.878599982735,32.26937380971867,1475.1815830865917,1463.6765897292948,11.504993357296826
E0,2017-12-02,Stoke,Swansea,H,5,0,2,0,0.2,0.0,1.4,1.6,0.2,1.6,10.0,6.8,4.0,0.8,10.2,18.2,3,3,0.5,0.5,0.0,4,0.4,1.2,0.0,0.8,1466.42490708477,1458.761634819323,7.663272265446949,1468.5183807859407,1458.8232685290805,9.695112256860284
E0,2017-12-02,Leicester,Burnley,H,7,12,9,12,0.4,0.6,1.6,1.4,1.2,1.0,10.6,7.2,3.6,2.0,11.4,12.2,4,3,0.5,0.25,0.25,4,0.6,0.6,0.8,0.8,1533.8872306546575,1553.43282932649,-19.545598671832295,1502.8457981772294,1540.3803592629204,-37.53456108569094
E0,2017-12-02,Everton,Huddersfield,H,2,0,12,0,0.6,0.0,1.2,2.8,0.0,4.2,8.4,11.0,3.2,2.0,15.0,16.0,3,3,0.5,0.5,0.0,0,0.0,1.2,0.0,3.0,1528.938463693917,1428.2682983061732,100.67016538774374,1481.2253500607935,1466.437851276248,14.787498784545503
E0,2017-12-02,Chelsea,Newcastle,H,11,2,15,2,0.6,0.0,2.2,0.4,1.2,2.6,12.4,12.8,5.0,4.6,10.6,12.0,3,4,0.5,0.5,0.0,2,1.0,0.4,0.8,1.4,1572.6499095966144,1440.4965912335758,132.15331836303858,1579.2541425117988,1452.1619369996288,127.09220551217004
E0,2017-12-02,Watford,Tottenham,D,6,1,7,1,0.4,0.3,2.4,2.0,0.6,1.8,12.4,14.4,3.8,4.4,11.6,9.6,0,0,0.0,0.6666666666666666,0.3333333333333333,3,1.4,1.8,0.4,0.0,1446.5205087841096,1539.4613109637924,-92.9408021796828,1477.695181465404,1541.5642817690746,-63.86910030367062
E0,2017-12-02,Brighton,Liverpool,A,9,12,5,12,0.2,0.6,1.0,0.4,3.0,1.2,6.6,14.0,2.6,7.0,14.0,9.2,4,3,0.5,0.5,0.0,0,0.2,0.4,1.6,0.6,1503.3260007689207,1538.0759073314289,-34.74990656250793,1503.5595657732088,1563.157349858294,-59.597784085085095
E0,2017-12-02,Arsenal,Man United,A,9,6,15,6,1.0,0.4,1.8,1.6,1.8,1.6,15.2,11.8,4.8,4.2,8.4,13.0,3,4,0.25,0.25,0.5,4,1.6,1.0,0.6,1.2,1621.9931985643134,1549.5757023247454,72.41749623956798,1572.9261806157465,1581.9422148800236,-9.016034264277096
E0,2017-12-02,West Brom,Crystal Palace,D,2,3,3,3,0.0,0.0,0.4,1.0,0.0,0.4,7.0,10.4,2.4,3.2,16.4,12.8,0,0,0.4,0.2,0.4,5,0.0,0.6,0.0,0.4,1489.0435272249058,1454.983046550283,34.060480674622795,1475.6293598028178,1463.2288130130687,12.400546789749114
E0,2017-12-02,Everton,Huddersfield,H,2,0,15,0,0.6,0.0,1.2,2.8,0.0,4.0,8.4,11.8,3.2,2.6,15.0,14.0,0,0,1.0,0.0,0.0,1,0.0,1.2,0.0,2.8,1533.6007853982403,1423.6059766018495,109.994808796391,1483.5565109129552,1464.106690424086,19.449820488869136
E0,2017-12-02,Chelsea,Newcastle,H,11,2,15,2,0.7,0.0,2.2,0.4,1.4,3.0,12.4,12.0,5.0,4.0,10.6,14.2,0,0,0.6666666666666666,0.3333333333333333,0.0,3,1.0,0.4,0.8,1.4,1576.382697226141,1436.7638036040491,139.61889362209195,1581.1205363265622,1450.2955431848654,130.82499314169672
E0,2017-12-02,Stoke,Swansea,H,5,0,5,0,0.3,0.0,1.4,1.6,0.2,1.6,10.0,8.0,4.0,1.0,10.2,16.8,0,0,0.6,0.4,0.0,5,0.4,1.2,0.0,0.4,1470.285623105624,1454.900918798469,15.384704307154834,1470.4487387963677,1456.8929105186537,13.555828277714228
E0,2017-12-02,Leicester,Burnley,H,7,12,9,12,0.5,0.6,1.6,1.4,1.2,0.6,10.6,8.8,3.6,2.8,11.4,12.4,0,0,0.6,0.2,0.2,5,0.6,0.6,0.8,0.4,1541.031744775691,1546.2883152054565,-5.256570429765134,1506.418055237746,1536.8081022024037,-30.39004696465736
E0,2017-12-02,Arsenal,Man United,A,9,9,12,9,0.9,0.4,1.8,1.6,2.2,1.4,15.2,11.6,4.8,4.4,8.4,18.6,0,0,0.2,0.4,0.4,5,1.6,1.0,0.6,1.4,1605.2280749081383,1566.3408259809205,38.88724892721825,1564.543618787659,1590.324776708111,-25.78115792045196
E0,2017-12-02,Brighton,Liverpool,A,9,15,4,15,0.1,0.6,1.0,0.4,3.8,0.6,6.6,14.0,2.6,6.8,14.0,7.6,0,0,0.0,1.0,0.0,1,0.2,0.4,2.2,0.6,1493.1472430183608,1548.2546650819886,-55.10742206362784,1498.470186897929,1568.246728733574,-69.77654183564505
E0,2017-12-03,Bournemouth,Southampton,D,11,1,6,1,0.4,0.2,0.8,0.2,0.6,2.2,11.4,6.0,5.0,1.0,12.4,20.2,4,4,0.0,0.5,0.5,2,0.4,0.2,0.4,1.4,1479.985574079138,1472.6395475610404,7.346026518097688,1486.1773759099865,1482.1114318073974,4.065944102589128
E0,2017-12-03,Man City,West Ham,H,15,1,15,1,1.0,0.0,2.2,0.8,0.4,2.8,13.4,8.0,4.6,4.0,3.6,13.8,4,4,0.75,0.25,0.0,4,1.4,0.2,0.0,1.6,1590.2664632205262,1419.3744347131003,170.89202850742572,1601.8741559763007,1440.5777083802554,161.29644759604523
E0,2017-12-03,Man City,West Ham,H,15,0,15,0,1.0,0.0,2.2,0.8,0.2,2.8,13.4,8.2,4.6,4.4,3.6,14.8,0,0,0.8,0.2,0.0,5,1.4,0.2,0.0,1.6,1590.0011033671335,1419.639794566493,170.3613088006407,1601.7414760496044,1440.7103883069517,161.03108774265274
E0,2017-12-03,Bournemouth,Southampton,D,11,1,7,1,0.3,0.1,0.8,0.2,0.6,2.2,11.4,7.8,5.0,1.6,12.4,22.0,0,0,0.0,0.3333333333333333,0.6666666666666666,3,0.4,0.2,0.6,1.2,1475.7366929402976,1476.888428699881,-1.151735759583289,1484.052935340566,1484.2358723768175,-0.18293703625136
E0,2017-12-09,Swansea,West Brom,H,0,2,2,2,0.2,0.0,0.4,1.6,0.4,1.0,7.4,7.0,1.4,2.4,15.6,16.4,7,7,0.5,0.5,0.0,4,0.0,0.4,0.0,0.6,1458.8849022388376,1462.2151923807298,-3.330290141892192,1454.90029439192,1475.8749013694649,-20.97460697754491
E0,2017-12-09,Newcastle,Leicester,A,2,7,3,7,0.4,0.2,1.4,2.8,1.6,1.4,11.2,10.6,3.4,3.6,15.6,11.4,7,7,0.5,0.5,0.0,2,0.8,1.2,0.6,0.6,1463.8272827656815,1471.8043656998009,-7.977082934119153,1448.778505050293,1509.8248858499037,-61.04638079961069
E0,2017-12-09,Huddersfield,Brighton,H,0,9,9,9,0.4,0.4,0.0,3.6,1.0,0.4,8.8,6.6,2.6,2.6,13.0,14.0,7,7,0.5,0.5,0.0,0,0.0,2.8,0.2,0.4,1504.6074042463229,1503.793130777497,0.8142734688258315,1461.703060982774,1494.6684012312185,-32.96534024844459
E0,2017-12-09,Crystal Palace,Bournemouth,D,4,11,9,11,0.4,0.4,0.0,0.2,0.8,0.2,10.2,11.4,3.0,5.0,14.4,12.4,7,6,0.5,0.0,0.5,2,0.0,0.2,0.4,0.2,1471.4745794758546,1492.3691777408346,-20.894598264980004,1462.983271446422,1482.0751260169336,-19.09185457051171
E0,2017-12-09,Tottenham,Stoke,H,2,5,11,5,0.6,0.2,0.8,1.6,1.4,1.6,13.2,10.0,4.0,4.0,8.0,10.2,7,7,0.5,0.5,0.0,4,0.4,0.0,0.4,1.2,1543.667252574357,1470.6118544871115,73.05539808724552,1540.008261484409,1472.4413549231012,67.56690656130786
E0,2017-12-09,West Ham,Chelsea,H,0,11,2,11,0.2,0.6,0.4,2.8,2.2,0.4,7.6,12.4,4.0,5.0,16.2,10.6,6,7,0.0,1.0,0.0,4,0.0,1.8,1.0,0.4,1461.78098204741,1585.8583754269837,-124.07739337957332,1440.876952084378,1582.6375744611346,-141.7606223767566
E0,2017-12-09,Burnley,Watford,H,9,6,9,6,0.4,0.4,1.0,0.8,2.4,2.0,10.6,12.4,3.4,3.8,13.0,11.6,7,7,0.5,0.5,0.0,2,0.6,0.4,1.4,1.8,1527.3278891993507,1508.8698541466986,18.45803505265212,1533.401271590246,1479.2512017500696,54.15006984017623
E0,2017-12-09,Crystal Palace,Bournemouth,D,4,9,9,9,0.4,0.4,0.0,0.2,0.8,0.4,10.2,12.2,3.0,5.4,14.4,15.2,0,0,0.3333333333333333,0.0,0.6666666666666666,3,0.0,0.2,0.4,0.0,1473.752410847464,1490.0913463692252,-16.338935521761186,1464.1221871322264,1480.936210331129,-16.814023198902305
E0,2017-12-09,Huddersfield,Brighton,H,0,6,9,6,0.5,0.4,0.0,3.6,0.4,0.8,8.8,6.6,2.6,2.0,13.0,14.6,0,0,1.0,0.0,0.0,1,0.0,2.8,0.0,0.4,1517.900897799055,1490.499637224765,27.401260574290063,1468.3498077591398,1488.0216544548523,-19.671846695712706
E0,2017-12-09,Newcastle,Leicester,A,2,7,0,7,0.3,0.3,1.4,2.8,1.8,1.6,11.2,11.0,3.4,3.4,15.6,9.6,0,0,0.3333333333333333,0.6666666666666666,0.0,3,0.8,1.2,0.8,0.6,1457.076206643141,1478.5554418223417,-21.47923517920071,1445.4029669890228,1513.2004239111743,-67.79745692215147
E0,2017-12-09,Swansea,West Brom,H,0,2,5,2,0.3,0.0,0.4,1.6,0.4,1.0,7.4,7.0,1.4,2.2,15.6,16.0,0,0,0.6,0.4,0.0,5,0.0,0.4,0.0,0.6,1467.1381337780597,1453.961960841508,13.176172936551438,1459.0269101615309,1471.748285599854,-12.721375438323092
E0,2017-12-09,West Ham,Chelsea,H,0,8,5,8,0.3,0.5,0.4,2.8,2.0,0.6,7.6,12.6,4.0,4.4,16.2,10.2,0,0,0.2,0.8,0.0,5,0.0,1.8,0.8,0.4,1476.0188145690352,1571.6205429053584,-95.60172833632328,1447.9958683451905,1575.518658200322,-127.52278985513158
E0,2017-12-09,Tottenham,Stoke,H,2,2,11,2,0.7,0.2,0.8,1.6,1.4,2.6,13.2,9.6,4.0,4.2,8.0,11.6,0,0,0.6,0.4,0.0,5,0.4,0.0,0.6,2.0,1552.6632132136667,1461.6158938478018,91.04731936586496,1544.5062418040638,1467.9433746034465,76.56286720061757
E0,2017-12-09,Burnley,Watford,H,9,6,9,6,0.5,0.3,1.0,0.8,2.0,1.4,10.6,11.4,3.4,3.2,13.0,10.4,0,0,0.6666666666666666,0.3333333333333333,0.0,3,0.6,0.4,1.2,1.2,1534.602291890705,1501.5954514553443,33.00684043536057,1537.038472935923,1475.6140004043923,61.424472531530455
E0,2017-12-10,Southampton,Arsenal,D,2,9,9,9,0.4,0.4,0.8,1.8,1.8,1.6,9.8,15.2,2.4,4.8,21.0,8.4,7,8,0.25,0.75,0.0,4,0.8,1.0,1.6,1.0,1491.583316053754,1523.8591626671796,-32.27584661342553,1486.2136817004505,1556.6271620121468,-70.4134803116965
E0,2017-12-10,Man United,Man City,A,12,15,15,15,1.0,1.0,2.8,1.4,2.2,0.8,11.2,13.4,4.8,4.6,21.6,3.6,8,7,0.25,0.5,0.25,4,0.8,1.4,1.4,0.2,1614.3087274353015,1613.4818487320752,0.8268787032263845,1598.241233483623,1601.5749122721782,-3.333678788555062
E0,2017-12-10,Liverpool,Everton,D,15,2,11,2,0.4,0.0,4.0,0.6,1.2,2.8,13.4,8.4,6.6,3.2,7.6,15.0,8,8,0.5,0.0,0.5,4,2.4,0.6,0.0,1.2,1588.238792385159,1433.51223642767,154.72655595748915,1572.048514400284,1485.9601403542674,86.08837404601672
E0,2017-12-10,Liverpool,Everton,D,15,3,9,3,0.4,0.0,4.0,0.6,1.4,2.6,13.4,5.8,6.6,3.2,7.6,17.8,0,0,0.4,0.0,0.6,5,2.4,0.6,0.2,1.2,1580.5262317801487,1441.2247970326805,139.30143474746842,1568.192234097779,1489.8164206567726,78.37581344100636
E0,2017-12-10,Southampton,Arsenal,D,2,7,7,7,0.4,0.4,0.8,1.8,1.0,1.4,9.8,11.4,2.4,3.2,21.0,8.0,0,0,0.2,0.6,0.2,5,0.8,1.0,1.0,0.8,1495.3054035783484,1520.1370751425852,-24.831671564236785,1488.0747254627472,1554.7661182498496,-66.69139278710236
E0,2017-12-10,Man United,Man City,A,12,15,12,15,0.9,1.0,2.8,1.4,2.0,0.6,11.2,13.2,4.8,5.0,21.6,4.0,0,0,0.2,0.6,0.2,5,0.8,1.4,1.4,0.0,1609.583217201818,1618.2073589655586,-8.624141763740454,1595.8784783668816,1603.93766738892,-8.059189022038254
E0,2017-12-12,Burnley,Stoke,H,9,1,9,1,0.6,0.2,1.0,0.8,1.2,3.2,10.6,7.8,3.4,3.6,13.0,13.8,3,3,0.5,0.25,0.25,4,0.6,0.4,0.8,2.6,1541.3193836653334,1454.8713195473,86.44806411803324,1540.3970188232372,1464.5710874531956,75.82593137004164
E0,2017-12-12,Crystal Palace,Watford,H,4,6,9,6,0.4,0.2,0.0,0.2,1.6,1.0,10.2,11.4,3.0,3.0,14.4,10.0,3,3,0.5,0.0,0.5,2,0.0,0.2,0.8,0.6,1475.2114548525958,1494.878359680716,-19.666904828120096,1464.8517091347924,1472.2554545170783,-7.403745382285933
E0,2017-12-12,Huddersfield,Chelsea,A,0,5,9,5,0.6,0.4,0.0,3.6,1.2,0.8,8.8,14.2,2.6,3.4,13.0,9.8,3,3,0.5,0.5,0.0,0,0.0,2.8,0.6,0.4,1528.6624620395569,1558.300672272135,-29.63821023257833,1473.730589879391,1568.8587228837105,-95.1281330043198
E0,2017-12-12,Burnley,Stoke,H,9,0,9,0,0.7,0.2,1.0,0.8,0.8,3.0,10.6,8.0,3.4,3.8,13.0,14.0,0,0,0.6,0.2,0.2,5,0.6,0.4,0.8,2.6,1541.8815761246833,1454.3091270879502,87.57244903673313,1540.6781150529123,1464.2899912235205,76.38812382939182
E0,2017-12-12,Crystal Palace,Watford,H,4,6,11,6,0.4,0.2,0.0,0.2,1.4,0.8,10.2,10.6,3.0,2.8,14.4,10.8,0,0,0.6666666666666666,0.0,0.3333333333333333,3,0.0,0.2,0.4,0.4,1484.9846069582902,1485.1052075750215,-0.1206006167312807,1469.7382851876396,1467.368878464231,2.369406723408474
E0,2017-12-12,Huddersfield,Chelsea,A,0,5,6,5,0.6,0.5,0.0,3.6,1.0,1.0,8.8,14.4,2.6,3.0,13.0,9.8,0,0,0.0,1.0,0.0,1,0.0,2.8,0.6,0.6,1520.2088483787977,1566.7542859328942,-46.54543755409668,1469.5037830490112,1573.08552971409,-103.58174666507875
E0,2017-12-13,Liverpool,West Brom,D,15,2,7,2,0.4,0.0,4.0,0.6,0.4,1.0,13.4,6.6,6.6,1.8,7.6,18.2,3,4,0.75,0.0,0.25,4,2.4,0.6,0.0,0.8,1572.7603528858635,1446.3366531424354,126.4236997434282,1564.3092946506365,1467.9356317503175,96.373662900319
E0,2017-12-13,Man United,Bournemouth,H,12,7,9,7,0.8,0.4,2.8,1.4,1.0,0.8,11.2,11.2,4.8,5.2,21.6,16.8,3,4,0.5,0.0,0.5,2,0.8,1.4,0.2,0.0,1605.1181147204754,1488.6323023640934,116.48581235638198,1593.6459271262102,1480.206688328563,113.43923879764723
E0,2017-12-13,Newcastle,Everton,A,2,3,0,3,0.2,0.0,1.4,2.8,1.2,2.4,11.2,4.8,3.4,2.6,15.6,19.2,4,3,0.5,0.5,0.0,2,0.8,1.2,0.4,1.2,1451.27879738336,1448.9906759269654,2.2881214563947196,1442.5042623591323,1493.6993601039153,-51.19509774478297
E0,2017-12-13,Tottenham,Brighton,H,2,3,11,3,0.8,0.4,0.8,1.6,0.2,1.2,13.2,7.0,4.0,2.0,8.0,16.0,4,4,0.5,0.5,0.0,0,0.4,0.0,0.0,0.4,1559.4077875141684,1479.7380729842632,79.66971452990515,1547.8785289543148,1482.6408723346017,65.2376566197131
E0,2017-12-13,Man United,Bournemouth,H,12,4,9,4,0.8,0.4,2.8,1.4,0.8,1.0,11.2,10.8,4.8,5.4,21.6,15.4,0,0,0.6666666666666666,0.0,0.3333333333333333,3,0.8,1.4,0.0,0.0,1606.1824372600142,1487.5679798245546,118.6144574354596,1594.1780883959796,1479.6745270587935,114.50356133718606
E0,2017-12-13,Tottenham,Brighton,H,2,0,11,0,0.8,0.4,0.8,1.6,0.0,1.6,13.2,7.4,4.0,2.4,8.0,18.6,0,0,1.0,0.0,0.0,1,0.4,0.0,0.0,0.6,1563.2439292535096,1475.901931244922,87.34199800858755,1549.7965998239854,1480.7228014649309,69.07379835905454
E0,2017-12-13,West Ham,Arsenal,D,0,8,8,8,0.4,0.4,0.4,2.8,1.0,1.0,7.6,12.4,4.0,3.8,16.2,7.4,4,3,0.0,1.0,0.0,4,0.0,1.8,1.0,0.4,1489.3386852022586,1517.445612947514,-28.10692774525546,1454.655803661802,1553.420387152314,-98.764583490512
E0,2017-12-13,West Ham,Arsenal,D,0,9,9,9,0.3,0.4,0.4,2.8,0.8,0.4,7.6,15.6,4.0,3.8,16.2,6.8,0,0,0.0,0.8,0.2,5,0.0,1.8,0.8,0.0,1490.7681418576292,1516.0161562921437,-25.24801443451429,1455.3705319894875,1552.7056588246287,-97.33512683514118
E0,2017-12-13,Newcastle,Everton,A,2,5,0,5,0.2,0.1,1.4,2.8,1.0,2.0,11.2,4.6,3.4,2.4,15.6,19.2,0,0,0.3333333333333333,0.6666666666666666,0.0,3,0.8,1.2,0.4,1.2,1441.3376943132682,1458.931778997057,-17.594084683789106,1437.5337108240865,1498.6699116389614,-61.13620081487488
E0,2017-12-13,Swansea,Man City,A,0,15,8,15,0.4,1.0,0.4,1.6,2.0,0.8,7.4,13.6,1.4,5.6,15.6,5.2,4,3,0.0,1.0,0.0,4,0.0,0.4,1.4,0.0,1474.763441477132,1622.6724614469013,-147.90901996976936,1462.839564011067,1606.170218629591,-143.33065461852402
E0,2017-12-13,Southampton,Leicester,A,2,9,8,9,0.4,0.4,0.8,1.8,2.0,1.6,9.8,10.8,2.4,3.6,21.0,9.4,3,4,0.5,0.25,0.25,4,0.8,1.0,1.0,0.6,1497.9968657734196,1484.3528510821225,13.644014691297116,1489.420456560283,1516.0991285410646,-26.6786719807817
E0,2017-12-13,Liverpool,West Brom,D,15,3,5,3,0.4,0.0,4.0,0.6,0.4,0.8,13.4,6.0,6.6,1.4,7.6,19.6,0,0,0.6,0.0,0.4,5,2.4,0.6,0.0,0.8,1566.3368891577827,1452.7601168705162,113.57677228726652,1561.097562786596,1471.147363614358,89.95019917223794
E0,2017-12-13,Swansea,Man City,A,0,15,8,15,0.3,1.0,0.4,1.6,2.4,0.8,7.4,15.8,1.4,6.8,15.6,6.2,0,0,0.0,1.0,0.0,5,0.0,0.4,1.6,0.0,1472.9964491870062,1624.439453737027,-151.44300455002076,1461.956067866004,1607.053714774654,-145.09764690864995
E0,2017-12-13,Southampton,Leicester,A,2,11,8,11,0.4,0.5,0.8,1.8,2.4,1.4,9.8,11.2,2.4,5.0,21.0,9.6,0,0,0.4,0.4,0.2,5,0.8,1.0,1.0,0.6,1486.2629478201054,1496.0867690354366,-9.823821215331236,1483.5534975836258,1521.9660875177217,-38.41258993409588
E0,2017-12-16,Arsenal,Newcastle,H,7,2,9,2,0.8,0.0,0.6,0.4,1.4,2.8,16.6,11.2,4.0,3.4,6.4,15.6,3,3,1.0,0.0,0.0,2,0.6,0.0,0.8,1.2,1589.395161357114,1433.7297273349045,155.6654340222094,1551.694052894808,1433.084698047896,118.60935484691208
E0,2017-12-16,Watford,Huddersfield,A,3,0,5,0,0.4,0.0,1.0,1.2,0.0,3.6,9.6,8.8,2.4,2.6,11.2,13.0,4,4,0.5,0.5,0.0,0,0.2,0.8,0.0,2.8,1449.6325493534407,1418.798717719225,30.833831634215812,1463.0401438738909,1465.7670774944245,-2.7269336205338277
E0,2017-12-16,Stoke,West Ham,A,0,0,7,0,0.4,0.0,0.6,2.8,0.4,2.8,9.0,7.6,4.6,4.0,14.0,16.2,4,3,0.0,0.0,1.0,4,0.6,2.4,0.0,1.8,1474.2708553590908,1419.9729221213456,54.29793323774515,1464.0743947655465,1456.3821379193082,7.6922568462382515
E0,2017-12-16,Man City,Tottenham,H,15,2,15,2,1.0,0.2,2.8,0.6,0.8,1.6,17.6,13.2,7.8,4.0,6.8,8.0,3,3,0.5,0.25,0.25,4,1.6,0.0,0.4,0.0,1589.6679758122812,1536.3492703944612,53.31870541781995,1607.8028682083896,1551.1747060463615,56.62816216202782
E0,2017-12-16,Leicester,Crystal Palace,A,13,4,12,4,0.6,0.0,3.0,1.4,0.0,0.2,13.0,10.2,6.8,3.0,10.4,14.4,3,4,0.25,0.5,0.25,4,1.2,0.8,0.0,0.2,1547.8454060000067,1454.491963416989,93.3534425830178,1526.740511480339,1474.06701977798,52.67349170235866
E0,2017-12-16,Leicester,Crystal Palace,A,13,7,12,7,0.6,0.1,3.0,1.4,0.6,0.0,13.0,10.6,6.8,3.6,10.4,14.2,0,0,0.2,0.6,0.2,5,1.2,0.8,0.2,0.0,1521.698217596491,1480.6391518205046,41.05906577598648,1513.6669172785807,1487.1406139797375,26.526303298843004
E0,2017-12-16,Watford,Huddersfield,A,3,3,2,3,0.3,0.1,1.0,1.2,0.8,3.0,9.6,7.8,2.4,3.8,11.2,13.4,0,0,0.0,1.0,0.0,1,0.2,0.8,0.4,2.6,1429.018286526279,1439.4129805463865,-10.394694020107409,1452.73301246031,1476.0742089080052,-23.34119644769521
E0,2017-12-16,Stoke,West Ham,A,0,3,6,3,0.3,0.1,0.6,2.8,1.0,2.4,9.0,8.4,4.6,4.2,14.0,16.2,0,0,0.0,0.2,0.8,5,0.6,2.4,0.4,1.6,1450.5665811871834,1443.677196293253,6.889384893930355,1452.2222576795923,1468.2342750052617,-16.01201732566915
E0,2017-12-16,Man City,Tottenham,H,15,2,15,2,1.0,0.1,2.8,0.6,1.0,2.0,17.6,11.8,7.8,3.6,6.8,9.2,0,0,0.6,0.2,0.2,5,1.6,0.0,0.6,0.6,1596.541284342407,1529.4759618643354,67.0653224780715,1611.2395224734523,1547.738051781299,63.50147069215336
E0,2017-12-16,Chelsea,Southampton,H,7,2,15,2,0.8,0.0,1.4,1.0,0.8,1.8,14.6,9.8,3.4,2.4,8.0,21.0,4,3,0.5,0.0,0.5,4,0.6,0.6,0.8,1.0,1579.4167734952855,1480.8440473471462,98.57272614813952,1576.8222352686766,1478.779073621009,98.0431616476676
E0,2017-12-16,Chelsea,Southampton,H,7,2,15,2,0.9,0.0,1.4,1.0,0.8,1.4,14.6,10.0,3.4,2.8,8.0,21.6,0,0,0.6,0.0,0.4,5,0.6,0.6,0.8,0.8,1581.2989160037753,1478.961904838657,102.3370111651186,1577.7633065229215,1477.8380023667642,99.92530415615738
E0,2017-12-16,Brighton,Burnley,D,0,9,3,9,0.0,0.6,0.0,1.8,1.0,0.8,7.2,10.6,2.8,3.4,20.6,13.0,3,4,0.5,0.5,0.0,0,0.0,0.6,0.6,0.4,1485.54367168494,1539.474653981141,-53.93098229620114,1479.3446952425545,1540.8937115108863,-61.5490162683318
E0,2017-12-16,Arsenal,Newcastle,H,7,2,9,2,0.8,0.0,0.6,0.4,1.2,2.2,16.6,10.8,4.0,2.8,6.4,17.0,0,0,1.0,0.0,0.0,3,0.6,0.0,0.8,0.8,1590.042026204918,1433.0828624871003,156.95916371781777,1552.01748531871,1432.761265623994,119.25621969471604
E0,2017-12-16,Brighton,Burnley,D,0,7,3,7,0.0,0.5,0.0,1.8,0.8,0.8,7.2,11.8,2.8,4.4,20.6,12.8,0,0,0.0,0.0,1.0,1,0.0,0.6,0.4,0.4,1488.82202120934,1536.196304456741,-47.37428324740108,1480.9838700047544,1539.2545367486864,-58.270666743932
E0,2017-12-17,West Brom,Man United,A,3,12,4,12,0.0,0.4,0.2,0.6,2.8,1.4,6.2,11.2,1.2,4.8,17.6,21.6,4,4,0.25,0.25,0.5,4,0.0,0.6,0.8,1.4,1489.5346103582,1582.1737395319449,-92.639129173745,1474.3004838019667,1594.591573326161,-120.2910895241946
E0,2017-12-17,Bournemouth,Liverpool,A,3,15,5,15,0.2,0.6,0.8,1.2,4.0,0.6,11.8,13.4,5.8,6.6,15.2,7.6,4,4,0.5,0.0,0.5,2,0.0,0.0,2.4,0.6,1471.7810742930324,1555.8582364154097,-84.0771621223771,1479.2610421286115,1557.9444425989873,-78.68340047037555
E0,2017-12-17,West Brom,Man United,A,3,15,4,15,0.0,0.5,0.2,0.6,3.2,1.4,6.2,10.8,1.2,5.0,17.6,20.4,0,0,0.2,0.4,0.4,5,0.0,0.6,0.8,1.4,1487.0470671996495,1584.661282690495,-97.61421549084524,1473.0567122226917,1595.8353449054362,-122.7786326827445
E0,2017-12-17,Bournemouth,Liverpool,A,3,15,2,15,0.2,0.7,0.8,1.2,4.0,0.4,11.8,14.6,5.8,6.6,15.2,7.6,0,0,0.3333333333333333,0.3333333333333333,0.3333333333333333,3,0.0,0.0,2.2,0.4,1465.648591969156,1561.9907187392855,-96.34212677012964,1476.1948009666737,1561.0106837609255,-84.81588279425182
E0,2017-12-18,Everton,Swansea,H,8,0,15,0,0.6,0.0,1.0,1.2,0.4,1.6,5.0,7.4,2.8,1.4,19.0,15.6,5,5,0.0,0.25,0.75,4,0.4,0.6,0.0,0.4,1538.4080442808652,1450.9156865450022,87.49235773586292,1503.1189244151517,1461.2069144322686,41.912009982882864
E0,2017-12-18,Everton,Swansea,H,8,0,15,0,0.7,0.0,1.0,1.2,0.6,1.8,5.0,6.4,2.8,1.8,19.0,14.8,0,0,0.2,0.2,0.6,5,0.4,0.6,0.0,0.8,1544.8171220021225,1444.506608823745,100.3105131783775,1506.3234632757803,1458.0023755716402,48.321087704140155
E0,2017-12-22,Arsenal,Liverpool,D,7,15,9,15,0.8,0.8,0.6,0.4,4.2,0.4,16.6,16.0,4.0,6.6,6.4,6.8,6,5,0.1666666666666666,0.6666666666666666,0.1666666666666666,6,0.6,0.0,2.0,0.4,1590.560249539206,1567.195150206927,23.365099332278533,1552.276596985854,1563.6128994947462,-11.336302508892231
E0,2017-12-22,Arsenal,Liverpool,D,7,13,7,13,0.7,0.8,0.6,0.4,4.2,1.0,16.6,16.0,4.0,7.0,6.4,7.0,0,0,0.1428571428571428,0.5714285714285714,0.2857142857142857,7,0.6,0.0,2.0,1.0,1588.9804076732112,1568.774992072922,20.205415600289143,1551.4866760528566,1564.4028204277438,-12.916144374887152
E0,2017-12-23,Southampton,Huddersfield,D,2,6,5,6,0.4,0.2,0.6,1.2,1.6,2.2,9.8,9.4,2.8,5.2,21.2,11.8,7,7,0.0,0.0,1.0,2,0.6,0.4,0.8,2.0,1476.7140998948717,1456.708393775407,20.00570611946432,1476.9476341256145,1484.7219155225157,-7.774281396901188
E0,2017-12-23,Man City,Bournemouth,H,15,3,15,3,1.0,0.4,2.8,0.6,0.8,1.2,17.6,11.8,7.8,5.8,6.8,15.2,7,6,1.0,0.0,0.0,4,1.6,0.0,0.0,0.0,1602.142144508175,1486.741009964191,115.40113454398374,1614.0399525563366,1473.5925852328528,140.44736732348383
E0,2017-12-23,Leicester,Man United,D,13,15,9,15,0.6,0.6,3.0,1.4,2.8,1.2,13.0,9.4,6.8,4.2,10.4,20.4,7,6,0.1666666666666666,0.8333333333333334,0.0,6,1.2,0.8,0.6,1.2,1499.0772000916393,1586.5452128923628,-87.4680128007235,1502.3564085261548,1596.77731000637,-94.4209014802152
E0,2017-12-23,Everton,Chelsea,D,8,7,15,7,0.8,0.6,1.0,1.2,1.4,1.0,5.0,14.6,2.8,3.4,19.0,8.0,5,7,0.0,1.0,0.0,6,0.4,0.6,0.6,0.6,1550.5250624046394,1574.2276970420678,-23.70263463742845,1509.177433477039,1578.6536747640712,-69.47624128703251
E0,2017-12-23,Burnley,Tottenham,A,5,2,12,2,0.8,0.0,0.4,0.6,1.0,2.4,12.0,9.6,4.8,2.8,13.2,11.8,7,7,0.0,0.5,0.5,6,0.2,0.2,0.6,1.2,1542.3127690406316,1523.8751016985673,18.437667342064287,1537.7349484875208,1544.937621698415,-7.2026732108940905
E0,2017-12-23,Brighton,Watford,H,0,3,3,3,0.0,0.2,0.0,1.8,1.0,1.2,7.2,9.6,2.8,2.4,20.6,11.2,7,7,0.0,0.0,1.0,2,0.0,0.6,0.2,0.8,1491.8611977316712,1476.4477383943406,15.41345933733055,1482.50345826592,1444.0853058457994,38.41815242012058
E0,2017-12-23,West Ham,Newcastle,A,6,1,9,1,0.2,0.0,1.6,1.6,0.8,2.0,9.8,10.0,5.0,2.4,18.0,20.0,7,7,0.25,0.75,0.0,4,0.8,1.2,0.4,0.6,1492.7913537172706,1432.5646391528126,60.22671456445801,1477.9266464848515,1432.5021539568502,45.42449252800134
E0,2017-12-23,Stoke,West Brom,H,0,3,6,3,0.2,0.0,0.6,2.8,0.2,0.6,9.0,6.2,4.6,1.2,14.0,17.6,7,6,0.1666666666666666,0.3333333333333333,0.5,6,0.6,2.4,0.0,0.6,1431.181838228004,1459.0663572457336,-27.884519017729644,1442.529886200003,1472.1147471217578,-29.584860921754853
E0,2017-12-23,Swansea,Crystal Palace,D,0,9,7,9,0.2,0.2,0.8,2.2,1.2,0.0,7.6,11.2,2.4,4.0,13.0,14.4,5,7,0.6666666666666666,0.1666666666666666,0.1666666666666666,6,0.0,1.0,0.4,0.0,1471.4981423195352,1503.2601693253564,-31.76202700582121,1455.1484053703816,1498.4511227321636,-43.302717361782015
E0,2017-12-23,Brighton,Watford,H,0,0,5,0,0.1,0.2,0.0,1.8,0.4,1.4,7.2,9.8,2.8,1.8,20.6,11.6,0,0,0.3333333333333333,0.0,0.6666666666666666,3,0.0,0.6,0.0,1.0,1501.8664351283824,1466.4425009976294,35.42393413075297,1487.5060769642755,1439.0826871474435,48.423389816832014
E0,2017-12-23,Burnley,Tottenham,A,5,5,12,5,0.7,0.1,0.4,0.6,1.4,2.0,12.0,9.6,4.8,3.2,13.2,11.4,0,0,0.0,0.5714285714285714,0.4285714285714285,7,0.2,0.2,0.8,1.2,1522.8397244421744,1543.3481462970244,-20.508421854849985,1527.998426188292,1554.6741439976436,-26.675717809351458
E0,2017-12-23,Everton,Chelsea,D,8,7,13,7,0.8,0.5,1.0,1.2,1.2,0.8,5.0,17.4,2.8,4.4,19.0,5.8,0,0,0.0,0.8571428571428571,0.1428571428571428,7,0.4,0.6,0.4,0.4,1551.774610932525,1572.9781485141818,-21.20353758165652,1509.8022077409817,1578.0289005001282,-68.22669275914654
E0,2017-12-23,Leicester,Man United,D,13,13,7,13,0.5,0.6,3.0,1.4,2.4,1.2,13.0,10.2,6.8,4.0,10.4,20.2,0,0,0.1428571428571428,0.7142857142857143,0.1428571428571428,7,1.2,0.8,0.6,1.0,1499.0464748885374,1586.5759380954646,-87.52946320692718,1502.3410459246038,1596.792672607921,-94.45162668331729
E0,2017-12-23,Man City,Bournemouth,H,15,2,15,2,1.0,0.3,2.8,0.6,0.8,2.0,17.6,11.0,7.8,5.0,6.8,16.0,0,0,1.0,0.0,0.0,5,1.6,0.0,0.0,0.6,1605.0797526020342,1483.8034018703322,121.276350731702,1615.5087566032662,1472.1237811859232,143.38497541734296
E0,2017-12-23,Southampton,Huddersfield,D,2,7,3,7,0.3,0.2,0.6,1.2,1.8,1.4,9.8,10.0,2.8,5.4,21.2,10.0,0,0,0.0,0.0,1.0,3,0.6,0.4,1.0,1.2,1478.1266140489868,1455.2958796212922,22.83073442769455,1477.653891202672,1484.015658445458,-6.3617672427860725
E0,2017-12-23,Stoke,West Brom,H,0,2,9,2,0.3,0.0,0.6,2.8,0.2,1.0,9.0,8.6,4.6,2.2,14.0,14.6,0,0,0.2857142857142857,0.2857142857142857,0.4285714285714285,7,0.6,2.4,0.2,0.6,1441.534448864452,1448.7137466092854,-7.17929774483332,1447.7061915182271,1466.9384418035338,-19.23225028530669
E0,2017-12-23,Swansea,Crystal Palace,D,0,9,7,9,0.2,0.2,0.8,2.2,1.4,0.2,7.6,11.8,2.4,4.2,13.0,13.8,0,0,0.5714285714285714,0.1428571428571428,0.2857142857142857,7,0.0,1.0,0.6,0.2,1472.7575727289584,1502.0007389159332,-29.243166186974804,1455.7781205750932,1497.8214075274525,-42.04328695235904
E0,2017-12-23,West Ham,Newcastle,A,6,3,8,3,0.2,0.1,1.6,1.6,1.0,2.0,9.8,9.4,5.0,2.4,18.0,22.2,0,0,0.2,0.8,0.0,5,0.8,1.2,0.4,0.6,1481.6959975096386,1443.6599953604446,38.03600214919402,1472.3789683810355,1438.0498320606662,34.329136320369344
E0,2017-12-26,Liverpool,Swansea,H,11,0,5,0,0.4,0.0,3.8,1.4,0.8,2.2,16.4,7.6,7.6,2.4,8.0,13.0,4,3,0.75,0.25,0.0,4,1.8,1.4,0.0,1.0,1560.030648782565,1438.798668421228,121.23198036133726,1565.2938226707397,1456.4617269553355,108.83209571540397
E0,2017-12-26,Bournemouth,West Ham,D,1,6,2,6,0.2,0.2,0.4,2.4,1.6,1.6,9.8,9.8,4.2,5.0,14.0,18.0,3,3,0.5,0.5,0.0,2,0.0,1.2,0.8,1.2,1460.4441605015145,1463.0619392524322,-2.6177787509177506,1470.9273501393625,1467.135977450185,3.7913726891772512
E0,2017-12-26,Chelsea,Brighton,H,8,0,15,0,1.0,0.4,1.2,0.6,0.0,1.8,18.6,7.2,5.6,2.8,5.8,20.6,3,3,0.5,0.5,0.0,0,0.4,0.4,0.0,0.6,1583.0796524860748,1473.145718800169,109.93393368590569,1577.068724557094,1491.8449042810353,85.22382027605863
E0,2017-12-26,Huddersfield,Stoke,D,8,0,6,0,0.6,0.2,2.0,1.2,0.6,2.8,11.0,9.0,5.4,4.6,11.2,14.0,3,3,0.5,0.5,0.0,0,1.2,0.8,0.6,2.4,1512.7354372696238,1453.877934172002,58.85750309762193,1483.0550797883975,1452.836498982895,30.218580805502825
E0,2017-12-26,Liverpool,Swansea,H,11,0,7,0,0.4,0.0,3.8,1.4,0.8,3.0,16.4,8.6,7.6,3.2,8.0,13.2,0,0,0.8,0.2,0.0,5,1.8,1.4,0.0,1.6,1561.6479092326397,1437.1814079711537,124.46650126148596,1566.1024528957769,1455.6530967302986,110.44935616547832
E0,2017-12-26,Man United,Burnley,D,11,5,9,5,0.8,0.4,2.2,1.4,0.4,0.6,12.4,12.0,4.4,4.8,15.8,13.2,3,3,0.5,0.0,0.5,4,0.6,1.0,0.2,0.2,1607.0094071203775,1533.1571279344098,73.85227918596775,1596.8597769912692,1520.1399520898426,76.71982490142659
E0,2017-12-26,Tottenham,Southampton,H,7,2,13,2,0.8,0.0,1.8,1.8,0.6,1.2,11.6,9.8,4.4,2.8,11.2,21.2,3,3,0.75,0.0,0.25,4,1.2,1.2,0.6,0.4,1566.0001416982625,1477.1811683563571,88.81897334190535,1562.5326180960928,1478.6144698597325,83.9181482363606
E0,2017-12-26,Watford,Leicester,H,0,13,2,13,0.2,0.6,0.4,1.4,3.0,1.4,10.2,13.0,1.6,6.8,12.8,10.4,3,3,0.5,0.5,0.0,2,0.0,1.2,1.2,0.8,1411.7228732972585,1505.6356169606704,-93.91274366341212,1434.7438598306842,1502.2739415412557,-67.5300817105715
E0,2017-12-26,West Brom,Everton,D,2,8,3,8,0.0,0.2,0.4,1.4,1.0,1.2,10.6,5.0,3.4,2.8,12.8,19.0,3,3,0.0,0.75,0.25,4,0.4,0.6,0.4,0.6,1485.163136997782,1467.829804549438,17.33333244834398,1461.8081343388662,1510.762383684016,-48.95424934514972
E0,2017-12-26,Man United,Burnley,D,11,3,7,3,0.7,0.4,2.2,1.4,0.4,0.8,12.4,10.6,4.4,4.4,15.8,15.8,0,0,0.4,0.0,0.6,5,0.6,1.0,0.0,0.4,1604.187820683702,1535.9787143710853,68.20910631261677,1595.4489837729316,1521.5507453081805,73.8982384647511
E0,2017-12-26,Tottenham,Southampton,H,7,2,15,2,0.8,0.0,1.8,1.8,0.8,1.8,11.6,11.6,4.4,3.6,11.2,19.2,0,0,0.8,0.0,0.2,5,1.2,1.2,0.8,0.6,1568.5055084434257,1474.6758016111942,93.8297068322313,1563.7853014686743,1477.3617864871508,86.42351498152357
E0,2017-12-26,Bournemouth,West Ham,D,1,7,3,7,0.2,0.2,0.4,2.4,2.2,1.4,9.8,10.4,4.2,5.4,14.0,21.6,0,0,0.3333333333333333,0.3333333333333333,0.3333333333333333,3,0.0,1.2,1.2,1.2,1460.7248520139344,1462.7812477400123,-2.0563957260778807,1471.0676958955723,1466.9956316939752,4.072064201597186
E0,2017-12-26,Chelsea,Brighton,H,8,0,15,0,1.0,0.3,1.2,0.6,0.0,2.0,18.6,7.2,5.6,2.6,5.8,22.6,0,0,1.0,0.0,0.0,1,0.4,0.4,0.0,0.8,1585.0410184817947,1471.1843528044492,113.85666567734552,1578.049407554954,1490.8642212831755,87.18518627177855
E0,2017-12-26,Watford,Leicester,H,0,12,5,12,0.3,0.5,0.4,1.4,3.0,1.6,10.2,13.8,1.6,7.4,12.8,11.0,0,0,0.6666666666666666,0.3333333333333333,0.0,3,0.0,1.2,1.2,1.0,1422.995863312114,1494.3626269458146,-71.36676363370043,1440.380354838112,1496.637446533828,-56.25709169571587
E0,2017-12-26,Huddersfield,Stoke,D,8,1,7,1,0.5,0.1,2.0,1.2,0.6,2.6,11.0,10.2,5.4,5.4,11.2,15.6,0,0,0.0,0.0,1.0,1,1.2,0.8,0.6,2.0,1508.0121505362615,1458.601220905364,49.410929630897726,1480.6934364217166,1455.1981423495756,25.49529407214095
E0,2017-12-26,West Brom,Everton,D,2,9,3,9,0.0,0.2,0.4,1.4,0.8,0.4,10.6,5.4,3.4,3.0,12.8,19.0,0,0,0.0,0.6,0.4,5,0.4,0.6,0.4,0.0,1482.4587999888404,1470.5341415583796,11.924658430460797,1460.455965834395,1512.1145521884869,-51.65858635409154
E0,2017-12-27,Newcastle,Man City,A,6,15,0,15,0.2,1.0,1.4,1.8,2.8,0.6,10.0,17.6,2.8,7.8,21.4,6.8,4,4,0.0,1.0,0.0,2,0.8,0.6,1.6,0.0,1432.4396687608876,1625.937760604498,-193.4980918436104,1443.2928229915165,1616.7051876498272,-173.4123646583107
E0,2017-12-27,Newcastle,Man City,A,6,15,0,15,0.1,1.0,1.4,1.8,2.6,0.4,10.0,19.2,2.8,8.0,21.4,7.2,0,0,0.0,1.0,0.0,3,0.8,0.6,1.2,0.0,1432.286488397521,1626.0909409678643,-193.80445257034353,1443.2162328098332,1616.7817778315105,-173.56554502167728
E0,2017-12-28,Crystal Palace,Arsenal,A,9,7,11,7,0.4,0.4,1.6,0.4,0.6,0.4,12.4,16.6,4.8,4.0,11.2,6.4,5,6,0.25,0.75,0.0,4,0.8,0.4,0.6,0.0,1493.642076138971,1513.992944432502,-20.350868293530993,1497.1378011472098,1550.5956738098605,-53.45787266265074
E0,2017-12-28,Crystal Palace,Arsenal,A,9,7,8,7,0.4,0.4,1.6,0.4,1.0,0.8,12.4,16.4,4.8,5.4,11.2,8.0,0,0,0.2,0.8,0.0,5,0.8,0.4,0.8,0.4,1485.9962074914768,1521.6388130799965,-35.6426055885197,1493.3148668234626,1554.4186081336077,-61.1037413101451
E0,2017-12-30,Man United,Southampton,D,11,1,8,1,0.6,0.0,2.2,1.4,1.0,2.6,12.4,11.8,4.4,4.0,15.8,19.2,4,4,0.6666666666666666,0.1666666666666666,0.1666666666666666,6,0.6,1.0,1.0,1.2,1600.7530036913763,1471.6781267000413,129.07487699133503,1593.7315752767686,1475.8629490315743,117.86862624519426
E0,2017-12-30,Chelsea,Stoke,H,8,2,15,2,1.0,0.0,1.2,0.6,0.6,1.8,18.6,12.4,5.6,6.2,5.8,15.2,4,4,1.0,0.0,0.0,6,0.4,0.4,0.6,1.2,1586.7383866995087,1462.9555324213325,123.78285427817627,1578.898091663811,1457.37529810756,121.52279355625114
E0,2017-12-30,Bournemouth,Everton,H,1,9,3,9,0.2,0.2,0.4,2.4,0.6,0.2,9.8,6.2,4.2,3.2,14.0,17.8,4,4,0.25,0.75,0.0,4,0.0,1.2,0.2,0.0,1460.6218616471592,1472.79403259153,-12.17217094437092,1471.0162007121846,1513.244497705062,-42.22829699287741
E0,2017-12-30,Newcastle,Brighton,D,6,0,0,0,0.0,0.2,1.4,1.8,0.0,2.0,10.0,7.4,2.8,2.4,21.4,23.8,3,4,0.0,1.0,0.0,2,0.8,0.6,0.0,1.2,1432.19245186321,1469.4869845867352,-37.29453272352521,1443.1692145426778,1490.0155371743183,-46.84632263164076
E0,2017-12-30,Watford,Swansea,A,0,0,7,0,0.4,0.0,0.4,1.4,0.6,3.6,10.2,8.0,1.6,3.4,12.8,15.6,4,4,0.75,0.0,0.25,4,0.0,1.2,0.0,2.4,1433.4722212773604,1435.603842196732,-2.1316209193716986,1445.6185338207351,1454.8643138430878,-9.24578002235262
E0,2017-12-30,Huddersfield,Burnley,D,8,4,5,4,0.4,0.4,2.0,1.2,0.8,1.0,11.0,8.4,5.4,4.0,11.2,17.2,4,4,0.0,0.0,1.0,2,1.2,0.8,0.0,0.8,1503.6578390202933,1539.413531363411,-35.755692343117744,1478.5162806637322,1523.2681538043437,-44.751873140611224
E0,2017-12-30,Liverpool,Leicester,H,11,9,9,9,0.4,0.4,3.8,1.4,2.6,1.6,16.4,13.4,7.6,7.4,8.0,11.2,4,4,0.6666666666666666,0.1666666666666666,0.1666666666666666,6,1.8,1.4,0.8,1.0,1563.2254750070613,1483.8862689805685,79.339206026493,1566.8912357829877,1491.3992675512047,75.49196823178295
E0,2017-12-30,Bournemouth,Everton,H,1,8,5,8,0.2,0.2,0.4,2.4,0.6,0.4,9.8,6.8,4.2,3.0,14.0,17.0,0,0,0.4,0.6,0.0,5,0.0,1.2,0.2,0.2,1469.6503868902876,1463.7655073484018,5.884879541885766,1475.530463333749,1508.730235083498,-33.19977174974929
E0,2017-12-30,Chelsea,Stoke,H,8,2,15,2,1.0,0.0,1.2,0.6,0.4,1.8,18.6,11.8,5.6,5.8,5.8,15.4,0,0,1.0,0.0,0.0,7,0.4,0.4,0.4,0.8,1590.9571065478883,1458.7368125729529,132.22029397493588,1581.007451588001,1455.26593818337,125.74151340463096
E0,2017-12-30,Huddersfield,Burnley,D,8,5,3,5,0.3,0.3,2.0,1.2,0.8,0.8,11.0,7.8,5.4,4.0,11.2,14.6,0,0,0.0,0.0,1.0,3,1.2,0.8,0.0,0.8,1500.8221059357286,1542.2492644479755,-41.42715851224716,1477.09841412145,1524.6860203466258,-47.58760622517593
E0,2017-12-30,Man United,Southampton,D,11,1,9,1,0.5,0.0,2.2,1.4,0.8,2.4,12.4,10.4,4.4,3.8,15.8,19.0,0,0,0.5714285714285714,0.1428571428571428,0.2857142857142857,7,0.6,1.0,0.8,1.2,1593.883941795259,1478.5471885961583,115.33675319910049,1590.29704432871,1479.297479979633,110.999564349077
E0,2017-12-30,Newcastle,Brighton,D,6,1,1,1,0.0,0.1,1.4,1.8,0.0,1.6,10.0,8.0,2.8,2.6,21.4,22.2,0,0,0.0,0.6666666666666666,0.3333333333333333,3,0.8,0.6,0.0,1.2,1430.7695596351405,1470.9098768148046,-40.14031717966418,1442.4577684286428,1490.726983288353,-48.269214859710246
E0,2017-12-30,Watford,Swansea,A,0,3,6,3,0.3,0.1,0.4,1.4,0.8,3.4,10.2,7.8,1.6,3.6,12.8,15.4,0,0,0.6,0.2,0.2,5,0.0,1.2,0.4,2.4,1424.3149894534731,1444.7610740206194,-20.446084567146272,1441.0399179087915,1459.4429297550314,-18.40301184623968
E0,2017-12-30,Liverpool,Leicester,H,11,6,11,6,0.4,0.4,3.8,1.4,2.2,1.6,16.4,12.2,7.6,6.6,8.0,12.6,0,0,0.7142857142857143,0.1428571428571428,0.1428571428571428,7,1.8,1.4,0.4,1.2,1567.438713500317,1479.6730304873129,87.76568301300381,1568.9978550296155,1489.2926483045771,79.70520672503835
E0,2017-12-31,Crystal Palace,Man City,D,9,15,7,15,0.4,1.0,1.6,0.4,2.4,0.2,12.4,20.8,4.8,7.8,11.2,6.8,3,4,0.1666666666666666,0.8333333333333334,0.0,6,0.8,0.4,1.0,0.0,1478.6696914577506,1626.1849775021756,-147.515286044425,1489.6516088065994,1616.828796098666,-127.17718729206648
E0,2017-12-31,Crystal Palace,Man City,D,9,13,7,13,0.4,0.9,1.6,0.4,2.0,0.0,12.4,21.0,4.8,7.2,11.2,7.2,0,0,0.1428571428571428,0.7142857142857143,0.1428571428571428,7,0.8,0.4,0.8,0.0,1484.2088455500173,1620.6458234099089,-136.4369778598916,1492.4211858527328,1614.0592190525326,-121.6380331997998
E0,2017-12-31,West Brom,Arsenal,D,2,9,3,9,0.0,0.4,0.4,1.4,1.4,1.0,10.6,17.4,3.4,6.0,12.8,10.0,5,3,0.1666666666666666,0.8333333333333334,0.0,6,0.4,0.6,1.0,0.8,1480.1989089556898,1528.9653291137226,-48.766420158032815,1459.3260203178202,1558.081866150471,-98.75584583265072
E0,2017-12-31,West Brom,Arsenal,D,2,9,3,9,0.0,0.4,0.4,1.4,1.4,1.0,10.6,18.0,3.4,5.6,12.8,11.6,0,0,0.1428571428571428,0.7142857142857143,0.1428571428571428,7,0.4,0.6,1.0,1.0,1483.737737830157,1525.4265002392551,-41.688762409098445,1461.0954347550537,1556.3124517132371,-95.21701695818342
E0,2018-01-01,Stoke,Newcastle,A,2,6,9,6,0.4,0.2,0.4,2.6,1.4,1.8,9.2,10.0,4.6,2.8,17.6,21.4,2,2,0.25,0.5,0.25,4,0.4,1.0,0.8,0.6,1451.7950637937872,1454.1459772221451,-2.350913428358126,1453.3745431067646,1442.0850033921492,11.28953971461533
E0,2018-01-01,Leicester,Huddersfield,H,3,8,5,8,0.4,0.2,1.6,1.8,2.0,1.2,10.4,11.0,4.6,5.4,13.6,11.2,2,2,0.0,0.0,1.0,2,0.2,1.4,1.2,0.8,1498.9122661218412,1453.3747223071714,45.53754381466979,1487.6200820187332,1476.0514017491005,11.568680269632978
E0,2018-01-01,Brighton,Bournemouth,D,2,1,8,1,0.2,0.2,0.0,1.2,0.4,2.4,8.6,9.8,2.4,4.2,19.4,14.0,2,2,0.0,1.0,0.0,2,0.0,1.0,0.0,1.2,1510.5440897619017,1481.41053977721,29.133549984691623,1491.0997483248466,1479.716325333051,11.383422991795667
E0,2018-01-01,Burnley,Liverpool,A,5,11,9,11,0.6,0.8,0.8,0.8,3.8,1.4,7.8,16.4,3.6,7.6,12.8,8.0,2,2,0.1666666666666666,0.5,0.3333333333333333,6,0.0,0.8,1.8,1.4,1507.1227762452756,1570.5569965589143,-63.43422031363866,1525.7330327189754,1570.6704213154594,-44.93738859648397
E0,2018-01-01,Leicester,Huddersfield,H,3,8,5,8,0.5,0.2,1.6,1.8,2.0,1.4,10.4,11.2,4.6,5.0,13.6,12.2,0,0,0.3333333333333333,0.0,0.6666666666666666,3,0.2,1.4,1.2,1.0,1512.5121809757834,1439.7748074532292,72.73737352255421,1494.4200394457043,1469.2514443221291,25.168595123575187
E0,2018-01-01,Stoke,Newcastle,A,2,9,6,9,0.4,0.3,0.4,2.6,1.4,1.2,9.2,11.2,4.6,3.6,17.6,19.0,0,0,0.2,0.6,0.2,5,0.4,1.0,1.0,0.4,1443.269415419436,1462.6716255964966,-19.402210177060624,1449.111718919589,1446.347827579325,2.763891340264081
E0,2018-01-01,Everton,Man United,A,5,11,11,11,0.8,0.6,0.6,0.8,2.2,1.4,6.6,12.4,2.4,4.4,17.6,15.8,2,2,0.1666666666666666,0.5,0.3333333333333333,6,0.4,0.4,0.6,1.0,1553.694962818594,1586.7101468621609,-33.01518404356693,1504.5443730841955,1586.962349049151,-82.4179759649553
E0,2018-01-01,Burnley,Liverpool,A,5,11,6,11,0.5,0.8,0.8,0.8,3.2,1.4,7.8,17.8,3.6,7.4,12.8,9.4,0,0,0.1428571428571428,0.5714285714285714,0.2857142857142857,7,0.0,0.8,1.6,1.4,1504.2472399443632,1573.4325328598268,-69.1852929154636,1524.295264568519,1572.1081894659155,-47.81292489739644
E0,2018-01-01,Brighton,Bournemouth,D,2,1,9,1,0.2,0.1,0.0,1.2,0.4,2.4,8.6,12.8,2.4,4.8,19.4,12.2,0,0,0.0,0.6666666666666666,0.3333333333333333,3,0.0,1.0,0.2,1.4,1509.240461604104,1482.7141679350077,26.526293669096276,1490.447934245948,1480.36813941195,10.079794833997994
E0,2018-01-01,Everton,Man United,A,5,11,8,11,0.7,0.7,0.6,0.8,2.0,1.2,6.6,15.0,2.4,4.8,17.6,11.6,0,0,0.1428571428571428,0.5714285714285714,0.2857142857142857,7,0.4,0.4,0.8,0.8,1542.9498684188534,1597.4552412619014,-54.50537284304801,1499.1718258843252,1592.3348962490213,-93.16307036469608
E0,2018-01-02,Southampton,Crystal Palace,A,2,9,3,9,0.2,0.2,0.8,2.2,1.6,0.4,10.8,12.4,4.0,4.8,17.2,11.2,3,2,0.8333333333333334,0.1666666666666666,0.0,6,0.8,1.2,0.8,0.4,1480.0477713631076,1500.6335261554482,-20.585754792340595,1482.632175259192,1494.9827840856476,-12.350608826455527
E0,2018-01-02,West Ham,West Brom,H,8,2,5,2,0.2,0.0,2.6,1.6,0.4,1.4,11.0,10.6,5.6,3.4,22.0,12.8,7,2,0.1666666666666666,0.1666666666666666,0.6666666666666666,6,1.6,1.2,0.4,0.6,1471.2100156479378,1438.4531316799505,32.756883967987505,1467.0471268773626,1462.6541314972662,4.3929953800964086
E0,2018-01-02,Swansea,Tottenham,A,6,7,5,7,0.2,0.2,1.0,3.0,1.8,1.8,8.0,11.6,3.8,4.4,14.8,11.2,3,7,0.0,0.6666666666666666,0.3333333333333333,6,0.8,2.0,1.2,1.2,1474.1247854894434,1559.0650944939232,-84.94030900447979,1463.4297219288646,1565.2841389242508,-101.85441699538616
E0,2018-01-02,Man City,Watford,H,11,0,15,0,1.0,0.2,1.2,0.0,0.4,1.4,19.4,10.2,6.0,1.6,7.8,12.8,2,3,1.0,0.0,0.0,4,0.4,0.0,0.0,1.2,1607.4726146951564,1457.76484636411,149.70776833104628,1611.4976208196176,1437.0531257349585,174.44449508465914
E0,2018-01-02,Swansea,Tottenham,A,6,9,2,9,0.2,0.3,1.0,3.0,2.0,1.6,8.0,12.4,3.8,5.0,14.8,11.6,0,0,0.0,0.7142857142857143,0.2857142857142857,7,0.8,2.0,1.4,1.2,1466.667867756209,1566.5220122271576,-99.85414447094854,1459.7012630622476,1569.012597790868,-109.3113347286203
E0,2018-01-02,Southampton,Crystal Palace,A,2,11,2,11,0.2,0.3,0.8,2.2,2.0,0.6,10.8,12.6,4.0,5.2,17.2,9.2,0,0,0.7142857142857143,0.2857142857142857,0.0,7,0.8,1.2,1.2,0.4,1474.756431179631,1505.924866338925,-31.168435159294404,1479.9865051674535,1497.6284541773862,-17.64194900993266
E0,2018-01-02,Man City,Watford,H,11,0,15,0,1.0,0.2,1.2,0.0,0.6,1.8,19.4,9.4,6.0,2.0,7.8,14.6,0,0,1.0,0.0,0.0,5,0.4,0.0,0.2,1.4,1607.5932426677207,1457.6442183915458,149.9490242761749,1611.5579348059,1436.992811748676,174.5651230572239
E0,2018-01-02,West Ham,West Brom,H,8,2,5,2,0.3,0.0,2.6,1.6,0.6,1.6,11.0,11.2,5.6,3.8,22.0,11.8,0,0,0.2857142857142857,0.1428571428571428,0.5714285714285714,7,1.6,1.2,0.4,0.8,1477.9199372056978,1431.7432101221902,46.17672708350756,1470.4020876562429,1459.2991707183862,11.102916937856437
E0,2018-01-03,Arsenal,Chelsea,D,9,8,8,8,0.6,0.4,1.6,1.2,1.2,0.6,16.4,18.6,5.8,5.6,13.2,5.8,3,4,0.1666666666666666,0.3333333333333333,0.5,6,1.2,1.2,0.4,0.4,1587.198403187219,1571.0577966281132,16.140606559105663,1554.7537549710246,1582.898846664606,-28.145091693581435
E0,2018-01-03,Arsenal,Chelsea,D,9,9,9,9,0.5,0.3,1.6,1.2,1.6,0.8,16.4,18.6,5.8,6.4,13.2,7.6,0,0,0.1428571428571428,0.2857142857142857,0.5714285714285714,7,1.2,1.2,0.8,0.8,1587.4142050833875,1570.8419947319446,16.57221035144289,1554.861655919109,1582.790945716522,-27.929289797413276
E0,2018-01-04,Tottenham,West Ham,D,12,8,15,8,0.8,0.2,2.2,0.8,2.6,1.6,13.4,11.0,5.6,5.6,9.2,22.0,2,2,0.6666666666666666,0.1666666666666666,0.1666666666666666,6,1.4,0.6,1.6,1.2,1571.5031833545784,1462.8842381067875,108.61894524779086,1572.1477181005853,1473.614730030282,98.53298807030342
E0,2018-01-04,Tottenham,West Ham,D,12,9,13,9,0.7,0.2,2.2,0.8,2.6,1.4,13.4,10.2,5.6,5.0,9.2,23.4,0,0,0.5714285714285714,0.1428571428571428,0.2857142857142857,7,1.4,0.6,1.8,1.0,1566.4493803103053,1467.9380411510606,98.5113391592447,1569.6208165784487,1476.1416315524184,93.47918502603034
E0,2018-01-13,Tottenham,Everton,H,12,5,11,5,0.6,0.2,2.2,0.8,0.6,0.8,13.4,6.6,5.6,2.4,9.2,17.6,9,12,0.8333333333333334,0.0,0.1666666666666666,6,1.4,0.6,0.4,0.4,1561.4860297448308,1455.393783349797,106.0922463950335,1567.1391412957116,1495.179093542988,71.96004775272354
E0,2018-01-13,West Brom,Brighton,H,1,2,4,2,0.0,0.0,0.8,2.0,0.0,1.2,12.0,8.6,4.2,2.4,11.6,19.4,11,12,0.0,1.0,0.0,2,0.4,1.2,0.0,1.0,1486.8551313145822,1471.6554068877915,15.199724426790452,1456.086528344347,1490.2866001297475,-34.20007178540072
E0,2018-01-13,Watford,Southampton,D,0,2,6,2,0.2,0.0,0.6,2.0,0.8,2.2,9.4,10.8,2.4,4.0,15.2,17.2,11,11,0.5,0.25,0.25,4,0.4,1.2,0.8,1.2,1416.3414051058066,1485.2165791552763,-68.8751740494697,1437.0549205512148,1477.8486917842022,-40.79377123298741
E0,2018-01-13,Tottenham,Everton,H,12,2,11,2,0.7,0.2,2.2,0.8,0.4,1.6,13.4,6.6,5.6,1.6,9.2,18.4,0,0,0.8571428571428571,0.0,0.1428571428571428,7,1.4,0.6,0.4,1.0,1566.7715290522256,1450.1082840424026,116.66324500982296,1569.781890949409,1492.536343889291,77.24554706011804
E0,2018-01-13,Newcastle,Swansea,D,12,6,2,6,0.0,0.2,1.6,1.0,1.0,3.0,12.0,8.0,4.4,3.8,16.6,14.8,12,11,0.5,0.25,0.25,4,1.2,0.4,0.8,2.0,1430.0240295621534,1452.734658368286,-22.71062880613249,1449.7081841564748,1456.56614275253,-6.857958596055369
E0,2018-01-13,Huddersfield,West Ham,A,5,7,4,7,0.2,0.2,1.2,1.8,2.2,1.6,9.4,8.0,3.4,3.8,11.8,26.2,12,9,0.0,1.0,0.0,2,0.8,1.4,1.6,1.2,1498.728081191029,1472.901391716535,25.82668947449406,1463.5576174846146,1478.6233068351555,-15.065689350541106
E0,2018-01-13,Newcastle,Swansea,D,12,7,3,7,0.0,0.2,1.6,1.0,1.0,2.6,12.0,8.0,4.4,4.2,16.6,14.8,0,0,0.4,0.2,0.4,5,1.2,0.4,1.0,1.8,1428.6481399808551,1454.110547949584,-25.46240796872894,1449.0202393658255,1457.2540875431791,-8.233848177353593
E0,2018-01-13,Chelsea,Leicester,D,7,3,15,3,1.0,0.4,1.4,1.0,1.6,1.8,20.0,10.4,6.6,4.6,9.0,13.6,10,12,1.0,0.0,0.0,6,1.0,1.0,0.2,1.4,1594.739896701099,1476.327897915625,118.411998785474,1582.783245448548,1500.1138662832188,82.66937916532902
E0,2018-01-13,Chelsea,Leicester,D,7,1,13,1,0.9,0.4,1.4,1.0,0.8,1.6,20.0,10.0,6.6,2.6,9.0,14.6,0,0,0.8571428571428571,0.0,0.1428571428571428,7,1.0,1.0,0.0,1.2,1589.4895222974226,1481.5782723193015,107.91124997812108,1580.1580582467095,1502.739053485057,77.41900476165279
E0,2018-01-13,Crystal Palace,Burnley,H,11,5,5,5,0.4,0.2,1.8,0.8,0.8,0.8,12.2,7.8,4.8,3.6,9.0,12.8,11,12,0.1666666666666666,0.6666666666666666,0.1666666666666666,6,1.4,0.4,0.0,0.8,1489.332042015847,1544.3432891926752,-55.01124717682819,1499.7662675606375,1522.9347768257444,-23.168509265106877
E0,2018-01-13,Huddersfield,West Ham,A,5,7,4,7,0.2,0.3,1.2,1.8,2.4,1.8,9.4,6.8,3.4,3.6,11.8,24.4,0,0,0.0,1.0,0.0,3,0.8,1.4,1.8,1.2,1476.248837402016,1495.380635505548,-19.13179810353199,1452.317995590108,1489.862928729662,-37.54493313955413
E0,2018-01-13,Crystal Palace,Burnley,H,11,4,5,4,0.4,0.1,1.8,0.8,0.8,1.0,12.2,7.2,4.8,2.8,9.0,13.8,0,0,0.2857142857142857,0.5714285714285714,0.1428571428571428,7,1.4,0.4,0.0,0.8,1496.1228625044737,1537.5524687040488,-41.429606199575346,1503.1616778049506,1519.5393665814313,-16.37768877648068
E0,2018-01-13,West Brom,Brighton,H,1,2,7,2,0.1,0.0,0.8,2.0,0.0,1.2,12.0,9.8,4.2,1.8,11.6,17.4,0,0,0.3333333333333333,0.6666666666666666,0.0,3,0.4,1.2,0.0,1.0,1495.6068688154191,1462.9036693869548,32.70319942846436,1460.4623970947655,1485.9107313793293,-25.44833428456377
E0,2018-01-13,Watford,Southampton,D,0,3,7,3,0.2,0.0,0.6,2.0,1.2,2.4,9.4,11.6,2.4,4.4,15.2,15.6,0,0,0.4,0.2,0.4,5,0.4,1.2,0.8,1.6,1418.6691663127742,1482.8888179483088,-64.21965163553455,1438.2188011546984,1476.6848111807185,-38.46601002602006
E0,2018-01-14,Bournemouth,Arsenal,H,2,9,8,9,0.2,0.4,0.8,2.6,1.6,1.2,15.2,16.4,5.0,5.8,13.4,13.2,13,11,0.0,0.75,0.25,4,0.4,1.6,1.2,1.2,1478.022110888892,1522.30910675483,-44.286995865938025,1480.52947352815,1554.8693561870828,-74.33988265893277
E0,2018-01-14,Liverpool,Man City,H,11,11,13,11,0.4,0.8,2.8,1.6,1.2,0.0,17.4,19.4,7.0,6.0,10.8,7.8,13,12,0.3333333333333333,0.5,0.1666666666666666,6,1.8,1.6,0.4,0.0,1570.7838460720045,1615.522626944079,-44.738780872074585,1573.4686772086902,1611.4958260033611,-38.02714879467112
E0,2018-01-14,Bournemouth,Arsenal,H,2,8,11,8,0.3,0.3,0.8,2.6,1.8,1.6,15.2,14.4,5.0,5.8,13.4,14.6,0,0,0.2,0.6,0.2,5,0.4,1.6,1.4,1.6,1488.5821621685598,1511.7490554751623,-23.16689330660256,1485.809499167984,1549.589330547249,-63.779831379264806
E0,2018-01-14,Liverpool,Man City,H,11,8,15,8,0.5,0.7,2.8,1.6,1.0,0.8,17.4,17.0,7.0,4.8,10.8,9.6,0,0,0.4285714285714285,0.4285714285714285,0.1428571428571428,7,1.8,1.6,0.4,0.6,1581.0355531877192,1605.2709198283644,-24.235366640645225,1578.5945307665477,1606.369972445504,-27.77544167895644
E0,2018-01-15,Man United,Stoke,H,11,2,7,2,0.4,0.0,2.0,1.0,0.4,2.6,17.6,9.2,5.4,4.6,11.6,17.6,14,14,0.1666666666666666,0.0,0.8333333333333334,6,1.2,0.6,0.4,1.0,1587.2145512361412,1454.9540224197422,132.26052881639907,1596.3276285903585,1445.7513623424393,150.5762662479192
E0,2018-01-15,Man United,Stoke,H,11,2,7,2,0.4,0.0,2.0,1.0,0.4,3.0,17.6,8.6,5.4,4.2,11.6,19.6,0,0,0.2857142857142857,0.0,0.7142857142857143,7,1.2,0.6,0.4,1.0,1587.996846625996,1454.1717270298873,133.82511959610883,1596.718776285286,1445.3602146475118,151.35856163777407
E0,2018-01-20,West Ham,Bournemouth,D,9,2,7,2,0.4,0.0,2.6,1.4,0.8,2.6,6.4,15.2,3.8,5.0,20.8,13.4,7,6,0.25,0.25,0.5,4,2.0,0.8,0.4,1.6,1484.3452219537762,1483.036836167408,1.3083857863682624,1499.5191850343374,1490.280038134916,9.239146899421256
E0,2018-01-20,Stoke,Huddersfield,H,1,5,6,5,0.4,0.2,0.2,3.4,1.2,1.8,7.8,9.4,3.8,3.4,20.0,11.8,5,7,0.0,0.0,1.0,2,0.2,1.2,0.8,1.4,1436.5487022651364,1428.3871537782,8.161548486936454,1445.157106539236,1442.6617392854328,2.495367253803124
E0,2018-01-20,Man City,Newcastle,H,5,12,15,12,1.0,0.4,1.4,1.6,1.6,1.0,14.8,12.0,4.4,4.4,11.6,16.6,6,7,1.0,0.0,0.0,4,0.8,1.2,1.2,0.4,1607.4690250626438,1469.3923387507962,138.07668631184765,1602.2777327790532,1448.467176579308,153.81055619974518
E0,2018-01-20,Leicester,Watford,H,2,0,8,0,0.6,0.2,0.6,1.2,0.6,2.0,10.6,9.4,1.8,2.4,15.8,15.2,7,7,0.25,0.75,0.0,4,0.0,1.0,0.4,1.2,1523.8998346508126,1457.7684359966229,66.13139865418998,1505.3892050765098,1439.5610381907711,65.82816688573848
E0,2018-01-20,Everton,West Brom,D,1,1,5,1,0.6,0.0,0.4,2.4,0.8,2.0,6.6,12.0,1.0,4.2,19.0,11.6,7,7,0.5,0.0,0.5,6,0.4,1.6,0.4,1.2,1534.964403736179,1425.3179253741118,109.64647836206724,1490.33458465182,1464.7281236183985,25.606461033421738
E0,2018-01-20,Burnley,Man United,A,3,11,3,11,0.4,0.8,0.4,0.8,2.0,1.0,8.2,17.6,2.8,5.4,12.6,11.6,7,5,0.0,0.3333333333333333,0.6666666666666666,6,0.0,0.4,1.2,0.6,1501.5262644588138,1605.4407059445757,-103.91444148576193,1516.6422842607226,1596.921884393562,-80.27960013283928
E0,2018-01-20,Brighton,Chelsea,A,2,7,9,7,0.2,0.2,0.0,1.2,1.4,1.0,10.8,20.0,1.8,6.6,15.4,9.0,7,7,0.0,1.0,0.0,2,0.0,0.8,1.0,1.0,1508.9177933717035,1570.826594195997,-61.908800824293166,1481.6450048556965,1577.5079066552569,-95.8629017995604
E0,2018-01-20,Arsenal,Crystal Palace,H,5,11,7,11,0.4,0.4,1.4,1.6,1.8,0.8,13.6,12.2,4.6,4.8,14.0,9.0,6,7,0.8333333333333334,0.1666666666666666,0.0,6,1.2,1.6,1.4,0.4,1587.4296056193352,1510.2004931054278,77.22911251390747,1545.1187915803166,1506.058760125659,39.06003145465729
E0,2018-01-20,Stoke,Huddersfield,H,1,2,9,2,0.5,0.2,0.2,3.4,0.4,2.0,7.8,7.6,3.8,2.2,20.0,11.4,0,0,0.3333333333333333,0.0,0.6666666666666666,3,0.2,1.2,0.4,1.6,1451.136713225696,1413.7991428176404,37.337570408055626,1452.4511120195157,1435.367733805153,17.08337821436271
E0,2018-01-20,Arsenal,Crystal Palace,H,5,8,7,8,0.4,0.4,1.4,1.6,1.4,1.6,13.6,11.4,4.6,4.6,14.0,10.0,0,0,0.8571428571428571,0.1428571428571428,0.0,7,1.2,1.6,1.4,0.4,1597.714463751981,1499.915634972782,97.79882877919886,1550.2612206466392,1500.9163310593367,49.34488958730253
E0,2018-01-20,Brighton,Chelsea,A,2,7,8,7,0.2,0.3,0.0,1.2,1.6,0.8,10.8,20.4,1.8,7.6,15.4,9.6,0,0,0.0,1.0,0.0,3,0.0,0.8,1.2,0.8,1501.7369134863582,1578.0074740813425,-76.27056059498432,1478.0545649130236,1581.0983465979298,-103.0437816849062
E0,2018-01-20,Burnley,Man United,A,3,11,0,11,0.4,0.8,0.4,0.8,1.8,0.8,8.2,18.4,2.8,5.2,12.6,11.8,0,0,0.0,0.4285714285714285,0.5714285714285714,7,0.0,0.4,1.4,0.4,1499.9049142321169,1607.0620561712726,-107.15714193915574,1515.831609147374,1597.73255950691,-81.90095035953618
E0,2018-01-20,Everton,West Brom,D,1,1,3,1,0.5,0.0,0.4,2.4,1.0,2.2,6.6,13.8,1.0,5.0,19.0,10.6,0,0,0.4285714285714285,0.0,0.5714285714285714,7,0.4,1.6,0.4,1.4,1531.7512719133083,1428.5310571969826,103.2202147163257,1488.7280187403844,1466.3346895298337,22.393329210550743
E0,2018-01-20,Leicester,Watford,H,2,0,11,0,0.6,0.1,0.6,1.2,0.4,2.0,10.6,10.2,1.8,2.6,15.8,14.2,0,0,0.4,0.6,0.0,5,0.0,1.0,0.4,1.0,1530.4290804759974,1451.239190171438,79.18989030455941,1508.6538279891024,1436.296415278179,72.35741271092343
E0,2018-01-20,West Ham,Bournemouth,D,9,3,7,3,0.4,0.0,2.6,1.4,1.0,2.6,6.4,14.0,3.8,4.2,20.8,14.0,0,0,0.2,0.2,0.6,5,2.0,0.8,0.6,1.8,1485.7577189207027,1481.6243392004817,4.133379720221228,1500.2254335178006,1489.573789651453,10.65164386634774
E0,2018-01-20,Man City,Newcastle,H,5,12,15,12,1.0,0.4,1.4,1.6,1.8,1.4,14.8,11.2,4.4,4.8,11.6,16.2,0,0,1.0,0.0,0.0,5,0.8,1.2,1.4,0.8,1611.024520511318,1465.836843302122,145.18767720919618,1604.0554805033903,1446.6894288549709,157.36605164841944
E0,2018-01-21,Southampton,Tottenham,D,4,12,2,12,0.2,0.4,1.2,1.8,2.2,0.8,10.4,13.4,4.0,5.6,15.6,9.2,8,8,0.0,0.8333333333333334,0.1666666666666666,6,0.4,1.4,1.4,0.6,1470.480804413128,1572.7922528465924,-102.31144843346442,1475.3425741446454,1571.98365018688,-96.64107604223454
E0,2018-01-21,Southampton,Tottenham,D,4,13,3,13,0.1,0.4,1.2,1.8,2.2,0.2,10.4,15.4,4.0,5.6,15.6,7.2,0,0,0.0,0.7142857142857143,0.2857142857142857,7,0.4,1.4,1.2,0.0,1477.0510606925393,1566.2219965671811,-89.17093587464183,1478.627702284351,1568.6985220471745,-90.07081976282325
E0,2018-01-22,Swansea,Liverpool,H,8,11,2,11,0.2,0.8,1.2,1.8,2.8,1.6,8.2,17.4,4.4,7.0,12.8,10.8,9,8,0.1666666666666666,0.8333333333333334,0.0,6,1.2,1.2,1.8,1.6,1460.3976271367742,1576.1535083453762,-115.75588120860198,1457.807150329697,1582.6867704329986,-124.8796201033017
E0,2018-01-22,Swansea,Liverpool,H,8,8,5,8,0.3,0.7,1.2,1.8,2.0,1.8,8.2,17.4,4.4,6.4,12.8,10.2,0,0,0.2857142857142857,0.7142857142857143,0.0,7,1.2,1.2,1.6,1.6,1472.960190293887,1563.5909451882633,-90.6307548943762,1464.0884319082534,1576.4054888544422,-112.3170569461888
E0,2018-01-30,West Ham,Crystal Palace,D,9,7,8,7,0.4,0.4,2.6,1.4,1.4,2.2,6.4,10.6,3.8,4.6,20.8,11.8,10,10,0.5,0.1666666666666666,0.3333333333333333,6,2.0,0.8,1.4,0.2,1486.8663303653602,1492.2510432485908,-5.384712883230577,1500.7797392401294,1497.084035197241,3.6957040428883374
E0,2018-01-30,Swansea,Arsenal,H,8,5,7,5,0.4,0.2,1.2,1.8,1.4,1.6,8.2,13.6,4.4,4.6,12.8,14.0,8,10,0.3333333333333333,0.6666666666666666,0.0,6,1.2,1.2,1.2,1.6,1484.5171561176614,1502.8079775412978,-18.290821423636316,1469.8669148201404,1554.0935165087349,-84.22660168859443
E0,2018-01-30,West Ham,Crystal Palace,D,9,7,9,7,0.3,0.4,2.6,1.4,1.4,2.2,6.4,9.8,3.8,4.2,20.8,12.0,0,0,0.4285714285714285,0.1428571428571428,0.4285714285714285,7,2.0,0.8,1.2,0.0,1488.3693121254114,1490.7480614885396,-2.378749363128236,1501.531230120155,1496.3325443172153,5.198685802939735
E0,2018-01-30,Swansea,Arsenal,H,8,2,9,2,0.4,0.2,1.2,1.8,1.0,1.8,8.2,12.2,4.4,3.6,12.8,13.2,0,0,0.4285714285714285,0.5714285714285714,0.0,7,1.2,1.2,0.8,1.6,1496.451512961893,1490.873620697066,5.5778922648269145,1475.834093242256,1548.1263380866192,-72.29224484436304
E0,2018-01-30,Huddersfield,Liverpool,A,1,7,3,7,0.2,0.6,0.2,2.2,1.4,1.4,6.8,18.8,2.2,5.4,11.2,8.6,10,8,0.0,1.0,0.0,2,0.2,2.0,1.2,1.0,1456.9363247926656,1552.033979364489,-95.09765457182334,1429.531555100858,1570.6270059425551,-141.09545084169713
E0,2018-01-30,Huddersfield,Liverpool,A,1,9,2,9,0.1,0.6,0.2,2.2,1.4,0.8,6.8,18.8,2.2,5.0,11.2,7.4,0,0,0.0,1.0,0.0,3,0.2,2.0,1.0,0.4,1451.007166815649,1557.9631373415054,-106.9559705258564,1426.5669761123495,1573.5915849310632,-147.02460881871366
E0,2018-01-31,Chelsea,Bournemouth,A,9,4,11,4,0.8,0.0,2.4,0.8,1.2,2.0,18.2,14.6,8.0,4.6,10.6,13.6,11,11,1.0,0.0,0.0,4,1.6,0.8,0.8,1.4,1584.1892191145168,1480.515727755824,103.6734913586929,1584.278121186655,1489.019483929124,95.25863725753084
E0,2018-01-31,Everton,Leicester,H,1,2,3,2,0.4,0.4,0.4,2.4,0.6,1.2,6.6,10.6,1.0,1.8,19.0,15.8,11,11,0.3333333333333333,0.3333333333333333,0.3333333333333333,6,0.4,1.6,0.0,1.0,1529.2693539339152,1486.8785755022072,42.390778431707986,1487.487059750688,1511.762995762826,-24.27593601213812
E0,2018-01-31,Man City,West Brom,H,5,2,15,2,1.0,0.0,1.4,1.6,1.0,1.8,14.8,13.4,4.4,4.6,11.6,10.6,11,11,1.0,0.0,0.0,6,0.8,1.2,0.2,1.4,1614.22266616669,1431.0129751763757,183.20969099031436,1605.6545533310764,1467.5756485195302,138.07890481154618
E0,2018-01-31,Newcastle,Burnley,D,9,3,4,3,0.0,0.0,1.4,1.6,0.4,0.8,10.2,8.2,4.8,2.8,16.6,12.6,11,11,0.0,0.5,0.5,4,1.2,1.0,0.0,0.4,1427.5420144078198,1531.7583040626312,-104.21628965481136,1445.090356027285,1515.099564421514,-70.00920839422906
E0,2018-01-31,Southampton,Brighton,D,4,2,3,2,0.0,0.0,1.2,1.8,0.0,1.2,10.4,10.8,4.0,1.8,15.6,15.4,10,11,0.0,0.0,1.0,2,0.4,1.4,0.0,0.8,1483.8422722046366,1454.3722163396892,29.470055864947422,1482.0233080403998,1474.8747903242984,7.1485177161014235
E0,2018-01-31,Tottenham,Man United,H,11,13,11,13,0.8,0.8,1.8,0.4,1.6,0.4,15.2,17.0,4.4,4.4,8.2,12.2,10,11,0.1666666666666666,0.6666666666666666,0.1666666666666666,6,0.8,0.0,1.4,0.2,1571.1750475271674,1608.5261456229923,-37.35109809582514,1565.3029162911257,1598.4646042327702,-33.16168794164446
E0,2018-01-31,Tottenham,Man United,H,11,12,11,12,0.8,0.7,1.8,0.4,1.2,0.4,15.2,14.4,4.4,3.8,8.2,14.4,0,0,0.2857142857142857,0.5714285714285714,0.1428571428571428,7,0.8,0.0,1.2,0.0,1584.7513419364782,1594.9498512136818,-10.198509277203584,1572.0910634957809,1591.6764570281148,-19.58539353233391
E0,2018-01-31,Stoke,Watford,D,1,0,9,0,0.6,0.0,0.2,3.4,0.4,2.2,7.8,9.8,3.8,3.0,20.0,13.2,11,11,1.0,0.0,0.0,4,0.2,1.2,0.4,1.0,1462.8090706342862,1445.0208546239903,17.788216010295628,1458.2872907238109,1433.1872475044552,25.10004321935571
E0,2018-01-31,Southampton,Brighton,D,4,3,3,3,0.0,0.0,1.2,1.8,0.2,1.0,10.4,11.0,4.0,2.0,15.6,14.0,0,0,0.0,0.0,1.0,3,0.4,1.4,0.0,0.6,1482.203136596865,1456.0113519474608,26.19178464940433,1481.203740236514,1475.694358128184,5.509382108330101
E0,2018-01-31,Newcastle,Burnley,D,9,3,5,3,0.0,0.0,1.4,1.6,0.2,0.6,10.2,9.8,4.8,2.8,16.6,10.8,0,0,0.0,0.4,0.6,5,1.2,1.0,0.2,0.2,1431.560983889134,1527.739334581317,-96.17835069218312,1447.099840767942,1513.090079680857,-65.99023891291495
E0,2018-01-31,Man City,West Brom,H,5,2,15,2,1.0,0.0,1.4,1.6,0.8,1.8,14.8,10.6,4.4,3.4,11.6,12.6,0,0,1.0,0.0,0.0,7,0.8,1.2,0.0,1.6,1618.3505863563591,1426.8850549867066,191.46553136965255,1607.7185134259107,1465.5116884246956,142.2068250012151
E0,2018-01-31,Chelsea,Bournemouth,A,9,7,8,7,0.7,0.1,2.4,0.8,1.8,1.2,18.2,15.8,8.0,5.4,10.6,15.0,0,0,0.8,0.2,0.0,5,1.6,0.8,1.4,0.8,1560.313083954944,1504.3918629153968,55.92122103954716,1572.3400536068689,1500.9575515089105,71.3825020979582
E0,2018-01-31,Stoke,Watford,D,1,1,7,1,0.5,0.0,0.2,3.4,0.4,2.0,7.8,9.6,3.8,3.2,20.0,12.6,0,0,0.8,0.0,0.2,5,0.2,1.2,0.4,0.8,1463.724529987789,1444.1053952704876,19.61913471730145,1458.7450204005622,1432.7295178277038,26.015502572858395
E0,2018-01-31,Everton,Leicester,H,1,2,5,2,0.4,0.3,0.4,2.4,0.6,1.2,6.6,10.0,1.0,1.0,19.0,15.4,0,0,0.4285714285714285,0.2857142857142857,0.2857142857142857,7,0.4,1.6,0.2,0.8,1537.273046520835,1478.8748829152876,58.398163605547325,1491.4889060441478,1507.761149469366,-16.27224342521822
E0,2018-02-03,West Brom,Southampton,A,2,4,9,4,0.2,0.0,0.6,2.0,1.2,1.8,9.2,10.4,3.0,4.0,13.8,15.6,3,3,0.3333333333333333,0.5,0.1666666666666666,6,0.0,1.6,0.4,1.4,1504.1383218626847,1480.204343876163,23.933977986521768,1463.9266139919064,1480.668626277862,-16.742012285955525
E0,2018-02-03,Bournemouth,Stoke,H,9,1,13,1,0.4,0.0,2.0,0.8,0.2,3.4,12.8,7.8,4.8,3.8,16.2,20.0,3,3,0.75,0.0,0.25,4,1.8,0.6,0.2,1.2,1497.5232401024243,1453.7655108133356,43.75772928908873,1511.3346898669822,1459.2716301887183,52.0630596782637
E0,2018-02-03,Arsenal,Everton,H,1,1,9,1,0.4,0.2,1.0,2.2,0.4,2.4,11.2,6.6,3.6,1.0,12.8,19.0,4,3,0.6666666666666666,0.1666666666666666,0.1666666666666666,6,0.6,1.8,0.4,1.6,1605.3790554761722,1445.7047655674608,159.67428990871144,1543.321586432529,1495.1374543135005,48.184132119028845
E0,2018-02-03,Arsenal,Everton,H,1,0,11,0,0.5,0.2,1.0,2.2,0.6,3.4,11.2,7.4,3.6,0.8,12.8,18.6,0,0,0.7142857142857143,0.1428571428571428,0.1428571428571428,7,0.6,1.8,0.6,1.8,1608.1278043968068,1442.956016646826,165.1717877499807,1544.6959608928464,1493.763079853183,50.93288103966347
E0,2018-02-03,Brighton,West Ham,H,3,9,5,9,0.2,0.4,0.4,1.2,2.6,1.4,10.8,6.4,1.8,3.8,15.4,20.8,3,4,1.0,0.0,0.0,2,0.0,0.8,2.0,0.8,1495.377364308907,1514.6931481148986,-19.31578380599126,1476.2294720868365,1502.1304906648595,-25.90101857802324
E0,2018-02-03,Burnley,Man City,D,3,5,0,5,0.4,0.6,0.4,0.8,1.4,1.6,9.8,14.8,2.4,4.4,13.0,11.6,3,3,0.1666666666666666,0.6666666666666666,0.1666666666666666,6,0.4,0.4,0.8,1.2,1498.440824780397,1597.0864404954625,-98.64561571506556,1510.9582941556794,1609.3035878587002,-98.34529370302084
E0,2018-02-03,Leicester,Swansea,D,2,8,13,8,0.6,0.2,0.6,1.2,1.2,1.8,10.2,8.2,1.0,4.4,13.8,12.8,3,4,0.6666666666666666,0.3333333333333333,0.0,6,0.4,0.4,1.2,1.2,1536.6474160234447,1455.2166735226194,81.43074250082532,1504.1126012000136,1480.6388448963462,23.473756303667415
E0,2018-02-03,Man United,Huddersfield,H,9,1,9,1,0.4,0.2,0.8,0.8,0.2,2.2,11.4,6.8,3.2,2.2,16.4,11.2,3,4,0.0,1.0,0.0,2,0.8,0.0,0.2,2.0,1588.4030628425478,1402.1267854090502,186.27627743349765,1586.5197293272745,1424.1406689578298,162.37906036944446
E0,2018-02-03,Bournemouth,Stoke,H,9,0,15,0,0.5,0.0,2.0,0.8,0.2,3.6,12.8,7.4,4.8,3.2,16.2,19.4,0,0,0.8,0.0,0.2,5,1.8,0.6,0.0,1.6,1500.8341004326508,1450.4546504831092,50.379449949541595,1512.9901200320955,1457.6162000236052,55.37392000849036
E0,2018-02-03,Man United,Huddersfield,H,9,0,11,0,0.5,0.2,0.8,0.8,0.0,2.4,11.4,5.6,3.2,1.6,16.4,12.0,0,0,0.3333333333333333,0.6666666666666666,0.0,3,0.8,0.0,0.0,2.4,1592.144219373074,1398.385628878524,193.75859049455016,1588.3903075925373,1422.2700906925666,166.12021689997073
E0,2018-02-03,Leicester,Swansea,D,2,9,13,9,0.5,0.2,0.6,1.2,1.4,1.0,10.2,7.4,1.0,3.8,13.8,11.0,0,0,0.5714285714285714,0.2857142857142857,0.1428571428571428,7,0.4,0.4,1.4,0.4,1534.8590555345108,1457.005034011553,77.85402152295751,1503.218420955547,1481.5330251408132,21.68539581473351
E0,2018-02-03,Burnley,Man City,D,3,3,1,3,0.3,0.5,0.4,0.8,1.4,1.8,9.8,14.4,2.4,4.6,13.0,12.0,0,0,0.1428571428571428,0.5714285714285714,0.2857142857142857,7,0.4,0.4,0.8,1.4,1502.0055112567914,1593.521754019068,-91.51624276227676,1512.7406373938766,1607.521244620503,-94.78060722662644
E0,2018-02-03,Brighton,West Ham,H,3,8,5,8,0.3,0.4,0.4,1.2,2.2,1.4,10.8,5.2,1.8,3.0,15.4,19.8,0,0,1.0,0.0,0.0,3,0.0,0.8,1.6,0.8,1507.9803306414378,1502.090181782368,5.890148859069768,1482.5309552531014,1495.8290074985944,-13.298052245492954
E0,2018-02-03,West Brom,Southampton,A,2,7,8,7,0.2,0.1,0.6,2.0,1.4,1.2,9.2,9.8,3.0,3.8,13.8,14.2,0,0,0.2857142857142857,0.5714285714285714,0.1428571428571428,7,0.0,1.6,0.2,1.0,1494.486140506702,1489.8565252321455,4.629615274556272,1459.100523313915,1485.4947169558532,-26.394193641938273
E0,2018-02-04,Crystal Palace,Newcastle,D,5,9,8,9,0.4,0.4,1.2,2.2,1.4,1.6,9.4,10.2,4.0,4.8,11.6,16.6,5,4,0.0,0.5,0.5,4,0.8,0.0,1.2,1.0,1501.917027145891,1462.63869764675,39.27832949914114,1495.7332837725107,1449.2316262931197,46.50165747939127
E0,2018-02-04,Liverpool,Tottenham,D,9,11,15,11,0.6,0.4,1.6,0.6,1.8,0.4,17.8,15.2,5.4,4.4,5.8,8.2,5,4,0.5,0.3333333333333333,0.1666666666666666,6,0.8,0.2,0.8,0.0,1589.220032520621,1559.4307850550838,29.7892474655373,1576.017892085583,1577.2477911966216,-1.2298991110385489
E0,2018-02-04,Crystal Palace,Newcastle,D,5,7,9,7,0.4,0.4,1.2,2.2,1.0,1.4,9.4,10.2,4.0,5.6,11.6,17.0,0,0,0.0,0.4,0.6,5,0.8,0.0,0.8,1.0,1499.0289095773494,1465.5268152152917,33.50209436205773,1494.28922498824,1450.6756850773904,43.61353991084957
E0,2018-02-04,Liverpool,Tottenham,D,9,9,13,9,0.6,0.4,1.6,0.6,1.6,0.8,17.8,14.2,5.4,4.0,5.8,9.0,0,0,0.4285714285714285,0.2857142857142857,0.2857142857142857,7,0.8,0.2,0.8,0.2,1585.83074804815,1562.820069527555,23.010678520594865,1574.3232498493476,1578.9424334328571,-4.619183583509539
E0,2018-02-05,Watford,Chelsea,H,2,9,5,9,0.2,0.4,0.2,1.4,2.4,0.8,10.6,18.2,2.8,8.0,11.4,10.6,5,5,0.0,1.0,0.0,4,0.2,0.6,1.6,0.8,1421.35364038492,1584.367023258793,-163.0133828738733,1432.2029080395478,1561.962915248797,-129.76000720924912
E0,2018-02-05,Watford,Chelsea,H,2,8,5,8,0.3,0.4,0.2,1.4,2.6,1.6,10.6,14.6,2.8,7.0,11.4,13.8,0,0,0.2,0.8,0.0,5,0.2,0.6,1.8,1.4,1448.8858810725765,1556.8347825711369,-107.94890149856042,1445.969028383376,1548.1967949049688,-102.22776652159268
E0,2018-02-10,West Ham,Watford,H,7,2,7,2,0.2,0.0,2.2,1.8,0.2,1.4,5.4,10.6,3.0,2.8,17.8,11.4,7,5,0.0,0.75,0.25,4,1.4,1.0,0.2,0.6,1489.5678332148204,1443.0521756941755,46.515657520644936,1490.4587183033525,1457.6424098509888,32.8163084523635
E0,2018-02-10,Stoke,Brighton,D,0,3,8,3,0.4,0.0,0.4,3.0,0.4,1.2,9.8,10.8,3.8,1.8,18.2,15.4,7,7,0.0,0.0,1.0,2,0.0,1.6,0.0,0.8,1464.7777495641012,1457.081579864765,7.696169699336224,1456.1036198110428,1487.9012444483433,-31.797624637300487
E0,2018-02-10,Man City,Leicester,H,3,2,15,2,1.0,0.2,1.6,2.0,0.6,1.2,15.4,10.2,5.2,1.0,11.6,13.8,7,7,0.8333333333333334,0.1666666666666666,0.0,6,0.8,1.6,0.4,0.4,1621.520735221938,1471.5777863765827,149.9429488453552,1606.0343626373956,1502.5631691190663,103.47119351832907
E0,2018-02-10,Everton,Crystal Palace,H,0,5,8,5,0.4,0.4,0.6,4.0,1.2,2.2,8.4,9.4,1.0,4.0,17.8,11.6,7,6,0.3333333333333333,0.1666666666666666,0.5,6,0.6,1.8,0.8,0.0,1544.5701430595398,1489.5495403991306,55.02060266040917,1492.472448908023,1492.7979821432966,-0.3255332352739515
E0,2018-02-10,Tottenham,Arsenal,H,7,1,13,1,0.8,0.2,1.6,1.2,1.0,2.2,14.4,11.2,4.2,3.6,9.2,12.8,6,7,0.3333333333333333,0.3333333333333333,0.3333333333333333,6,1.0,0.4,0.6,1.8,1595.0647973381592,1481.264117388886,113.80067994927322,1580.7942986522185,1545.986591838007,34.80770681421154
E0,2018-02-10,Swansea,Burnley,H,7,3,12,3,0.4,0.0,1.2,1.0,0.4,0.8,6.2,9.8,3.2,2.4,11.8,13.0,7,7,0.6666666666666666,0.3333333333333333,0.0,6,1.2,0.4,0.4,0.4,1506.0610162700732,1523.4757635309618,-17.41474726088859,1482.1882769772938,1514.227519376984,-32.03924239969024
E0,2018-02-10,Swansea,Burnley,H,7,2,15,2,0.5,0.0,1.2,1.0,0.4,1.0,6.2,10.2,3.2,1.8,11.8,14.8,0,0,0.7142857142857143,0.2857142857142857,0.0,7,1.2,0.4,0.4,0.6,1514.9599921146594,1514.5767876863756,0.3832044282837614,1486.6377648995867,1509.7780314546908,-23.140266555104063
E0,2018-02-10,Stoke,Brighton,D,0,3,9,3,0.4,0.0,0.4,3.0,0.6,1.4,9.8,11.6,3.8,2.4,18.2,16.2,0,0,0.0,0.0,1.0,3,0.0,1.6,0.0,1.0,1464.0951968167587,1457.7641326121077,6.331064204651284,1455.7623434373718,1488.2425208220145,-32.48017738464273
E0,2018-02-10,West Ham,Watford,H,7,2,7,2,0.3,0.0,2.2,1.8,0.0,1.2,5.4,11.4,3.0,2.8,17.8,9.6,0,0,0.2,0.6,0.2,5,1.4,1.0,0.0,0.6,1498.8016141584772,1433.8183947505188,64.98321940795836,1495.0756087751806,1453.0255193791604,42.05008939602021
E0,2018-02-10,Tottenham,Arsenal,H,7,0,15,0,0.8,0.2,1.6,1.2,0.8,2.2,14.4,9.6,4.2,3.0,9.2,13.6,0,0,0.4285714285714285,0.2857142857142857,0.2857142857142857,7,1.0,0.4,0.4,1.8,1597.8777165469392,1478.451198180106,119.42651836683308,1582.2007582566084,1544.580132233617,37.62062602299147
E0,2018-02-10,Man City,Leicester,H,3,2,15,2,1.0,0.1,1.6,2.0,0.6,1.8,15.4,9.2,5.2,1.2,11.6,14.2,0,0,0.8571428571428571,0.1428571428571428,0.0,7,0.8,1.6,0.4,0.8,1625.7603999908304,1467.3381216076905,158.4222783831401,1608.1541950218418,1500.44333673462,107.71085828722175
E0,2018-02-10,Everton,Crystal Palace,H,0,2,11,2,0.4,0.3,0.6,4.0,1.0,2.6,8.4,10.4,1.0,4.0,17.8,11.8,0,0,0.4285714285714285,0.1428571428571428,0.4285714285714285,7,0.6,1.8,0.6,0.6,1554.8151168603054,1479.304566598365,75.51055026194035,1497.5949358084054,1487.6754952429137,9.91944056549164
E0,2018-02-11,Southampton,Liverpool,A,9,9,4,9,0.0,0.6,2.0,1.6,1.6,0.6,10.8,17.8,4.2,5.4,13.0,5.8,8,7,0.0,0.6666666666666666,0.3333333333333333,6,0.4,1.2,0.8,0.2,1481.1329086795608,1562.815751650545,-81.68284297098421,1489.6202566581064,1572.4713846299862,-82.8511279718798
E0,2018-02-11,Newcastle,Man United,H,5,9,5,9,0.0,0.6,1.0,1.6,0.8,0.8,9.6,11.4,6.0,3.2,19.0,16.4,7,8,0.0,1.0,0.0,4,0.6,1.2,0.8,0.0,1435.8245549394892,1584.6363958120007,-148.81184087251154,1452.1669279223338,1590.003316862441,-137.8363889401071
E0,2018-02-11,Huddersfield,Bournemouth,H,0,9,1,9,0.0,0.2,0.0,2.2,2.0,0.8,5.2,12.8,1.4,4.8,13.0,16.2,8,8,0.0,1.0,0.0,2,0.0,2.2,1.8,0.6,1446.1545525066094,1525.14613963154,-78.99158712493067,1420.6570814226632,1514.5027002446575,-93.84561882199456
E0,2018-02-11,Southampton,Liverpool,A,9,9,4,9,0.0,0.6,2.0,1.6,1.6,0.4,10.8,17.2,4.2,5.2,13.0,4.4,0,0,0.0,0.7142857142857143,0.2857142857142857,7,0.4,1.2,0.4,0.0,1477.2668346037665,1566.6818257263396,-89.41499112257338,1487.687219620209,1574.4044216678835,-86.71720204767462
E0,2018-02-11,Newcastle,Man United,H,5,6,7,6,0.1,0.5,1.0,1.6,0.4,1.0,9.6,9.8,6.0,3.2,19.0,16.0,0,0,0.2,0.8,0.0,5,0.6,1.2,0.4,0.2,1448.529954759784,1571.930995991706,-123.40104123192192,1458.519627832481,1583.6506169522936,-125.13098911981253
E0,2018-02-11,Huddersfield,Bournemouth,H,0,8,3,8,0.1,0.2,0.0,2.2,1.8,1.2,5.2,9.0,1.4,3.6,13.0,16.2,0,0,0.3333333333333333,0.6666666666666666,0.0,3,0.0,2.2,1.6,0.8,1468.6153645147112,1502.6853276234383,-34.06996310872705,1431.887487426714,1503.2722942406067,-71.38480681389274
E0,2018-02-12,Chelsea,West Brom,H,7,2,5,2,0.6,0.0,2.4,2.0,0.6,2.0,12.2,9.2,6.4,3.0,15.2,13.8,7,9,0.8333333333333334,0.1666666666666666,0.0,6,1.6,1.6,0.0,1.6,1539.558807238801,1423.7149061211278,115.84390111767289,1536.523413437356,1454.974983611662,81.54842982569403
E0,2018-02-12,Chelsea,West Brom,H,7,2,5,2,0.6,0.0,2.4,2.0,0.4,2.2,12.2,8.8,6.4,2.6,15.2,15.2,0,0,0.8571428571428571,0.1428571428571428,0.0,7,1.6,1.6,0.0,1.6,1545.8109961906373,1417.4627171692912,128.34827902134612,1539.6495079132742,1451.8488891357435,87.80061877753064
E0,2018-02-24,Liverpool,West Ham,H,12,7,11,7,0.6,0.4,2.0,0.2,2.2,1.8,16.2,5.4,5.2,3.0,5.0,17.8,13,14,0.6666666666666666,0.1666666666666666,0.1666666666666666,6,0.4,0.0,1.4,1.0,1582.1270176094274,1491.3496033918843,90.77741421754308,1576.0673289500317,1499.4579718011346,76.60935714889706
E0,2018-02-24,Burnley,Southampton,D,2,9,2,9,0.2,0.2,0.4,1.0,2.0,1.6,11.2,10.8,1.6,4.2,13.8,13.0,14,13,0.6666666666666666,0.3333333333333333,0.0,6,0.4,0.8,0.4,1.2,1504.9792752230062,1498.1076046366518,6.871670586354412,1505.9041952378243,1486.024312338061,19.879882899763288
E0,2018-02-24,Brighton,Swansea,H,4,7,7,7,0.4,0.2,0.8,1.2,1.2,1.0,11.8,6.2,3.4,3.2,16.2,11.8,14,14,1.0,0.0,0.0,2,0.0,1.0,1.2,0.4,1518.7209090319216,1458.315537684514,60.40537134740748,1488.5546546473515,1490.5116011164532,-1.956946469101695
E0,2018-02-24,Bournemouth,Newcastle,D,7,5,15,5,0.6,0.4,1.8,1.8,1.0,1.6,8.8,9.6,3.4,6.0,16.8,19.0,13,13,1.0,0.0,0.0,2,1.4,1.0,0.6,1.2,1503.859260857775,1468.5093009051784,35.34995995259692,1494.19526906051,1464.2648585088723,29.93041055163758
E0,2018-02-24,West Brom,Huddersfield,A,1,0,7,0,0.2,0.2,0.2,2.6,0.0,2.2,7.4,5.2,1.8,1.4,17.4,13.0,12,13,0.0,1.0,0.0,2,0.0,1.8,0.0,2.2,1486.235061102196,1395.159610338717,91.075450763479,1449.203520353558,1440.9645126068112,8.239007746746665
E0,2018-02-24,Watford,Everton,H,2,0,8,0,0.4,0.2,0.0,1.2,0.6,4.0,11.4,8.4,3.0,1.0,9.4,17.8,14,14,0.25,0.75,0.0,4,0.0,0.6,0.6,1.8,1472.2326440078025,1440.3747547565054,31.85788925129691,1448.6431563532065,1501.8673229866542,-53.224166633447794
E0,2018-02-24,Leicester,Stoke,D,1,0,11,0,0.4,0.0,0.8,2.8,0.4,3.0,6.8,9.8,1.4,3.8,14.6,18.2,14,14,0.3333333333333333,0.1666666666666666,0.5,6,0.4,1.6,0.0,1.6,1533.54855186155,1447.4294900579846,86.1190618035655,1498.6258370662376,1455.4502096120348,43.17562745420287
E0,2018-02-24,West Brom,Huddersfield,A,1,3,6,3,0.2,0.2,0.2,2.6,0.4,1.8,7.4,7.2,1.8,2.6,17.4,12.8,0,0,0.0,1.0,0.0,3,0.0,1.8,0.4,1.8,1473.6570761413163,1407.7375952995965,65.91948084171986,1442.914527873118,1447.253505087251,-4.33897721413291
E0,2018-02-24,Bournemouth,Newcastle,D,7,3,13,3,0.6,0.4,1.8,1.8,1.2,2.0,8.8,9.8,3.4,5.6,16.8,20.4,0,0,0.6666666666666666,0.0,0.3333333333333333,3,1.4,1.0,0.4,1.6,1501.421445765484,1470.9471159974698,30.47432976801406,1492.976361514364,1465.483766055018,27.49259545934615
E0,2018-02-24,Brighton,Swansea,H,4,4,9,4,0.5,0.2,0.8,1.2,1.0,1.6,11.8,6.6,3.4,2.6,16.2,13.2,0,0,1.0,0.0,0.0,3,0.0,1.0,1.0,1.0,1529.5217652421543,1447.5146814742811,82.00708376787338,1493.955082752468,1485.1111730113369,8.843909741131029
E0,2018-02-24,Burnley,Southampton,D,2,9,3,9,0.1,0.2,0.4,1.0,2.2,1.8,11.2,11.8,1.6,4.8,13.8,11.8,0,0,0.5714285714285714,0.2857142857142857,0.1428571428571428,7,0.4,0.8,0.6,1.4,1504.1820759844643,1498.9048038751937,5.277272109271053,1505.5055956185531,1486.4229119573315,19.08268366122161
E0,2018-02-24,Leicester,Stoke,D,1,1,9,1,0.4,0.0,0.8,2.8,0.6,2.2,6.8,10.8,1.4,4.0,14.6,17.8,0,0,0.2857142857142857,0.1428571428571428,0.5714285714285714,7,0.4,1.6,0.0,1.4,1530.7748558580986,1450.203186061436,80.57166979666249,1497.2389890645118,1456.8370576137604,40.40193145075136
E0,2018-02-24,Watford,Everton,H,2,0,11,0,0.5,0.1,0.0,1.2,0.4,3.8,11.4,8.6,3.0,1.2,9.4,16.6,0,0,0.4,0.6,0.0,5,0.0,0.6,0.4,1.8,1476.535204668123,1436.0721940961846,40.46301057193841,1450.794436683367,1499.7160426564938,-48.921605973126816
E0,2018-02-24,Liverpool,West Ham,H,12,6,11,6,0.7,0.3,2.0,0.2,2.2,2.4,16.2,6.2,5.2,3.6,5.0,15.8,0,0,0.7142857142857143,0.1428571428571428,0.1428571428571428,7,0.4,0.0,1.4,1.4,1584.3890085461378,1489.087612455174,95.30139609096386,1577.1983244183868,1498.3269763327794,78.87134808560745
E0,2018-02-25,Man United,Chelsea,H,3,7,13,7,0.6,0.4,0.2,1.2,2.4,2.0,10.0,12.2,4.0,6.4,15.4,15.2,14,13,0.1666666666666666,0.6666666666666666,0.1666666666666666,6,0.2,0.4,1.6,1.6,1595.370237912881,1533.488019635911,61.88221827696998,1577.9053862759024,1542.2948766954598,35.61050958044257
E0,2018-02-25,Crystal Palace,Tottenham,A,2,7,9,7,0.4,0.4,1.0,2.4,1.6,1.2,11.8,14.4,3.8,4.2,10.8,9.2,15,15,0.1666666666666666,0.6666666666666666,0.1666666666666666,6,0.6,1.2,1.0,0.4,1496.0464238874629,1566.5237999662777,-70.47737607881481,1483.403108064665,1583.3820252414898,-99.97891717682478
E0,2018-02-25,Man United,Chelsea,H,3,6,15,6,0.6,0.3,0.2,1.2,2.2,2.0,10.0,11.2,4.0,6.6,15.4,14.4,0,0,0.2857142857142857,0.5714285714285714,0.1428571428571428,7,0.2,0.4,1.2,1.4,1600.181043694,1528.6772138547922,71.50382983920781,1580.3107891664615,1539.8894738049005,40.42131536156148
E0,2018-02-25,Crystal Palace,Tottenham,A,2,7,8,7,0.3,0.5,1.0,2.4,1.4,1.2,11.8,14.8,3.8,4.0,10.8,8.6,0,0,0.1428571428571428,0.7142857142857143,0.1428571428571428,7,0.6,1.2,1.0,0.4,1491.8355874073363,1570.7346364464038,-78.89904903906745,1481.2976898246018,1585.4874434815529,-104.1897536569511
E0,2018-03-01,Arsenal,Man City,A,0,3,13,3,0.6,0.4,0.6,2.0,1.6,2.0,8.4,15.4,2.6,5.2,14.6,11.6,19,19,0.1666666666666666,0.5,0.3333333333333333,6,0.2,1.6,0.8,1.6,1610.7090662871276,1590.5479900528533,20.161076234274333,1543.398865248735,1609.9716946902245,-66.57282944148915
E0,2018-03-01,Arsenal,Man City,A,0,5,12,5,0.5,0.4,0.6,2.0,2.2,2.0,8.4,14.2,2.6,5.4,14.6,11.6,0,0,0.1428571428571428,0.5714285714285714,0.2857142857142857,7,0.2,1.6,0.8,1.6,1598.792888234615,1602.4641681053658,-3.6712798707508223,1537.4407762224791,1615.9297837164809,-78.48900749400173
E0,2018-03-03,Watford,West Brom,H,2,1,13,1,0.6,0.0,0.0,1.2,0.2,2.6,11.4,7.4,3.0,1.8,9.4,17.4,7,7,0.25,0.25,0.5,4,0.0,0.6,0.0,1.8,1480.7457527109632,1412.17197960492,68.57377310604329,1452.8997107047871,1437.4821970501432,15.417513654643926
E0,2018-03-03,Tottenham,Huddersfield,H,9,6,15,6,0.8,0.2,1.4,1.0,0.8,1.6,14.2,9.2,4.4,3.4,7.6,12.6,6,7,1.0,0.0,0.0,2,1.2,0.4,0.8,1.6,1600.2402505167022,1418.6022569455463,181.6379935711559,1587.3684541927591,1452.6858359102257,134.68261828253344
E0,2018-03-03,Swansea,West Ham,H,3,3,15,3,0.6,0.2,1.0,2.2,1.6,3.0,7.2,6.0,1.8,3.2,14.0,18.4,7,7,0.0,0.8333333333333334,0.1666666666666666,6,1.0,1.4,1.0,2.0,1522.7076645483926,1486.7097337258188,35.997930822573835,1480.879946574163,1497.138036968102,-16.258090393939256
E0,2018-03-03,Southampton,Stoke,D,9,2,3,2,0.0,0.0,2.0,1.6,0.8,1.8,12.4,9.8,5.2,3.4,10.4,17.6,7,7,0.1666666666666666,0.6666666666666666,0.1666666666666666,6,0.8,1.2,0.0,1.4,1473.94102003947,1452.4035103146985,21.537509724771553,1486.5886767950608,1457.9372197403918,28.65145705466898
E0,2018-03-03,Liverpool,Newcastle,H,12,4,11,4,0.8,0.4,2.0,0.2,1.4,1.8,16.2,11.6,5.2,5.6,5.0,19.8,7,7,0.25,0.25,0.5,4,0.4,0.0,0.2,1.6,1586.766887275493,1473.6450702319114,113.1218170435816,1578.3872637830646,1466.832743172239,111.55452061082588
E0,2018-03-03,Burnley,Everton,H,2,0,4,0,0.0,0.0,0.4,1.0,0.4,3.2,11.2,8.6,1.6,1.6,13.8,15.2,7,7,0.5,0.5,0.0,6,0.4,0.8,0.4,1.4,1503.8505463090064,1431.8616460533444,71.98890025566197,1505.3398307808245,1497.6107686350738,7.729062145750504
E0,2018-03-03,Burnley,Everton,H,2,0,7,0,0.1,0.0,0.4,1.0,0.6,2.8,11.2,9.2,1.6,2.4,13.8,15.4,0,0,0.5714285714285714,0.4285714285714285,0.0,7,0.4,0.8,0.4,1.2,1507.6180752431355,1428.0941171192153,79.52395812392024,1507.223595247889,1495.7270041680092,11.496591079879863
E0,2018-03-03,Leicester,Bournemouth,D,1,7,7,7,0.4,0.2,0.8,2.8,1.8,1.8,6.8,8.8,1.4,3.4,14.6,16.8,7,7,0.0,0.25,0.75,4,0.4,1.6,1.4,1.0,1528.5745316048362,1484.5312772632442,44.043254341592046,1496.1388269378806,1491.6273843971433,4.511442540737335
E0,2018-03-03,Liverpool,Newcastle,H,12,4,11,4,0.8,0.3,2.0,0.2,1.2,1.6,16.2,11.8,5.2,5.2,5.0,18.4,0,0,0.4,0.2,0.4,5,0.4,0.0,0.0,1.4,1587.179216106221,1473.2327414011834,113.94647470503764,1578.5934281984285,1466.6265787568748,111.96684944155368
E0,2018-03-03,Southampton,Stoke,D,9,3,3,3,0.0,0.0,2.0,1.6,0.8,1.2,12.4,10.0,5.2,3.0,10.4,17.2,0,0,0.1428571428571428,0.5714285714285714,0.2857142857142857,7,0.8,1.2,0.0,1.2,1470.616885755491,1455.7276445986774,14.889241156813569,1484.9266096530714,1459.5992868823812,25.327322770690216
E0,2018-03-03,Leicester,Bournemouth,D,1,7,5,7,0.4,0.2,0.8,2.8,1.8,1.8,6.8,8.8,1.4,3.4,14.6,19.0,0,0,0.0,0.2,0.8,5,0.4,1.6,1.2,1.0,1527.2230924236862,1485.8827164443942,41.34037597929205,1495.4631073473056,1492.3031039877185,3.1600033595873356
E0,2018-03-03,Watford,West Brom,H,2,0,15,0,0.6,0.0,0.0,1.2,0.0,2.6,11.4,6.2,3.0,1.2,9.4,18.6,0,0,0.4,0.2,0.4,5,0.0,0.6,0.0,1.8,1483.6792762525736,1409.2384560633095,74.44082018926406,1454.3664724755922,1436.015435279338,18.35103719625431
E0,2018-03-03,Tottenham,Huddersfield,H,9,6,15,6,0.8,0.2,1.4,1.0,0.8,1.6,14.2,8.6,4.4,3.4,7.6,13.4,0,0,1.0,0.0,0.0,3,1.2,0.4,0.8,1.4,1601.1098267241814,1417.732680738067,183.37714598611433,1587.8032422964989,1452.2510478064862,135.55219449001265
E0,2018-03-03,Swansea,West Ham,H,3,0,15,0,0.7,0.2,1.0,2.2,1.0,3.6,7.2,5.8,1.8,2.4,14.0,18.6,0,0,0.1428571428571428,0.7142857142857143,0.1428571428571428,7,1.0,1.4,0.6,2.4,1532.89935821012,1476.518040064091,56.38131814602866,1485.9757934050265,1492.0421901372383,-6.06639673221207
E0,2018-03-04,Man City,Chelsea,H,8,3,15,3,1.0,0.2,2.2,1.2,1.6,2.4,13.8,11.2,5.6,6.0,10.4,14.4,3,7,0.3333333333333333,0.3333333333333333,0.3333333333333333,6,0.4,1.0,0.8,1.6,1629.3953993275957,1524.4201678717702,104.97523145582544,1620.9412124100904,1537.7609508133894,83.18026159670103
E0,2018-03-04,Brighton,Arsenal,H,4,0,12,0,0.6,0.2,0.8,1.2,0.6,2.0,11.8,8.4,3.4,2.6,16.2,14.6,8,3,0.0,1.0,0.0,2,0.0,1.0,0.2,1.6,1537.984218116503,1476.088664210343,61.89555390615987,1498.186309189642,1532.4293475288691,-34.24303833922704
E0,2018-03-04,Man City,Chelsea,H,8,0,15,0,1.0,0.2,2.2,1.2,0.8,2.6,13.8,9.0,5.6,4.0,10.4,15.0,0,0,0.4285714285714285,0.2857142857142857,0.2857142857142857,7,0.4,1.0,0.4,1.8,1633.2375898057808,1520.5779773935851,112.65961241219566,1622.862307649183,1535.839855574297,87.02245207488613
E0,2018-03-04,Brighton,Arsenal,H,4,0,15,0,0.6,0.1,0.8,1.2,0.6,2.0,11.8,9.0,3.4,3.4,16.2,14.6,0,0,0.3333333333333333,0.6666666666666666,0.0,3,0.0,1.0,0.0,1.2,1541.2645233597923,1472.8083589670534,68.45616439273908,1499.826461811287,1530.7891949072246,-30.962733095937665
E0,2018-03-05,Crystal Palace,Man United,A,2,3,5,3,0.2,0.4,1.0,2.4,0.2,1.2,11.8,10.0,3.8,4.0,10.8,15.4,8,8,0.0,1.0,0.0,6,0.6,1.2,0.2,0.4,1488.0735659849238,1560.4405346389235,-72.36696865399995,1479.4166791133955,1582.4393121579728,-103.02263304457732
E0,2018-03-05,Crystal Palace,Man United,A,2,3,2,3,0.2,0.5,1.0,2.4,0.6,1.6,11.8,11.0,3.8,5.2,10.8,14.8,0,0,0.0,1.0,0.0,7,0.6,1.2,0.6,0.6,1481.0948203818225,1567.4192802420253,-86.32445986020298,1475.9273063118449,1585.9286849595237,-110.00137864767883
E0,2018-03-10,West Brom,Leicester,A,0,1,3,1,0.2,0.0,0.0,2.2,0.8,2.8,7.4,6.8,1.4,1.4,17.8,14.6,7,7,0.3333333333333333,0.3333333333333333,0.3333333333333333,6,0.0,1.6,0.4,1.6,1462.7924144953663,1463.703122270925,-0.9107077755584214,1434.8294708081917,1494.6500290995964,-59.82055829140472
E0,2018-03-10,West Ham,Burnley,A,0,2,9,2,0.4,0.0,1.0,3.8,0.4,1.0,6.4,11.2,2.6,1.6,16.2,13.8,7,7,0.6666666666666666,0.0,0.3333333333333333,6,0.8,2.4,0.4,0.8,1507.566340210385,1506.8291152526424,0.7372249577426828,1488.0036964868234,1509.0254285001918,-21.021732013368364
E0,2018-03-10,West Brom,Leicester,A,0,3,0,3,0.2,0.1,0.0,2.2,1.6,3.0,7.4,6.8,1.4,2.4,17.8,12.4,0,0,0.2857142857142857,0.4285714285714285,0.2857142857142857,7,0.0,1.6,1.0,1.6,1447.3635617723671,1479.1319749939244,-31.76841322155724,1427.115044446692,1502.364455461096,-75.24941101440413
E0,2018-03-10,Newcastle,Southampton,H,3,9,9,9,0.2,0.2,1.0,1.8,2.0,1.6,11.0,12.4,4.0,5.2,17.0,10.4,7,7,0.0,0.5,0.5,4,0.0,1.4,0.8,1.2,1460.0204161125662,1499.2363335506516,-39.2159174380854,1466.3415784125586,1483.5027208007737,-17.161142388215012
E0,2018-03-10,Man United,Liverpool,H,6,12,15,12,0.6,0.6,1.2,1.6,2.0,0.2,13.2,16.2,6.2,5.2,12.4,5.0,5,7,0.3333333333333333,0.0,0.6666666666666666,6,1.2,0.8,0.4,0.0,1604.438089677022,1570.007640290636,34.430449386386044,1588.9890022683437,1578.8784285427446,10.110573725599124
E0,2018-03-10,Huddersfield,Swansea,D,6,3,6,3,0.2,0.2,0.8,1.6,1.0,2.2,8.4,7.2,4.0,1.8,13.2,14.0,7,7,0.0,1.0,0.0,2,0.8,1.2,1.0,1.4,1486.7694148749054,1439.0522285999327,47.71718627497262,1451.9052883051486,1490.0142870554412,-38.108998750292585
E0,2018-03-10,Chelsea,Crystal Palace,H,0,2,7,2,0.6,0.2,0.6,2.0,1.0,2.4,8.2,11.8,3.4,3.8,13.4,10.8,6,5,0.5,0.5,0.0,6,0.2,1.4,0.6,1.2,1551.1017337550086,1470.7597922418672,80.34194151314136,1534.286832326908,1472.8669890030246,61.41984332388347
E0,2018-03-10,Everton,Brighton,H,0,4,13,4,0.4,0.0,0.6,2.2,0.8,1.2,9.0,11.8,2.8,3.4,16.6,16.2,7,6,0.0,0.0,1.0,2,0.2,1.4,0.0,1.0,1563.3598912168031,1458.3884002627813,104.97149095402187,1493.9251709157063,1501.3915427801037,-7.466371864396933
E0,2018-03-10,Huddersfield,Swansea,D,6,3,7,3,0.2,0.2,0.8,1.6,0.8,2.0,8.4,5.6,4.0,0.8,13.2,17.6,0,0,0.0,0.6666666666666666,0.3333333333333333,3,0.8,1.2,0.8,1.2,1485.8708636557913,1439.9507798190468,45.920083836744425,1451.4560126955914,1490.4635626649983,-39.00754996940691
E0,2018-03-10,Man United,Liverpool,H,6,12,15,12,0.7,0.6,1.2,1.6,2.2,0.4,13.2,14.8,6.2,4.8,12.4,5.4,0,0,0.4285714285714285,0.0,0.5714285714285714,7,1.2,0.8,0.6,0.0,1612.5586135506503,1561.8871164170073,50.67149713364324,1593.049264205158,1574.8181666059304,18.231097599227724
E0,2018-03-10,Newcastle,Southampton,H,3,8,11,8,0.3,0.2,1.0,1.8,1.6,1.8,11.0,11.6,4.0,4.8,17.0,8.6,0,0,0.2,0.4,0.4,5,0.0,1.4,0.8,1.0,1480.5433525700982,1478.7133970931195,1.8299554769787392,1476.603046641325,1473.2412525720074,3.361794069317284
E0,2018-03-10,Chelsea,Crystal Palace,H,0,2,9,2,0.6,0.2,0.6,2.0,1.0,2.0,8.2,11.8,3.4,3.2,13.4,13.0,0,0,0.5714285714285714,0.4285714285714285,0.0,7,0.2,1.4,0.6,1.2,1557.6367581116249,1464.224767885251,93.41199022637396,1537.5543445052162,1469.5994768247165,67.95486768049977
E0,2018-03-10,West Ham,Burnley,A,0,5,8,5,0.4,0.1,1.0,3.8,1.0,0.8,6.4,11.0,2.6,2.0,16.2,13.0,0,0,0.5714285714285714,0.1428571428571428,0.2857142857142857,7,0.8,2.4,1.0,0.8,1496.1210533957506,1518.274402067277,-22.153348671526373,1482.281053079506,1514.748071907509,-32.46701882800289
E0,2018-03-10,Everton,Brighton,H,0,4,15,4,0.5,0.0,0.6,2.2,0.8,1.2,9.0,11.2,2.8,4.0,16.6,15.8,0,0,0.3333333333333333,0.0,0.6666666666666666,3,0.2,1.4,0.0,1.2,1568.3477255293017,1453.4005659502827,114.94715957901894,1496.4190880719557,1498.8976256238543,-2.4785375518986257
E0,2018-03-11,Bournemouth,Tottenham,A,5,9,11,9,0.6,0.6,1.4,2.0,1.4,1.0,8.2,14.2,3.0,4.4,19.4,7.6,8,8,0.0,0.75,0.25,4,0.6,1.2,1.2,0.4,1498.7234915310423,1574.4966578688163,-75.773166337774,1493.1161822354277,1588.1490017978367,-95.03281956240926
E0,2018-03-11,Bournemouth,Tottenham,A,5,11,8,11,0.6,0.6,1.4,2.0,2.0,1.0,8.2,13.2,3.0,5.6,19.4,8.4,0,0,0.0,0.8,0.2,5,0.6,1.2,1.8,0.4,1493.420129116125,1579.8000202837336,-86.37989116760855,1490.464501027969,1590.8006830052952,-100.3361819773263
E0,2018-03-11,Arsenal,Watford,H,0,2,9,2,0.4,0.0,0.6,1.8,0.0,1.2,10.2,11.4,4.0,3.0,14.8,9.4,7,8,0.25,0.75,0.0,4,0.0,0.8,0.0,0.6,1588.7700308473954,1425.0536686986109,163.71636214878458,1529.2241139384078,1455.552436946739,73.67167699166907
E0,2018-03-11,Arsenal,Watford,H,0,2,9,2,0.5,0.0,0.6,1.8,0.0,1.4,10.2,11.4,4.0,3.2,14.8,9.8,0,0,0.4,0.6,0.0,5,0.0,0.8,0.0,0.8,1593.3753896391524,1420.448309906854,172.92707973229858,1531.526793334286,1453.24975755086,78.27703578342607
E0,2018-03-12,Stoke,Man City,A,4,8,7,8,0.4,0.4,0.6,0.8,2.2,1.2,9.8,13.8,2.8,5.6,17.8,10.4,9,8,0.1666666666666666,0.6666666666666666,0.1666666666666666,6,0.0,0.8,0.4,1.0,1463.470929166085,1612.4870254925854,-149.01609632650047,1461.023175734679,1624.4153308965715,-163.3921551618928
E0,2018-03-12,Stoke,Man City,A,4,11,4,11,0.3,0.4,0.6,0.8,2.0,0.4,9.8,15.0,2.8,6.0,17.8,7.8,0,0,0.1428571428571428,0.7142857142857143,0.1428571428571428,7,0.0,0.8,0.2,0.4,1458.6918282946442,1617.266126364026,-158.57429806938194,1458.6336252989586,1626.804881332292,-168.17125603333352
E0,2018-03-17,Stoke,Everton,A,4,0,3,0,0.2,0.0,0.6,0.8,0.6,2.2,9.8,9.0,2.8,2.8,17.8,16.6,5,7,0.3333333333333333,0.5,0.1666666666666666,6,0.0,0.8,0.2,1.4,1455.0163019615131,1424.4904506146097,30.525851346903437,1456.795862132393,1498.6209232951633,-41.825061162770226
E0,2018-03-17,Liverpool,Watford,H,9,1,13,1,0.8,0.0,1.8,0.8,0.0,2.0,14.8,11.2,3.8,3.6,5.4,9.8,7,6,0.5,0.0,0.5,4,0.6,0.0,0.0,1.2,1587.7492167948533,1416.4059188324875,171.34329796236557,1571.2659394933935,1451.2285620136772,120.03737747971628
E0,2018-03-17,Huddersfield,Crystal Palace,A,6,1,8,1,0.2,0.2,0.8,1.6,1.0,2.2,8.4,11.8,4.0,3.0,13.2,16.8,7,7,1.0,0.0,0.0,2,0.8,1.2,0.8,1.2,1484.2280545582146,1458.53154649557,25.696508062644625,1450.6346081468032,1466.752866129876,-16.11825798307291
E0,2018-03-17,Bournemouth,West Brom,H,5,0,5,0,0.6,0.0,1.4,2.0,0.0,2.2,8.2,7.4,3.0,1.4,19.4,17.8,6,7,0.25,0.75,0.0,4,0.6,1.2,0.0,1.6,1488.615533825746,1406.8665271210166,81.74900670472948,1488.0622033827794,1421.1448115770445,66.91739180573495
E0,2018-03-17,Huddersfield,Crystal Palace,A,6,3,8,3,0.2,0.2,0.8,1.6,1.2,2.0,8.4,13.4,4.0,3.6,13.2,16.4,0,0,0.6666666666666666,0.3333333333333333,0.0,3,0.8,1.2,1.0,1.2,1467.3849539169278,1475.3746471368568,-7.989693219928995,1442.2130578261597,1475.1744164505194,-32.96135862435972
E0,2018-03-17,Bournemouth,West Brom,H,5,0,5,0,0.6,0.0,1.4,2.0,0.2,2.0,8.2,9.0,3.0,2.4,19.4,17.4,0,0,0.4,0.6,0.0,5,0.6,1.2,0.2,1.6,1491.4051948533377,1404.076866093425,87.32832875991267,1489.4570338965752,1419.749981063249,69.70705283332632
E0,2018-03-17,Stoke,Everton,A,4,3,2,3,0.2,0.1,0.6,0.8,0.8,1.4,9.8,10.2,2.8,4.2,17.8,15.4,0,0,0.2857142857142857,0.5714285714285714,0.1428571428571428,7,0.0,0.8,0.4,1.4,1444.0405250592485,1435.4662275168744,8.574297542374097,1451.3079736812606,1504.1088117462955,-52.800838065034895
E0,2018-03-17,Liverpool,Watford,H,9,0,15,0,0.8,0.0,1.8,0.8,0.0,3.0,14.8,9.6,3.8,3.4,5.4,10.2,0,0,0.6,0.0,0.4,5,0.6,0.0,0.0,1.8,1591.0272610038296,1413.1278746235114,177.89938638031822,1572.9049615978815,1449.589539909189,123.3154216886926
E0,2018-03-31,Man United,Swansea,H,6,3,15,3,0.8,0.2,1.2,1.6,0.6,1.8,13.2,5.0,6.2,0.6,12.4,21.0,21,21,0.5,0.3333333333333333,0.1666666666666666,6,1.2,0.8,0.6,1.2,1619.6630677757244,1441.5935889166235,178.06947885910083,1596.601491317695,1491.2849672137866,105.31652410390848
E0,2018-03-31,West Ham,Southampton,H,0,5,7,5,0.4,0.2,1.0,3.8,1.0,2.0,6.4,10.2,2.6,4.2,16.2,8.2,21,21,0.1666666666666666,0.6666666666666666,0.1666666666666666,6,0.8,2.4,0.6,1.0,1487.2702072636705,1461.0631906977108,26.207016565959748,1477.855630013466,1464.4161493743031,13.439480639162866
E0,2018-03-31,West Brom,Burnley,A,0,7,0,7,0.2,0.2,0.4,1.8,1.4,0.6,9.6,10.2,3.4,2.4,16.8,12.8,14,21,0.6666666666666666,0.0,0.3333333333333333,6,0.4,1.6,1.4,0.6,1435.4230960330726,1527.125248199357,-91.70215216628436,1418.2932713378214,1519.1734949735492,-100.88022363572782
E0,2018-03-31,Watford,Bournemouth,D,0,5,15,5,0.6,0.2,0.0,3.6,1.4,2.0,8.2,8.2,2.8,3.0,11.2,19.4,14,14,0.5,0.0,0.5,4,0.0,2.2,0.6,1.2,1486.0512051948665,1487.5088729398128,-1.4576677449463205,1448.2458657628931,1490.9137436220028,-42.66787785910947
E0,2018-03-31,Newcastle,Huddersfield,H,3,6,13,6,0.4,0.2,1.0,1.8,0.8,1.6,11.0,8.4,4.0,4.0,17.0,13.2,21,14,0.0,1.0,0.0,2,0.0,1.4,0.8,1.2,1498.193558965507,1417.0411617353916,81.15239723011541,1485.4281498390292,1435.3188167732935,50.109333065735655
E0,2018-03-31,Man United,Swansea,H,6,2,15,2,0.9,0.1,1.2,1.6,0.4,2.0,13.2,5.0,6.2,0.8,12.4,20.6,0,0,0.5714285714285714,0.2857142857142857,0.1428571428571428,7,1.2,0.8,0.4,1.2,1620.0973669878017,1441.1592897045464,178.9380772832551,1596.8186409237337,1491.067817607748,105.75082331598536
E0,2018-03-31,Everton,Man City,A,6,13,15,13,0.6,0.4,1.2,1.4,2.2,0.2,12.2,14.4,5.6,5.8,14.6,6.8,14,19,0.1666666666666666,0.1666666666666666,0.6666666666666666,6,0.8,1.4,0.4,0.2,1572.7513959757166,1620.9416526971572,-48.19025672144062,1508.7065143158825,1628.6426444988576,-119.93613018297516
E0,2018-03-31,West Ham,Southampton,H,0,2,9,2,0.4,0.2,1.0,3.8,0.4,2.2,6.4,9.4,2.6,3.2,16.2,9.0,0,0,0.2857142857142857,0.5714285714285714,0.1428571428571428,7,0.8,2.4,0.4,0.8,1506.6427031699648,1441.6906947914165,64.95200837854827,1487.5418779666134,1454.729901421156,32.811976545457355
E0,2018-03-31,Crystal Palace,Liverpool,A,6,9,1,9,0.2,0.6,1.4,1.4,1.8,0.8,13.6,14.8,4.0,3.8,15.4,5.4,14,14,0.5,0.5,0.0,6,1.0,0.6,0.6,0.0,1474.974185764182,1554.7826621919337,-79.80847642775143,1482.0686575033856,1574.2486357441771,-92.17997824079156
E0,2018-03-31,Newcastle,Huddersfield,H,3,6,15,6,0.5,0.2,1.0,1.8,0.8,1.4,11.0,8.4,4.0,4.0,17.0,13.6,0,0,0.3333333333333333,0.6666666666666666,0.0,3,0.0,1.4,0.8,1.0,1504.7711571739785,1410.4635635269203,94.30759364705796,1488.7169489432647,1432.030017669058,56.6869312742067
E0,2018-03-31,West Brom,Burnley,A,0,9,0,9,0.2,0.3,0.4,1.8,1.6,0.6,9.6,10.2,3.4,2.8,16.8,11.6,0,0,0.5714285714285714,0.1428571428571428,0.2857142857142857,7,0.4,1.6,1.4,0.6,1432.24576791318,1530.3025763192495,-98.05680840606988,1416.7046072778749,1520.7621590334954,-104.05755175562058
E0,2018-03-31,Brighton,Leicester,A,3,6,15,6,0.6,0.2,0.6,1.4,2.2,2.8,11.4,8.0,4.4,3.4,14.8,11.8,21,21,0.0,1.0,0.0,2,0.0,1.4,1.4,1.6,1544.394685297426,1491.0724407332189,53.32224456420704,1496.6957904006467,1508.3346883307431,-11.638897930096393
E0,2018-03-31,Crystal Palace,Liverpool,A,6,9,0,9,0.2,0.6,1.4,1.4,1.6,1.0,13.6,15.2,4.0,3.6,15.4,5.6,0,0,0.4285714285714285,0.5714285714285714,0.0,7,1.0,0.6,0.8,0.0,1471.4021722358395,1558.354675720276,-86.95250348443642,1480.2826507392142,1576.0346425083485,-95.75199176913428
E0,2018-03-31,Everton,Man City,A,6,15,12,15,0.6,0.5,1.2,1.4,2.6,0.2,12.2,14.0,5.6,5.2,14.6,6.4,0,0,0.1428571428571428,0.2857142857142857,0.5714285714285714,7,0.8,1.4,0.4,0.2,1566.2074647967402,1627.4855838761337,-61.27811907939349,1505.4345487263945,1631.914610088346,-126.48006136195158
E0,2018-03-31,Brighton,Leicester,A,3,9,12,9,0.6,0.3,0.6,1.4,2.4,2.4,11.4,7.6,4.4,4.0,14.8,13.0,0,0,0.0,1.0,0.0,3,0.0,1.4,1.6,1.6,1528.6989823325555,1506.768143698089,21.93083863446668,1488.8479389182116,1516.1825398131782,-27.33460089496657
E0,2018-03-31,Watford,Bournemouth,D,0,3,13,3,0.6,0.2,0.0,3.6,1.2,2.4,8.2,8.6,2.8,3.2,11.2,18.4,0,0,0.4,0.0,0.6,5,0.0,2.2,0.2,1.4,1484.5318794928658,1489.0281986418136,-4.496319148947805,1447.486202911893,1491.673406473003,-44.18720356110998
E0,2018-04-01,Arsenal,Stoke,H,0,4,9,4,0.6,0.0,0.6,1.8,0.6,0.8,10.2,9.8,4.0,2.8,14.8,17.8,21,15,0.5,0.5,0.0,6,0.0,0.8,0.0,0.8,1597.4177807135186,1458.575422303273,138.84235841024565,1533.5479888714694,1446.7102711116736,86.83771775979585
E0,2018-04-01,Chelsea,Tottenham,A,0,13,12,13,0.6,0.6,0.6,2.0,2.4,0.8,8.2,13.0,3.4,6.0,13.4,9.4,22,21,0.6666666666666666,0.3333333333333333,0.0,6,0.2,1.4,2.0,0.2,1563.3299795013058,1584.6046155741126,-21.274636072806743,1540.4009552000568,1593.2029806504847,-52.80202545042789
E0,2018-04-01,Arsenal,Stoke,H,0,4,9,4,0.7,0.0,0.6,1.8,0.4,1.0,10.2,8.8,4.0,2.4,14.8,19.6,0,0,0.5714285714285714,0.4285714285714285,0.0,7,0.0,0.8,0.0,1.0,1603.3673946793522,1452.6258083374394,150.7415863419128,1536.522795854386,1443.735464128757,92.78733172562896
E0,2018-04-01,Chelsea,Tottenham,A,0,15,12,15,0.5,0.6,0.6,2.0,2.6,0.6,8.2,12.8,3.4,6.2,13.4,10.4,0,0,0.5714285714285714,0.4285714285714285,0.0,7,0.2,1.4,2.0,0.0,1556.3385681512982,1591.5960269241202,-35.25745877282202,1536.905249525053,1596.6986863254886,-59.79343680043553
E0,2018-04-07,Stoke,Tottenham,A,3,15,1,15,0.2,0.6,0.2,1.4,3.0,0.8,9.2,12.4,2.4,6.8,20.6,12.2,6,6,0.3333333333333333,0.6666666666666666,0.0,6,0.0,1.4,2.2,0.0,1434.8451199200745,1597.7363103964587,-162.89119047638428,1441.3326799236747,1599.7688280616578,-158.43614813798308
E0,2018-04-07,West Brom,Swansea,D,0,2,0,2,0.2,0.0,0.4,1.8,0.2,1.6,9.6,3.4,3.4,1.0,16.8,19.6,7,7,0.3333333333333333,0.6666666666666666,0.0,6,0.4,1.6,0.2,0.6,1429.652029018219,1440.781454385697,-11.129425367478008,1415.4077378303946,1490.8788999483234,-75.47116211792877
E0,2018-04-07,Bournemouth,Crystal Palace,D,4,6,7,6,0.6,0.2,1.4,2.0,1.4,1.4,9.8,13.6,4.0,4.0,18.6,15.4,7,7,0.0,0.25,0.75,4,0.4,1.2,1.0,0.6,1494.3186143041928,1489.163129242589,5.155485061603713,1492.391578345837,1478.616503947483,13.775074398354263
E0,2018-04-07,Brighton,Huddersfield,D,3,3,9,3,0.6,0.2,0.6,1.4,0.4,1.4,11.4,6.0,4.4,2.6,14.8,15.2,7,7,0.0,1.0,0.0,2,0.0,1.4,0.4,1.0,1515.1389588736015,1404.4333857639433,110.70557310965842,1482.0679271887348,1429.0149287875693,53.052998401165496
E0,2018-04-07,Everton,Liverpool,D,6,9,9,9,0.6,0.6,1.2,1.4,1.6,1.2,12.2,15.2,5.6,4.0,14.6,5.6,7,7,0.0,0.3333333333333333,0.6666666666666666,6,0.8,1.4,1.2,0.0,1560.7058408671971,1561.6869693037393,-0.9811284365421216,1502.6837367616226,1577.70078930008,-75.01705253845739
E0,2018-04-07,Watford,Burnley,A,0,12,11,12,0.6,0.4,0.0,3.6,2.0,0.6,8.2,9.8,2.8,3.4,11.2,10.8,7,7,0.25,0.75,0.0,4,0.0,2.2,1.6,0.6,1483.095535747198,1532.8963152142103,-49.80077946701249,1446.7680310390592,1522.059028480976,-75.29099744191672
E0,2018-04-07,Man City,Man United,A,15,6,15,6,1.0,0.6,2.6,0.4,1.2,1.6,15.8,13.2,5.0,6.2,5.6,12.4,7,7,0.6666666666666666,0.1666666666666666,0.1666666666666666,6,0.4,0.4,1.2,0.8,1636.343636300558,1573.5399148596655,62.80372144089256,1634.6654220531173,1597.0075585831582,37.65786346995901
E0,2018-04-07,Stoke,Tottenham,A,3,15,0,15,0.1,0.7,0.2,1.4,3.2,1.0,9.2,12.6,2.4,6.8,20.6,13.2,0,0,0.2857142857142857,0.7142857142857143,0.0,7,0.0,1.4,2.4,0.2,1435.0153664771974,1597.5660638393358,-162.5506973621384,1441.4178032022364,1599.6837047830963,-158.26590158085992
E0,2018-04-07,Watford,Burnley,A,0,15,8,15,0.6,0.5,0.0,3.6,2.4,0.6,8.2,8.6,2.8,4.0,11.2,11.2,0,0,0.2,0.8,0.0,5,0.0,2.2,2.0,0.6,1479.3803884569431,1536.6114625044654,-57.23107404752227,1444.9104573939317,1523.9166021261033,-79.0061447321716
E0,2018-04-07,Leicester,Newcastle,A,12,3,5,3,0.4,0.2,2.6,1.4,1.0,1.8,8.4,11.0,4.4,4.0,12.2,17.0,7,7,0.75,0.25,0.0,4,2.0,0.8,0.0,1.4,1525.5969359282676,1472.662740712551,52.9341952157165,1522.962551542655,1491.7320378247532,31.230513717902113
E0,2018-04-07,Man City,Man United,A,15,9,12,9,0.9,0.6,2.6,0.4,1.8,1.6,15.8,13.0,5.0,6.4,5.6,12.0,0,0,0.5714285714285714,0.2857142857142857,0.1428571428571428,7,0.4,0.4,1.8,0.8,1623.657158775498,1586.2263923847254,37.43076639077276,1628.3221832905874,1603.350797345688,24.97138594489934
E0,2018-04-07,Leicester,Newcastle,A,12,5,4,5,0.3,0.2,2.6,1.4,1.2,1.8,8.4,10.4,4.4,3.2,12.2,14.4,0,0,0.6,0.4,0.0,5,2.0,0.8,0.2,1.4,1512.227130242523,1486.0325463982958,26.194583844227058,1516.277648699783,1498.4169406676256,17.86070803215739
E0,2018-04-07,Everton,Liverpool,D,6,7,7,7,0.6,0.6,1.2,1.4,1.2,1.2,12.2,14.0,5.6,3.8,14.6,5.6,0,0,0.0,0.2857142857142857,0.7142857142857143,7,0.8,1.4,1.2,0.0,1561.3638053655754,1561.029004805361,0.3348005602144894,1503.012719010812,1577.3718070508908,-74.35908804007886
E0,2018-04-07,Brighton,Huddersfield,D,3,1,7,1,0.6,0.2,0.6,1.4,0.2,1.4,11.4,5.6,4.4,2.2,14.8,15.8,0,0,0.0,0.6666666666666666,0.3333333333333333,3,0.0,1.4,0.0,0.8,1509.1329863353187,1410.4393583022263,98.6936280330924,1479.0649409195933,1432.017915056711,47.047025862882265
E0,2018-04-07,Bournemouth,Crystal Palace,D,4,7,7,7,0.5,0.2,1.4,2.0,1.6,1.2,9.8,13.0,4.0,4.4,18.6,17.2,0,0,0.0,0.2,0.8,5,0.4,1.2,1.2,0.4,1494.7213245945,1488.760418952282,5.960905642217995,1492.5929334909906,1478.415148802329,14.177784688661632
E0,2018-04-07,West Brom,Swansea,D,0,3,1,3,0.1,0.0,0.4,1.8,0.2,1.0,9.6,2.6,3.4,1.0,16.8,19.4,0,0,0.2857142857142857,0.5714285714285714,0.1428571428571428,7,0.4,1.6,0.2,0.2,1429.2942090780684,1441.1392743258475,-11.845065247779305,1415.2288278603191,1491.0578099183986,-75.82898205807942
E0,2018-04-08,Arsenal,Southampton,H,0,1,12,1,0.8,0.2,0.6,1.8,0.2,2.6,10.2,8.6,4.0,2.0,14.8,9.8,7,8,0.5,0.1666666666666666,0.3333333333333333,6,0.0,0.8,0.2,0.6,1608.1729630895163,1426.478343272039,181.69461981747736,1538.9255800594683,1447.1237256614672,91.80185439800108
E0,2018-04-08,Chelsea,West Ham,D,0,0,9,0,0.4,0.2,0.6,2.0,1.0,3.8,8.2,6.4,3.4,2.6,13.4,16.2,7,8,0.6666666666666666,0.3333333333333333,0.0,6,0.2,1.4,0.8,2.4,1550.1982846789597,1468.4410527632615,81.75723191569796,1533.8351077888838,1495.148053726302,38.687054062581865
E0,2018-04-08,Arsenal,Southampton,H,0,0,15,0,0.8,0.2,0.6,1.8,0.4,3.0,10.2,9.0,4.0,2.4,14.8,10.6,0,0,0.5714285714285714,0.1428571428571428,0.2857142857142857,7,0.0,0.8,0.2,0.6,1608.9702535092022,1425.681052852353,183.28920065684903,1539.3242252693112,1446.7250804516243,92.59914481768692
E0,2018-04-08,Chelsea,West Ham,D,0,1,7,1,0.4,0.2,0.6,2.0,1.0,3.4,8.2,6.6,3.4,2.8,13.4,16.6,0,0,0.5714285714285714,0.2857142857142857,0.1428571428571428,7,0.2,1.4,1.0,2.0,1546.7141111893177,1471.9252262529037,74.78888493641398,1532.0930210440629,1496.890140471123,35.202880572939875
E0,2018-04-14,Crystal Palace,Brighton,H,8,3,0,3,0.2,0.0,1.8,1.2,0.6,1.4,13.8,11.4,5.2,4.4,15.8,14.8,7,7,0.0,0.0,1.0,2,1.4,0.8,0.0,1.4,1468.0698786523762,1448.9968955038678,19.072983148508456,1478.3704126427992,1476.0815248276035,2.288887815195494
E0,2018-04-14,Huddersfield,Watford,H,2,0,5,0,0.2,0.0,0.4,1.2,0.0,3.6,7.8,8.2,2.6,2.8,15.4,11.2,7,7,1.0,0.0,0.0,2,0.0,0.6,0.0,2.2,1453.5964718111954,1410.4405263309202,43.15594548027525,1435.0013311487005,1443.244061257617,-8.242730108916476
E0,2018-04-14,Liverpool,Bournemouth,H,8,4,15,4,0.8,0.2,1.0,0.8,1.4,2.0,13.2,9.8,4.0,4.0,5.8,18.6,7,7,0.5,0.25,0.25,4,1.0,0.0,0.4,1.2,1593.7146092964208,1490.4645423874813,103.25006690893952,1577.3156964729897,1492.6376696505204,84.67802682246929
E0,2018-04-14,Southampton,Chelsea,A,0,0,3,0,0.0,0.2,0.8,3.0,0.6,2.0,10.8,8.2,3.6,3.4,11.8,13.4,6,6,0.0,0.6666666666666666,0.3333333333333333,6,0.4,0.6,0.2,1.4,1467.7691080508955,1517.4719308988078,-49.70282284791233,1446.4057790276945,1530.516993459579,-84.11121443188449
E0,2018-04-14,Swansea,Everton,D,3,6,15,6,0.8,0.2,0.4,1.2,1.2,1.4,4.0,12.2,1.2,5.6,16.4,14.6,7,7,0.1666666666666666,0.3333333333333333,0.5,6,0.4,0.4,0.8,1.4,1540.9763455109496,1444.6616326560484,96.31471285490125,1491.1920734995467,1503.068829588713,-11.876756089166292
E0,2018-04-14,Tottenham,Man City,A,15,15,15,15,0.8,0.6,2.8,1.0,2.6,0.4,13.2,15.8,6.0,5.0,12.4,5.6,7,7,0.1666666666666666,0.6666666666666666,0.1666666666666666,6,2.2,0.4,0.4,0.4,1601.8013457268569,1632.9872078056767,-31.18586207881981,1599.6319111421658,1622.5489930434474,-22.917081901281563
E0,2018-04-14,Southampton,Chelsea,A,0,3,2,3,0.0,0.3,0.8,3.0,1.0,1.6,10.8,10.2,3.6,3.8,11.8,11.2,0,0,0.0,0.7142857142857143,0.2857142857142857,7,0.4,0.6,0.6,1.0,1461.3763234930525,1523.864715456651,-62.488391963598815,1443.2093867487729,1533.7133857385006,-90.50399898972772
E0,2018-04-14,Burnley,Leicester,H,15,12,9,12,0.2,0.4,2.2,0.8,2.6,1.4,8.6,8.4,4.0,4.4,11.4,12.2,7,7,0.1666666666666666,0.6666666666666666,0.1666666666666666,6,1.8,0.8,2.0,0.8,1511.2217417477411,1520.328167157043,-9.106425409301892,1525.582998262418,1510.3641512383067,15.218847024111255
E0,2018-04-14,Swansea,Everton,D,3,7,13,7,0.8,0.2,0.4,1.2,1.4,1.4,4.0,13.2,1.2,5.8,16.4,15.4,0,0,0.1428571428571428,0.2857142857142857,0.5714285714285714,7,0.4,0.4,0.8,1.4,1539.445158062396,1446.192820104602,93.25233795779376,1490.42647977527,1503.83442331299,-13.40794353772003
E0,2018-04-14,Burnley,Leicester,H,15,12,11,12,0.3,0.4,2.2,0.8,2.6,0.8,8.6,11.0,4.0,5.2,11.4,10.0,0,0,0.2857142857142857,0.5714285714285714,0.1428571428571428,7,1.8,0.8,2.2,0.0,1516.97376595764,1514.576142947144,2.3976230104960905,1528.4590103673677,1507.4881391333572,20.970871234010247
E0,2018-04-14,Crystal Palace,Brighton,H,8,2,3,2,0.2,0.0,1.8,1.2,0.8,1.8,13.8,12.0,5.2,4.6,15.8,14.2,0,0,0.3333333333333333,0.0,0.6666666666666666,3,1.4,0.8,0.0,1.2,1474.2255884654107,1442.8411856908333,31.38440277457744,1481.4482675493164,1473.0036699210864,8.444597628229985
E0,2018-04-14,Liverpool,Bournemouth,H,8,4,15,4,0.8,0.2,1.0,0.8,1.2,1.8,13.2,9.6,4.0,3.8,5.8,19.6,0,0,0.6,0.2,0.2,5,1.0,0.0,0.4,1.2,1597.8925407223012,1486.286610961601,111.60592976070028,1579.40466218593,1490.5487039375805,88.85595824834968
E0,2018-04-14,Huddersfield,Watford,H,2,0,5,0,0.3,0.0,0.4,1.2,0.0,3.4,7.8,6.8,2.6,2.4,15.4,11.4,0,0,1.0,0.0,0.0,3,0.0,0.6,0.0,2.2,1458.121487452498,1405.9155106896176,52.20597676288048,1437.2638389693516,1440.9815534369657,-3.717714467614087
E0,2018-04-14,Tottenham,Man City,A,15,15,12,15,0.8,0.7,2.8,1.0,2.6,0.6,13.2,17.4,6.0,5.2,12.4,5.2,0,0,0.1428571428571428,0.7142857142857143,0.1428571428571428,7,2.2,0.4,0.6,0.4,1592.7571484137393,1642.0314051187945,-49.274256705054995,1595.109812485607,1627.071091700006,-31.961279214398928
E0,2018-04-15,Man United,West Brom,A,12,0,15,0,1.0,0.0,2.4,1.8,0.4,1.8,11.4,9.6,6.0,3.4,14.0,16.8,8,8,0.5,0.1666666666666666,0.3333333333333333,6,2.4,0.6,0.4,1.6,1620.4752023066508,1401.16344664257,219.31175566408092,1609.123987592828,1415.0945642791712,194.0294233136569
E0,2018-04-15,Newcastle,Arsenal,H,7,0,15,0,0.6,0.0,1.2,1.6,0.6,1.8,9.0,10.2,3.2,4.0,12.4,14.8,8,7,0.0,1.0,0.0,4,0.4,1.2,0.0,0.8,1510.8013349369553,1469.67819702942,41.12313790753524,1504.3304381291018,1539.6435266932408,-35.31308856413898
E0,2018-04-15,Man United,West Brom,A,12,3,12,3,0.9,0.1,2.4,1.8,0.6,1.2,11.4,10.0,6.0,4.0,14.0,15.6,0,0,0.4285714285714285,0.2857142857142857,0.2857142857142857,7,2.4,0.6,0.6,1.2,1604.4598911835983,1417.1787577656223,187.281133417976,1601.116332031302,1423.1022198406972,178.01411219060492
E0,2018-04-15,Newcastle,Arsenal,H,7,0,15,0,0.7,0.0,1.2,1.6,0.6,1.6,9.0,11.4,3.2,3.8,12.4,14.0,0,0,0.2,0.8,0.0,5,0.4,1.2,0.0,0.6,1515.156409302918,1465.3231226634573,49.833286639460766,1506.507975312083,1537.4659895102595,-30.958014198176443
E0,2018-04-16,West Ham,Stoke,D,2,3,9,3,0.4,0.0,1.0,2.8,0.2,1.4,6.2,9.2,2.4,2.4,17.0,20.6,8,9,0.3333333333333333,0.0,0.6666666666666666,6,1.0,1.4,0.0,1.4,1521.8550546893423,1447.8202399272752,74.03481476206707,1498.4661680556069,1441.4695968431668,56.99657121244013
E0,2018-04-16,West Ham,Stoke,D,2,3,7,3,0.4,0.0,1.0,2.8,0.2,1.4,6.2,10.2,2.4,3.4,17.0,20.4,0,0,0.2857142857142857,0.0,0.7142857142857143,7,1.0,1.4,0.2,1.4,1518.0146629079584,1451.6606317086591,66.35403119929924,1496.545972164915,1443.3897927338587,53.156179431056216
E0,2018-04-17,Brighton,Tottenham,D,1,15,5,15,0.6,0.8,1.0,2.2,2.8,1.0,11.6,13.2,4.0,6.0,14.2,12.4,3,3,0.0,1.0,0.0,2,0.0,1.0,2.2,0.4,1503.1661541513397,1597.462476557475,-94.29632240613525,1470.1349583759034,1591.3617846338916,-121.22682625798824
E0,2018-04-17,Brighton,Tottenham,D,1,13,3,13,0.5,0.8,1.0,2.2,2.2,1.0,11.6,14.0,4.0,5.6,14.2,11.2,0,0,0.0,0.6666666666666666,0.3333333333333333,3,0.0,1.0,1.8,0.6,1508.269106702365,1592.3595240064496,-84.09041730408467,1472.6864346514158,1588.8103083583792,-116.12387370696342
E0,2018-04-18,Bournemouth,Man United,A,3,12,8,12,0.4,0.6,1.0,2.2,2.4,1.8,9.2,11.4,3.4,6.0,19.0,14.0,4,3,0.0,0.75,0.25,4,0.4,1.4,2.4,0.6,1494.8107969135597,1597.7727728790055,-102.96197596544609,1488.70699402706,1593.4544117841274,-104.7474177570673
E0,2018-04-18,Bournemouth,Man United,A,3,15,8,15,0.3,0.6,1.0,2.2,2.8,1.6,9.2,11.4,3.4,5.6,19.0,14.6,0,0,0.0,0.8,0.2,5,0.4,1.4,2.6,0.4,1490.6572149749045,1601.9263548176611,-111.26913984275689,1486.6302030577324,1595.531202753455,-108.9009996957227
E0,2018-04-19,Leicester,Southampton,D,9,0,3,0,0.2,0.2,2.0,1.0,0.8,3.0,11.2,10.8,5.2,3.6,10.4,11.8,5,5,0.5,0.3333333333333333,0.1666666666666666,6,1.8,0.0,0.4,0.6,1500.4001353195704,1425.0424500044935,75.35768531507688,1504.4026058032518,1440.8661212608686,63.53648454238328
E0,2018-04-19,Burnley,Chelsea,A,15,6,13,6,0.4,0.4,2.2,0.8,1.4,1.6,8.6,10.8,4.0,3.4,11.4,11.2,5,5,0.3333333333333333,0.3333333333333333,0.3333333333333333,6,1.8,0.8,1.2,1.0,1523.1448326178506,1528.5512464324593,-5.406413814608641,1531.5445436974728,1536.0566512264047,-4.512107528931892
E0,2018-04-19,Leicester,Southampton,D,9,1,3,1,0.1,0.1,2.0,1.0,0.8,2.4,11.2,10.8,5.2,3.6,10.4,12.6,0,0,0.4285714285714285,0.2857142857142857,0.2857142857142857,7,1.8,0.0,0.4,0.4,1495.783260773789,1429.659324550275,66.12393622351397,1502.0941685303612,1443.1745585337594,58.91960999660182
E0,2018-04-19,Burnley,Chelsea,A,15,9,12,9,0.4,0.4,2.2,0.8,1.6,1.4,8.6,11.2,4.0,3.0,11.4,10.2,0,0,0.2857142857142857,0.4285714285714285,0.2857142857142857,7,1.8,0.8,1.4,1.0,1513.2508431674862,1538.4452358828237,-25.19439271533747,1526.5975489722905,1541.0036459515868,-14.406096979296308
E0,2018-04-21,Watford,Crystal Palace,D,0,8,5,8,0.6,0.2,0.0,3.0,1.8,1.2,5.4,13.8,2.0,5.2,11.0,15.8,7,7,0.0,0.75,0.25,4,0.0,2.0,1.4,0.8,1476.0475961843138,1488.6709466332222,-12.623350448908468,1439.0309150580104,1484.3169790945,-45.286064036489506
E0,2018-04-21,West Brom,Liverpool,D,6,8,2,8,0.0,0.6,0.8,1.0,1.0,0.8,10.2,13.2,4.4,4.0,15.4,5.8,6,7,0.0,0.5,0.5,6,0.8,1.0,1.0,0.0,1429.0256819157723,1560.9167836495587,-131.8911017337864,1430.764140087872,1581.2463720964502,-150.4822320085782
E0,2018-04-21,Watford,Crystal Palace,D,0,9,3,9,0.5,0.2,0.0,3.0,1.6,0.8,5.4,13.2,2.0,5.0,11.0,13.2,0,0,0.0,0.6,0.4,5,0.0,2.0,1.2,0.8,1479.282084134142,1485.436458683394,-6.1543745492519975,1440.6481590329245,1482.6997351195855,-42.05157608666104
E0,2018-04-21,West Brom,Liverpool,D,6,9,3,9,0.0,0.5,0.8,1.0,1.2,0.8,10.2,12.2,4.4,4.2,15.4,7.4,0,0,0.0,0.4285714285714285,0.5714285714285714,7,0.8,1.0,1.0,0.4,1436.2025853086907,1553.7398802566404,-117.5372949479497,1434.352591784331,1577.6579203999909,-143.30532861565985
E0,2018-04-22,Stoke,Burnley,D,3,15,0,15,0.0,0.6,0.4,1.6,2.2,0.8,10.0,8.6,4.2,4.0,20.4,11.4,6,3,0.1666666666666666,0.6666666666666666,0.1666666666666666,6,0.4,1.6,1.8,0.8,1435.1189537590585,1539.9442547770948,-104.8253010180365,1445.0678391289716,1522.4047053988843,-77.33686626991289
E0,2018-04-22,Man City,Swansea,H,15,3,9,3,0.8,0.0,2.8,0.8,0.4,1.2,17.4,4.0,5.2,1.2,6.2,16.4,8,8,1.0,0.0,0.0,6,0.6,0.4,0.4,0.4,1612.1107782812178,1441.4078014881438,170.70297679307396,1630.8191195517215,1489.8072626590586,141.011856892663
E0,2018-04-22,Stoke,Burnley,D,3,13,1,13,0.0,0.6,0.4,1.6,1.8,1.0,10.0,10.4,4.2,4.6,20.4,10.4,0,0,0.1428571428571428,0.5714285714285714,0.2857142857142857,7,0.4,1.6,1.4,0.8,1440.0831498332816,1534.9800587028717,-94.89690886958988,1447.549937166083,1519.9226073617729,-72.3726701956898
E0,2018-04-22,Arsenal,West Ham,H,0,2,15,2,0.8,0.2,0.8,1.8,1.0,2.8,13.2,6.2,4.2,2.4,12.0,17.0,7,6,0.6666666666666666,0.0,0.3333333333333333,6,0.0,0.6,1.0,1.4,1609.6088563570618,1475.0772814218712,134.53157493519052,1535.287138756171,1494.867925769802,40.419212986369075
E0,2018-04-22,Arsenal,West Ham,H,0,2,15,2,0.8,0.1,0.8,1.8,1.0,2.8,13.2,7.0,4.2,2.4,12.0,16.8,0,0,0.7142857142857143,0.0,0.2857142857142857,7,0.0,0.6,1.0,1.6,1612.153565729682,1472.532572049251,139.62099368043096,1536.5594934424812,1493.595571083492,42.963922358989294
E0,2018-04-22,Man City,Swansea,H,15,2,9,2,0.8,0.0,2.8,0.8,0.4,2.2,17.4,4.8,5.2,1.4,6.2,14.2,0,0,1.0,0.0,0.0,7,0.6,0.4,0.4,1.0,1613.6139566999282,1439.9046230694337,173.7093336304947,1631.5707087610767,1489.0556734497034,142.51503531137337
E0,2018-04-23,Everton,Newcastle,H,8,7,5,7,0.6,0.2,1.4,1.2,1.2,1.6,13.6,9.0,5.6,3.2,14.6,12.4,9,8,0.75,0.25,0.0,4,0.8,1.2,0.4,1.2,1561.4760265213777,1497.8595413212483,63.61648520012932,1504.4536404292012,1508.6868260661718,-4.233185636970575
E0,2018-04-23,Everton,Newcastle,H,8,6,5,6,0.6,0.2,1.4,1.2,0.8,1.4,13.6,7.8,5.6,2.8,14.6,10.6,0,0,0.8,0.2,0.0,5,0.8,1.2,0.4,1.0,1564.3067296750685,1495.0288381675578,69.2778915075105,1505.8689920060465,1507.2714744893265,-1.4024824832799825
E0,2018-04-28,Swansea,Chelsea,A,2,12,11,12,0.8,0.4,0.4,2.8,2.0,1.4,5.0,13.8,1.2,4.0,15.8,8.6,6,9,0.0,0.8333333333333334,0.1666666666666666,6,0.4,1.6,1.6,1.0,1538.2067238299733,1546.8309230296356,-8.624199199662371,1488.255973846953,1545.196489524993,-56.940515678039674
E0,2018-04-28,Huddersfield,Everton,A,2,8,7,8,0.4,0.2,0.4,1.2,1.4,1.2,7.8,13.6,2.6,5.6,15.4,14.6,14,5,0.0,1.0,0.0,2,0.0,0.6,0.8,1.2,1462.0227642104087,1447.4312543370247,14.591509873383984,1439.214477348307,1507.1671147735383,-67.95263742523161
E0,2018-04-28,Crystal Palace,Leicester,H,7,9,6,9,0.2,0.4,1.2,0.8,2.0,1.0,11.0,11.2,4.0,5.2,14.8,10.4,7,9,0.6666666666666666,0.1666666666666666,0.1666666666666666,6,1.0,0.8,1.8,0.0,1479.9630115557773,1508.4050762869335,-28.44206473115628,1480.9711655888336,1499.9436689107642,-18.972503321930617
E0,2018-04-28,Burnley,Brighton,D,11,1,9,1,0.4,0.0,1.6,1.0,1.0,2.2,11.4,11.6,5.2,4.0,10.4,14.2,6,11,0.0,0.0,1.0,2,1.4,0.6,0.0,1.0,1504.8651560206742,1437.1037626004668,67.76139342020747,1517.51254017429,1475.1020059243324,42.410534249957664
E0,2018-04-28,Crystal Palace,Leicester,H,7,6,9,6,0.3,0.4,1.2,0.8,1.2,1.8,11.0,9.6,4.0,4.2,14.8,12.2,0,0,0.7142857142857143,0.1428571428571428,0.1428571428571428,7,1.0,0.8,1.2,0.6,1502.1862737701003,1486.1818140726105,16.004459697489892,1492.082796695995,1488.8320378036026,3.2507588923924686
E0,2018-04-28,Huddersfield,Everton,A,2,11,6,11,0.4,0.3,0.4,1.2,1.6,0.8,7.8,13.0,2.6,5.8,15.4,12.2,0,0,0.0,1.0,0.0,3,0.0,0.6,1.0,0.8,1450.2413928847989,1459.2126256626343,-8.971232777835667,1433.323791685502,1513.057800436343,-79.73400875084121
E0,2018-04-28,Liverpool,Stoke,D,7,3,15,3,0.8,0.0,1.2,1.0,0.4,1.6,10.8,10.0,3.6,4.2,8.8,20.4,7,6,0.8333333333333334,0.1666666666666666,0.0,6,0.8,0.8,0.4,1.6,1601.5759605433416,1455.0167244988847,146.55923604445684,1574.367370097265,1449.960004353566,124.40736574369885
E0,2018-04-28,Newcastle,West Brom,A,6,6,15,6,0.8,0.2,0.8,1.2,0.8,1.0,8.2,10.2,2.8,4.4,9.6,15.4,5,7,0.25,0.0,0.75,4,0.4,1.0,0.8,1.0,1519.514110811095,1432.5025982599714,87.01151255112359,1505.9733517218342,1437.643142087057,68.33020963477725
E0,2018-04-28,Southampton,Bournemouth,H,2,3,2,3,0.0,0.2,0.8,1.8,1.0,2.2,10.2,9.2,4.0,3.4,12.2,19.0,9,10,0.25,0.0,0.75,4,0.4,0.4,0.4,1.4,1456.689792517244,1482.6031911405605,-25.913398623316652,1445.3250581533566,1484.8891722367616,-39.564114083405
E0,2018-04-28,Swansea,Chelsea,A,2,15,8,15,0.7,0.5,0.4,2.8,2.2,1.2,5.0,15.4,1.2,4.6,15.8,8.0,0,0,0.0,0.8571428571428571,0.1428571428571428,7,0.4,1.6,1.6,0.8,1534.548346320429,1550.4893005391802,-15.940954218751584,1486.426785092181,1547.025678279765,-60.59889318758405
E0,2018-04-28,Newcastle,West Brom,A,6,9,12,9,0.8,0.3,0.8,1.2,1.0,0.8,8.2,10.2,2.8,4.4,9.6,15.8,0,0,0.2,0.2,0.6,5,0.4,1.0,0.8,0.8,1507.3001683874363,1444.7165406836298,62.58362770380677,1499.866380510005,1443.7501132988862,56.11626721111884
E0,2018-04-28,Burnley,Brighton,D,11,1,7,1,0.4,0.0,1.6,1.0,0.8,2.0,11.4,10.6,5.2,3.0,10.4,13.2,0,0,0.0,0.0,1.0,3,1.4,0.6,0.0,0.8,1501.212587529791,1440.7563310913497,60.45625643844164,1515.6862559288486,1476.9282901697738,38.75796575907475
E0,2018-04-28,Southampton,Bournemouth,H,2,2,5,2,0.1,0.1,0.8,1.8,1.0,2.4,10.2,10.4,4.0,4.2,12.2,17.2,0,0,0.4,0.0,0.6,5,0.4,0.4,0.4,1.4,1463.0825314949843,1476.21045216282,-13.127920667835724,1448.5214276422266,1481.6928027478916,-33.17137510566499
E0,2018-04-28,Liverpool,Stoke,D,7,3,13,3,0.8,0.0,1.2,1.0,0.4,1.6,10.8,8.6,3.6,3.8,8.8,20.8,0,0,0.7142857142857143,0.1428571428571428,0.1428571428571428,7,0.8,0.8,0.4,1.6,1594.858774380883,1461.733910661343,133.1248637195397,1571.0087770160358,1453.3185974347953,117.6901795812405
E0,2018-04-29,Man United,Arsenal,H,15,0,9,0,0.8,0.0,2.6,1.2,0.8,1.8,10.6,13.2,4.8,4.2,15.2,12.0,11,7,0.5,0.1666666666666666,0.3333333333333333,6,2.2,0.2,0.0,0.6,1589.1360506892493,1460.9654211552804,128.17062953396885,1597.272233574426,1537.8146136630664,59.457619911359416
E0,2018-04-29,West Ham,Man City,A,2,15,8,15,0.4,0.8,1.0,2.8,2.8,0.8,7.8,17.4,2.8,5.2,19.0,6.2,7,7,0.1666666666666666,0.8333333333333334,0.0,6,1.0,2.0,0.6,0.4,1514.6585701177328,1649.527460822225,-134.8688907044923,1492.340450862907,1632.3704083638268,-140.0299575009201
E0,2018-04-29,West Ham,Man City,A,2,15,8,15,0.4,0.9,1.0,2.8,3.2,1.0,7.8,17.8,2.8,5.4,19.0,6.4,0,0,0.1428571428571428,0.8571428571428571,0.0,7,1.0,2.0,0.8,0.4,1512.294484880112,1651.8915460598455,-139.5970611797336,1491.1584082440963,1633.5524509826369,-142.39404273854052
E0,2018-04-29,Man United,Arsenal,H,15,0,9,0,0.8,0.0,2.6,1.2,1.0,2.0,10.6,13.6,4.8,4.6,15.2,11.8,0,0,0.5714285714285714,0.1428571428571428,0.2857142857142857,7,2.2,0.2,0.2,0.6,1590.440397474237,1459.661074370293,130.7793231039443,1597.9244069669198,1537.1624402705725,60.76196669634737
E0,2018-04-30,Tottenham,Watford,H,11,0,9,0,0.8,0.0,1.8,1.0,0.0,3.0,14.8,5.4,5.4,2.0,10.0,11.0,13,9,0.5,0.0,0.5,4,1.6,0.8,0.0,2.0,1585.2610927103085,1402.014233931707,183.24685877860156,1586.3947370854626,1442.3767285636766,144.018008521786
E0,2018-04-30,Tottenham,Watford,H,11,0,9,0,0.8,0.0,1.8,1.0,0.0,2.8,14.8,5.8,5.4,2.2,10.0,11.4,0,0,0.6,0.0,0.4,5,1.6,0.8,0.0,1.8,1583.017250609308,1404.2580760327075,178.75917457660034,1585.2728160349625,1443.4986496141769,141.7741664207856
E0,2018-05-04,Brighton,Man United,H,2,15,4,15,0.4,0.6,0.8,1.6,2.6,1.2,10.4,10.6,2.4,4.8,12.6,15.2,6,5,0.0,1.0,0.0,2,0.0,0.4,2.2,0.2,1513.1002492481978,1605.4084164596024,-92.30816721140468,1478.6345974736623,1598.573541836728,-119.93894436306572
E0,2018-05-04,Brighton,Man United,H,2,12,7,12,0.4,0.6,0.8,1.6,2.0,1.0,10.4,10.4,2.4,3.8,12.6,15.4,0,0,0.3333333333333333,0.6666666666666666,0.0,3,0.0,0.4,1.6,0.2,1525.276920240279,1593.2317454675213,-67.95482522724228,1484.722932969703,1592.4852063406877,-107.76227337098452
E0,2018-05-05,Bournemouth,Swansea,H,1,2,5,2,0.2,0.0,0.8,2.4,0.4,2.8,10.6,5.0,4.4,1.2,16.8,15.8,7,7,0.5,0.0,0.5,4,0.2,1.4,0.4,1.6,1487.175153332963,1438.3052238639334,48.86992946902956,1478.5668451062115,1485.0590434069716,-6.4921983007600375
E0,2018-05-05,Leicester,West Ham,A,3,2,3,2,0.0,0.0,0.8,2.8,1.0,2.8,9.6,7.8,3.6,2.8,12.2,19.0,7,6,0.5,0.1666666666666666,0.3333333333333333,6,0.8,1.2,1.0,2.0,1491.4822615345947,1470.0223316080803,21.459929926514175,1480.706723661163,1490.0532199436575,-9.346496282494172
E0,2018-05-05,Everton,Southampton,D,11,2,8,2,0.6,0.0,1.6,0.6,0.8,1.8,11.0,10.2,5.0,4.0,12.2,12.2,7,7,0.3333333333333333,0.6666666666666666,0.0,6,0.8,0.6,0.4,0.4,1566.9029752100523,1433.9603237894692,132.94265142058316,1517.6742260904675,1451.6473852839067,66.02684080656081
E0,2018-05-05,West Brom,Tottenham,H,12,11,4,11,0.0,0.8,1.0,0.4,1.8,1.0,9.8,14.8,3.6,5.4,15.8,10.0,7,5,0.1666666666666666,0.3333333333333333,0.5,6,0.6,0.4,1.6,0.8,1442.7836859141426,1587.5283814606169,-144.7446955464743,1449.28219128382,1584.1959721443634,-134.9137808605435
E0,2018-05-05,West Brom,Tottenham,H,12,8,7,8,0.1,0.7,1.0,0.4,1.2,1.0,9.8,16.0,3.6,5.0,15.8,9.0,0,0,0.2857142857142857,0.2857142857142857,0.4285714285714285,7,0.6,0.4,1.2,1.0,1454.8544249497224,1575.457642425037,-120.60321747531452,1455.31756080161,1578.1606026265736,-122.84304182496362
E0,2018-05-05,Watford,Newcastle,H,0,6,3,6,0.4,0.2,0.0,2.2,0.8,1.2,7.6,8.2,3.0,2.8,11.4,9.6,5,7,1.0,0.0,0.0,2,0.0,1.4,0.4,1.0,1482.7392231956462,1492.4325926325737,-9.693369436927467,1444.5754935047755,1494.3343025250715,-49.75880902029576
E0,2018-05-05,Stoke,Crystal Palace,A,4,7,2,7,0.0,0.2,0.4,1.0,1.2,0.8,8.0,11.0,3.6,4.0,20.0,14.8,7,7,0.1666666666666666,0.6666666666666666,0.1666666666666666,6,0.4,1.0,1.0,0.8,1444.9032842082472,1481.9793196218898,-37.07603541364256,1456.6236038082486,1500.208110838434,-43.58450703018548
E0,2018-05-05,Bournemouth,Swansea,H,1,2,5,2,0.3,0.0,0.8,2.4,0.4,2.6,10.6,6.8,4.4,1.4,16.8,16.2,0,0,0.6,0.0,0.4,5,0.2,1.4,0.4,1.6,1491.8761142145054,1433.604262982391,58.271851232114386,1480.9173255469827,1482.7085629662004,-1.791237419217623
E0,2018-05-05,Everton,Southampton,D,11,3,9,3,0.5,0.0,1.6,0.6,1.0,1.4,11.0,10.6,5.0,5.0,12.2,11.4,0,0,0.2857142857142857,0.5714285714285714,0.1428571428571428,7,0.8,0.6,0.6,0.6,1559.723641942531,1441.1396570569905,118.58398488554052,1514.0845594567068,1455.2370519176673,58.8475075390395
E0,2018-05-05,Leicester,West Ham,A,3,5,2,5,0.0,0.1,0.8,2.8,1.2,2.0,9.6,9.0,3.6,3.0,12.2,19.8,0,0,0.4285714285714285,0.2857142857142857,0.2857142857142857,7,0.8,1.2,1.0,1.6,1474.6834054710532,1486.821187671622,-12.137782200568836,1472.307295629393,1498.452647975428,-26.14535234603545
E0,2018-05-05,Stoke,Crystal Palace,A,4,7,2,7,0.0,0.3,0.4,1.0,1.2,1.0,8.0,10.2,3.6,3.2,20.0,15.0,0,0,0.1428571428571428,0.7142857142857143,0.1428571428571428,7,0.4,1.0,1.2,0.8,1440.1409471887162,1486.7416566414208,-46.60070945270468,1454.242435298483,1502.5892793482,-48.346844049716765
E0,2018-05-05,Watford,Newcastle,H,0,6,5,6,0.4,0.2,0.0,2.2,1.0,1.2,7.6,8.6,3.0,2.6,11.4,9.0,0,0,1.0,0.0,0.0,3,0.0,1.4,0.6,0.8,1493.2051525878287,1481.9666632403912,11.238489347437508,1449.808458200867,1489.10133782898,-39.29287962811304
E0,2018-05-06,Chelsea,Liverpool,H,15,7,5,7,0.4,0.4,1.8,0.8,1.2,1.0,14.2,10.8,4.2,3.6,8.0,8.8,8,8,0.1666666666666666,0.1666666666666666,0.6666666666666666,6,1.0,0.6,0.8,0.8,1543.5620560203502,1547.1587796511883,-3.596723630838369,1548.3934199649748,1567.7037706425824,-19.31035067760763
E0,2018-05-06,Arsenal,Burnley,H,0,11,15,11,0.8,0.6,1.0,2.0,1.6,1.0,12.2,11.4,3.8,5.2,12.6,10.4,7,8,1.0,0.0,0.0,6,0.4,0.8,1.4,0.6,1614.6638061708525,1530.159924327906,84.50388184294661,1536.5133054007642,1513.97994862496,22.53335677580435
E0,2018-05-06,Man City,Huddersfield,D,15,2,9,2,0.8,0.2,3.4,1.0,0.4,1.2,18.0,7.8,6.0,2.6,6.0,15.4,7,8,1.0,0.0,0.0,2,1.2,0.2,0.0,0.6,1615.2133559054282,1416.406190486205,198.80716541922288,1634.657639283076,1428.707366031378,205.9502732516978
E0,2018-05-06,Chelsea,Liverpool,H,15,4,5,4,0.5,0.3,1.8,0.8,0.8,1.0,14.2,9.6,4.2,3.4,8.0,10.0,0,0,0.2857142857142857,0.1428571428571428,0.5714285714285714,7,1.0,0.6,0.4,0.8,1548.4067850421227,1542.314050629416,6.0927344127067045,1550.815784475861,1565.2814061316965,-14.46562165583532
E0,2018-05-06,Arsenal,Burnley,H,0,8,15,8,0.9,0.6,1.0,2.0,1.2,1.8,12.2,10.4,3.8,4.8,12.6,12.0,0,0,1.0,0.0,0.0,7,0.4,0.8,1.2,1.0,1627.686990027605,1517.1367404711534,110.55024955645148,1543.0248973291405,1507.4683566965837,35.55654063255679
E0,2018-05-06,Man City,Huddersfield,D,15,3,7,3,0.7,0.2,3.4,1.0,0.4,0.8,18.0,8.2,6.0,2.6,6.0,15.4,0,0,0.6666666666666666,0.0,0.3333333333333333,3,1.2,0.2,0.0,0.4,1605.721482069279,1425.8980643223542,179.8234177469251,1629.9117023650017,1433.4533029494523,196.4583994155491
E0,2018-05-08,Swansea,Southampton,A,1,4,5,4,0.6,0.0,0.2,2.6,0.8,1.0,7.8,9.8,1.8,4.4,15.8,10.6,3,3,0.3333333333333333,0.3333333333333333,0.3333333333333333,6,0.2,1.4,0.6,0.6,1531.8128629500095,1447.709840699807,84.10302225020268,1480.4168360475442,1458.5221437390755,21.89469230846862
E0,2018-05-08,Swansea,Southampton,A,1,7,2,7,0.5,0.1,0.2,2.6,0.6,0.4,7.8,9.4,1.8,4.4,15.8,10.2,0,0,0.2857142857142857,0.4285714285714285,0.2857142857142857,7,0.2,1.4,0.6,0.4,1520.7575496739053,1458.7651539759115,61.99239569799374,1474.889179409492,1464.0498003771277,10.839379032364375
E0,2018-05-09,Man City,Brighton,H,15,2,8,2,0.6,0.0,3.4,1.0,0.8,1.6,18.0,10.4,6.0,2.4,6.0,12.6,3,5,1.0,0.0,0.0,2,1.2,0.2,0.0,0.4,1596.448870462444,1444.1689456991269,152.27992476331724,1625.275396561584,1490.149925856058,135.1254707055259
E0,2018-05-09,Leicester,Arsenal,H,3,0,2,0,0.0,0.0,0.8,2.8,1.0,2.0,9.6,12.2,3.6,3.8,12.2,12.6,4,3,0.0,0.6666666666666666,0.3333333333333333,6,0.8,1.2,0.4,0.8,1460.6658676064385,1458.3628046306758,2.3030629757624865,1465.2985266970852,1547.7282300104375,-82.42970331335232
E0,2018-05-09,Chelsea,Huddersfield,D,15,4,8,4,0.6,0.2,1.8,0.8,0.4,0.6,14.2,8.4,4.2,3.2,8.0,14.8,3,3,1.0,0.0,0.0,2,1.0,0.6,0.0,0.2,1552.097457468403,1435.1706759291894,116.9267815392136,1552.661120689001,1438.08960875287,114.57151193613116
E0,2018-05-09,Leicester,Arsenal,H,3,0,5,0,0.1,0.0,0.8,2.8,1.0,2.2,9.6,12.0,3.6,3.8,12.2,13.8,0,0,0.1428571428571428,0.5714285714285714,0.2857142857142857,7,0.8,1.2,0.6,1.2,1471.468446614139,1447.5602256229747,23.908220991164622,1470.699816200936,1542.326940506587,-71.62712430565125
E0,2018-05-09,Tottenham,Newcastle,H,5,3,9,3,0.8,0.2,0.8,1.0,0.8,1.4,16.6,8.8,5.2,2.0,8.8,9.6,4,4,0.75,0.25,0.0,4,0.8,1.0,0.6,0.6,1580.86356282811,1472.192407178359,108.67115564975096,1572.4722522346017,1484.214209797964,88.25804243663742
E0,2018-05-09,Chelsea,Huddersfield,D,15,5,9,5,0.5,0.1,1.8,0.8,0.6,0.6,14.2,8.2,4.2,3.6,8.0,15.6,0,0,0.6666666666666666,0.0,0.3333333333333333,3,1.0,0.6,0.2,0.2,1545.7643831878622,1441.5037502097302,104.26063297813198,1549.4945835487306,1441.2561458931405,108.23843765559012
E0,2018-05-09,Man City,Brighton,H,15,2,11,2,0.6,0.0,3.4,1.0,1.0,1.8,18.0,9.6,6.0,2.2,6.0,13.8,0,0,1.0,0.0,0.0,3,1.2,0.2,0.0,0.2,1596.8286534005777,1443.7891627609931,153.0394906395843,1625.4652880306508,1489.960034386991,135.50525364365967
E0,2018-05-09,Tottenham,Newcastle,H,5,0,9,0,0.8,0.2,0.8,1.0,0.4,1.4,16.6,10.0,5.2,1.8,8.8,10.2,0,0,0.8,0.2,0.0,5,0.8,1.0,0.4,0.6,1583.186831542948,1469.8691384635208,113.31769307942729,1573.6338865920206,1483.0525754405448,90.5813111514758
E0,2018-05-10,West Ham,Man United,D,7,9,5,9,0.4,0.6,1.4,1.8,1.4,0.8,10.6,12.6,3.2,3.6,17.8,13.6,5,6,0.0,0.6666666666666666,0.3333333333333333,6,1.0,1.6,1.0,0.4,1510.0841082792342,1582.3777596948112,-72.29365141557696,1505.4614169077356,1587.0582134543324,-81.5967965465968
E0,2018-05-10,West Ham,Man United,D,7,7,3,7,0.3,0.6,1.4,1.8,0.8,0.4,10.6,14.8,3.2,4.0,17.8,11.4,0,0,0.0,0.5714285714285714,0.4285714285714285,7,1.0,1.6,0.4,0.4,1512.476930746378,1579.9849372276674,-67.50800648128939,1506.6578281413076,1585.8618022207606,-79.20397407945302
E0,2018-05-13,Crystal Palace,West Brom,H,9,12,12,12,0.4,0.4,1.2,0.8,1.0,0.4,10.2,9.8,2.4,3.6,12.4,15.8,8,8,0.1666666666666666,0.3333333333333333,0.5,6,1.2,0.4,0.6,0.4,1518.4369020549786,1455.7806966534972,62.65620540148143,1504.873120154925,1461.0059111935818,43.86720896134284
E0,2018-05-13,Huddersfield,Arsenal,A,5,0,6,0,0.4,0.0,0.6,0.6,1.0,2.4,6.0,11.8,3.0,4.6,17.4,16.0,4,4,0.0,1.0,0.0,2,0.4,0.4,0.8,1.4,1441.008541576551,1438.512781985886,2.4957595906646475,1444.304900420013,1537.8032186880428,-93.49831826802983
E0,2018-05-13,Liverpool,Brighton,H,3,2,11,2,0.8,0.0,0.8,1.2,0.8,1.8,9.6,8.4,3.8,2.2,11.2,14.6,7,4,1.0,0.0,0.0,2,0.4,0.8,0.0,0.4,1588.2487616339763,1443.5915937788743,144.65716785510176,1563.436069918556,1489.861249895932,73.57482002262395
E0,2018-05-13,Newcastle,Chelsea,H,0,15,9,15,0.8,0.6,0.4,1.4,1.8,0.8,11.0,14.2,2.0,4.2,10.6,8.0,4,4,0.25,0.75,0.0,4,0.4,0.6,1.0,0.6,1496.236012417569,1553.2247839095992,-56.98877149203008,1482.0425202960892,1546.445829021858,-64.40330872576897
E0,2018-05-13,Southampton,Man City,A,9,15,7,15,0.2,1.0,0.8,0.4,3.4,1.0,10.8,18.0,5.6,6.0,10.2,6.0,5,4,0.0,0.8333333333333334,0.1666666666666666,6,0.8,0.4,1.2,0.2,1469.334446778344,1654.1019226607236,-184.7674758823796,1468.9192341469156,1625.56407252171,-156.6448383747943
E0,2018-05-13,Swansea,Stoke,A,1,4,1,4,0.4,0.0,0.2,2.6,0.4,1.0,7.8,8.0,1.8,3.6,15.8,20.0,5,8,0.3333333333333333,0.6666666666666666,0.0,6,0.2,1.4,0.4,1.0,1511.0186821343293,1468.34392340825,42.67475872607929,1470.019745639704,1451.958594491758,18.06115114794602
E0,2018-05-13,Tottenham,Leicester,H,5,3,12,3,0.8,0.4,0.8,1.0,0.8,2.8,16.6,9.6,5.2,3.6,8.8,12.2,4,4,0.5,0.3333333333333333,0.1666666666666666,6,0.8,1.0,0.8,1.2,1585.2069418318597,1469.931185787732,115.27575604412756,1574.6439417364763,1475.2235380194802,99.42040371699612
E0,2018-05-13,West Ham,Everton,H,7,11,3,11,0.2,0.4,1.4,1.8,1.6,0.6,10.6,11.0,3.2,5.0,17.8,12.2,3,8,0.0,0.8333333333333334,0.1666666666666666,6,1.0,1.6,0.8,0.6,1515.147390859306,1468.4454769708827,46.70191388842318,1507.9930581977717,1510.7994676352987,-2.806409437527236
E0,2018-05-13,Burnley,Bournemouth,A,5,1,5,1,0.4,0.0,0.8,2.6,0.8,2.4,10.2,10.6,4.4,4.4,12.4,16.8,7,8,0.75,0.25,0.0,4,0.8,1.4,0.2,1.4,1497.799972922014,1469.9585368794603,27.841436042553823,1502.7650240152866,1483.2090524656392,19.55597154964744
E0,2018-05-13,Man United,Watford,H,5,0,9,0,0.8,0.0,0.4,0.4,0.0,2.2,15.4,7.6,4.4,3.0,10.6,11.4,3,8,0.75,0.25,0.0,4,0.2,0.4,0.0,1.4,1591.738667213854,1406.4117638139055,185.3269033999484,1584.5265721642968,1454.6955862318832,129.83098593241357
E0,2018-05-13,West Ham,Everton,H,7,8,5,8,0.3,0.4,1.4,1.8,1.4,1.0,10.6,10.4,3.2,4.6,17.8,13.4,0,0,0.1428571428571428,0.7142857142857143,0.1428571428571428,7,1.0,1.6,0.6,0.8,1523.8477550085067,1459.745112821682,64.10264218682482,1512.343240272372,1506.4492855606982,5.893954711673814
E0,2018-05-13,Tottenham,Leicester,H,5,0,15,0,0.8,0.4,0.8,1.0,1.2,3.8,16.6,11.6,5.2,4.6,8.8,12.0,0,0,0.5714285714285714,0.2857142857142857,0.1428571428571428,7,0.8,1.0,0.8,2.0,1585.614276978799,1469.523850640793,116.09042633800595,1574.847609309946,1475.0198704460104,99.82773886393556
E0,2018-05-13,Swansea,Stoke,A,1,7,0,7,0.3,0.1,0.2,2.6,0.8,0.6,7.8,8.0,1.8,4.2,15.8,20.4,0,0,0.2857142857142857,0.7142857142857143,0.0,7,0.2,1.4,0.4,0.4,1501.7581566396864,1477.604448902893,24.15370773679342,1465.3894828923826,1456.5888572390795,8.800625653303086
E0,2018-05-13,Southampton,Man City,A,9,15,6,15,0.2,1.0,0.8,0.4,3.0,0.8,10.8,17.0,5.6,5.6,10.2,6.4,0,0,0.0,0.8571428571428571,0.1428571428571428,7,0.8,0.4,1.4,0.0,1470.01569016799,1653.4206792710777,-183.4049891030877,1469.2598558417387,1625.223450826887,-155.96359498514835
E0,2018-05-13,Newcastle,Chelsea,H,0,12,9,12,0.8,0.6,0.4,1.4,1.2,1.0,11.0,12.0,2.0,3.6,10.6,9.2,0,0,0.4,0.6,0.0,5,0.4,0.6,0.4,0.8,1519.4269658823712,1530.033830444797,-10.606864562425926,1493.6379970284902,1534.850352289457,-41.21235526096689
E0,2018-05-13,Man United,Watford,H,5,0,9,0,0.8,0.0,0.4,0.4,0.0,1.4,15.4,8.2,4.4,3.4,10.6,10.2,0,0,0.8,0.2,0.0,5,0.2,0.4,0.0,0.8,1589.9816021772333,1408.168828850526,181.8127733267072,1583.6480396459865,1455.5741187501935,128.07392089579298
E0,2018-05-13,Liverpool,Brighton,H,3,2,11,2,0.8,0.0,0.8,1.2,0.4,2.0,9.6,6.4,3.8,1.8,11.2,16.0,0,0,1.0,0.0,0.0,3,0.4,0.8,0.0,0.8,1593.8722461247344,1437.9681092881165,155.9041368366179,1566.2478121639351,1487.0495076505526,79.19830451338248
E0,2018-05-13,Huddersfield,Arsenal,A,5,3,6,3,0.3,0.1,0.6,0.6,1.0,2.0,6.0,10.6,3.0,4.8,17.4,18.0,0,0,0.0,1.0,0.0,3,0.4,0.4,0.8,1.2,1432.8891054617034,1446.632218100733,-13.74311263902996,1440.2451823625893,1541.8629367454664,-101.61775438287714
E0,2018-05-13,Crystal Palace,West Brom,H,9,12,15,12,0.5,0.4,1.2,0.8,0.8,0.4,10.2,9.0,2.4,2.6,12.4,14.6,0,0,0.2857142857142857,0.2857142857142857,0.4285714285714285,7,1.2,0.4,0.4,0.4,1526.896893570403,1447.3207051380728,79.57618843233035,1509.103115912637,1456.7759154358696,52.3272004767673
E0,2018-05-13,Burnley,Bournemouth,A,5,3,2,3,0.4,0.1,0.8,2.6,0.8,2.2,10.2,11.2,4.4,4.2,12.4,16.0,0,0,0.6,0.4,0.0,5,0.8,1.4,0.4,1.2,1486.9763887137954,1480.7821210876791,6.194267626116243,1497.353231911177,1488.6208445697484,8.732387341428876
E0,2018-08-10,Man United,Leicester,H,5,0,12,0,0.8,0.4,0.4,0.4,1.8,4.4,15.4,11.8,4.4,5.2,10.6,13.2,89,89,0.625,0.125,0.25,8,0.2,0.4,1.0,2.8,1559.246035404496,1479.332503670624,79.9135317338721,1555.5233675356858,1483.1390750694734,72.3842924662124
E0,2018-08-11,Bournemouth,Cardiff,H,6,0,7,0,0.4,0.5,1.2,1.8,,,13.2,,5.0,,14.4,,90,7,0.5,0.5,0.0,0,0.8,0.8,,,1497.6279105947178,1500.0,-2.3720894052821677,1495.5428302521082,1500.0,-4.4571697478918395
E0,2018-08-11,Wolves,Everton,D,0,7,0,7,0.5,0.4,,,1.4,1.4,,10.8,,5.4,,13.0,7,90,0.5,0.5,0.0,0,,,0.8,1.0,1500.0,1468.6500205416949,31.349979458305143,1500.0,1502.1314188012518,-2.1314188012518116
E0,2018-08-11,Watford,Brighton,H,0,1,8,1,0.4,0.0,0.0,1.4,0.4,2.8,8.8,5.0,3.6,1.8,9.8,18.4,90,90,0.0,0.5,0.5,4,0.0,0.6,0.0,1.2,1501.996203795407,1455.4249900553507,46.57121374005624,1470.7554785897548,1489.8163485420268,-19.060869952272014
E0,2018-08-11,Newcastle,Tottenham,A,0,5,9,5,0.8,0.6,0.4,1.4,0.8,1.0,11.0,16.6,2.0,5.2,10.6,8.8,90,90,0.1666666666666666,0.8333333333333334,0.0,6,0.4,0.6,0.8,1.0,1525.3716985208953,1542.9342308995324,-17.562532378637115,1501.9152736989415,1550.2721363670175,-48.35686266807579
E0,2018-08-11,Huddersfield,Chelsea,A,5,9,3,9,0.2,0.6,0.6,0.6,0.8,1.4,6.0,10.0,3.0,3.0,17.4,11.4,90,90,0.0,0.5,0.5,4,0.4,0.4,0.2,1.0,1449.9496511048442,1507.7670350183075,-57.817383913463345,1457.4212474056862,1517.171920344083,-59.75067293839675
E0,2018-08-11,Fulham,Crystal Palace,A,0,9,0,9,0.5,0.4,,,1.2,0.8,,10.2,,2.4,,12.4,7,90,0.5,0.5,0.0,0,,,1.2,0.4,1500.0,1494.1772566307634,5.822743369236605,1500.0,1508.648402113128,-8.648402113127986
E0,2018-08-12,Liverpool,West Ham,H,3,7,11,7,0.8,0.2,0.8,1.2,1.4,1.8,9.6,10.6,3.8,3.2,11.2,17.8,91,91,0.75,0.125,0.125,8,0.4,0.8,1.0,1.6,1565.9080480712594,1500.5619461092788,65.3461019619806,1545.89285573368,1510.4595735069051,35.43328222677496
E0,2018-08-12,Arsenal,Man City,A,6,15,15,15,1.0,1.0,1.0,1.6,2.6,0.6,10.8,16.2,5.0,4.8,18.2,6.4,91,91,0.125,0.625,0.25,8,0.6,1.0,1.4,0.0,1591.8527491114337,1602.4277854211582,-10.575036309724736,1530.591192396711,1583.7176772087823,-53.12648481207134
E0,2018-08-12,Southampton,Burnley,D,9,5,6,5,0.2,0.6,0.8,0.4,0.8,2.6,10.8,10.2,5.6,4.4,10.2,12.4,91,91,0.25,0.5,0.25,8,0.8,0.4,0.8,1.4,1480.274582103017,1505.1791503227346,-24.904568219717476,1479.586138259197,1495.059800990112,-15.47366273091484
E0,2018-08-18,Everton,Southampton,H,7,9,9,9,0.4,0.2,1.6,1.6,0.8,0.4,9.6,10.8,5.8,5.6,11.8,10.2,7,6,0.25,0.5,0.25,8,1.0,1.0,0.8,0.4,1535.6128170608088,1478.8976944153767,56.715122645432075,1502.919871675007,1478.7538291718076,24.166042503199375
E0,2018-08-18,Cardiff,Newcastle,D,0,0,0,0,0.5,0.2,0.0,2.0,0.4,1.4,10.0,11.0,1.0,2.0,12.0,10.6,7,7,0.5,0.5,0.0,0,0.0,1.0,0.4,0.6,1500.0,1478.4588488769882,21.541151123011787,1494.1780081996974,1498.6533569758376,-4.475348776140208
E0,2018-08-18,Chelsea,Arsenal,H,9,6,9,6,0.4,0.2,1.0,1.2,1.0,1.6,9.4,10.8,2.8,5.0,11.6,18.2,7,6,0.25,0.125,0.625,8,0.2,0.8,0.6,1.0,1526.576805669859,1469.3296356819883,57.247169987870166,1521.6884771993496,1527.090734479476,-5.402257280126378
E0,2018-08-18,West Ham,Bournemouth,A,6,6,8,6,0.4,0.2,1.2,2.4,1.2,1.8,10.6,13.2,3.2,5.0,16.8,14.4,6,7,0.1666666666666666,0.1666666666666666,0.6666666666666666,6,0.8,2.0,0.8,0.8,1520.3572009045315,1493.4577499094987,26.89945099503279,1505.592402851933,1501.364822052411,4.227580799522002
E0,2018-08-18,Tottenham,Fulham,H,5,0,15,0,0.8,0.5,0.8,1.0,0.0,2.0,16.6,15.0,5.4,6.0,9.8,10.0,7,7,0.5,0.5,0.0,0,0.4,0.8,0.0,1.0,1557.6100418345025,1500.0,57.610041834502454,1553.5340530901217,1494.0327096943288,59.501343395792674
E0,2018-08-18,Leicester,Wolves,H,0,1,7,0,0.2,0.5,1.8,4.4,2.0,2.0,11.4,11.0,4.8,4.0,13.2,6.0,8,7,0.5,0.5,0.0,0,1.0,3.0,1.0,1.0,1486.9456464683228,1500.0,-13.05435353167718,1481.854307713089,1499.211547126245,-17.357239413156094
E0,2018-08-19,Man City,Huddersfield,H,15,5,11,5,0.6,0.0,2.4,0.4,0.6,0.6,16.2,6.0,5.2,3.0,6.6,17.4,7,8,0.5,0.0,0.5,4,1.4,0.0,0.4,0.4,1565.0075689964067,1464.8928437065283,100.11472528987838,1587.2181351260174,1452.90469055042,134.3134445755975
E0,2018-08-19,Burnley,Watford,A,3,0,2,0,0.4,0.0,0.4,2.4,0.0,1.4,12.0,8.8,4.8,3.6,13.2,9.8,7,8,0.8333333333333334,0.1666666666666666,0.0,6,0.4,1.2,0.0,0.6,1484.9404516574891,1439.5147533841027,45.42569827338639,1495.892110077501,1474.848235577164,21.043874500337097
E0,2018-08-19,Brighton,Man United,H,0,5,9,5,0.4,0.6,0.4,3.2,0.4,0.4,4.4,15.4,1.6,4.4,20.2,10.6,8,9,0.5,0.5,0.0,4,0.0,1.4,0.2,0.4,1524.2077070287028,1551.8006996668755,-27.592992638172746,1485.7235915546178,1556.80813489207,-71.08454333745226
E0,2018-08-20,Crystal Palace,Liverpool,A,11,3,15,3,0.6,0.2,1.2,0.4,0.8,1.2,9.6,9.6,3.0,3.8,11.4,11.2,9,8,0.375,0.625,0.0,8,1.0,0.0,0.4,0.8,1523.1195475954926,1525.8776633961008,-2.758115800608266,1514.615692418799,1550.760026388652,-36.14433396985305
E0,2018-08-25,Liverpool,Brighton,H,5,0,11,0,0.8,0.0,1.2,1.2,0.4,3.2,10.8,4.4,4.4,1.6,11.6,20.2,5,6,1.0,0.0,0.0,4,0.6,0.8,0.0,1.4,1575.6423893812034,1447.2394760805328,128.40291330067066,1558.574306762696,1491.798450922123,66.77585584057283
E0,2018-08-25,Bournemouth,Everton,D,9,7,9,7,0.5,0.4,1.6,1.4,1.6,1.6,14.4,9.6,5.8,5.8,12.6,11.8,7,7,0.5,0.5,0.0,6,1.2,0.4,1.0,1.0,1509.271894195323,1470.226926289205,39.04496790611802,1505.5750738435877,1505.85874691871,-0.2836730751223513
E0,2018-08-25,Arsenal,West Ham,H,6,6,12,6,0.9,0.2,1.2,1.8,1.2,2.4,12.2,10.6,5.6,3.2,19.6,16.8,7,7,0.75,0.0,0.25,8,0.4,1.0,0.8,2.0,1584.8518332769636,1490.8276047993347,94.02422847762888,1525.0932852086607,1501.3821510607563,23.71113414790443
E0,2018-08-25,Huddersfield,Cardiff,D,4,1,0,0,0.2,0.0,0.6,1.6,0.0,1.0,4.2,11.0,2.2,1.0,21.2,12.0,6,7,0.5,0.5,0.0,0,0.4,1.0,0.0,0.5,1440.9165373943115,1488.3560163993948,-47.439479005083285,1450.956531262365,1492.718481905486,-41.761950643121054
E0,2018-08-25,Wolves,Man City,D,1,15,1,15,0.0,1.0,1.0,2.0,2.4,0.4,11.0,16.2,3.5,5.2,6.0,6.6,7,6,0.5,0.5,0.0,0,0.5,0.5,1.4,0.0,1498.4230942524898,1609.428701255628,-111.00560700313828,1492.934669325627,1589.166294414072,-96.23162508844509
E0,2018-08-25,Southampton,Leicester,A,8,0,7,0,0.2,0.3,1.0,0.8,1.8,4.4,12.6,11.4,6.0,4.8,10.6,13.2,7,7,0.25,0.375,0.375,8,1.0,0.4,1.0,3.0,1478.6099639282386,1476.7629689578553,1.8469949703833208,1475.8149539281046,1488.131185513707,-12.31623158560228
E0,2018-08-26,Watford,Crystal Palace,H,3,11,11,11,0.4,0.5,0.6,1.4,1.2,0.4,9.8,9.6,4.4,3.0,9.6,11.4,7,6,0.0,0.5,0.5,6,0.4,0.4,1.0,0.0,1510.1817177702249,1506.1118372421056,4.069880528119256,1483.2670053751067,1506.8014120447554,-23.53440666964866
E0,2018-08-26,Newcastle,Chelsea,A,1,9,6,9,0.7,0.7,0.4,1.2,1.0,1.2,11.6,9.4,2.8,2.8,11.2,11.6,8,8,0.5,0.5,0.0,6,0.4,0.4,0.2,0.8,1518.8478650746872,1516.8001487288402,2.047716345846993,1500.1128832700492,1523.6859264701648,-23.573043200115535
E0,2018-08-26,Fulham,Burnley,H,0,3,0,3,0.0,0.5,0.5,2.5,0.4,2.4,12.5,12.0,4.5,4.8,17.5,13.2,8,7,0.5,0.5,0.0,0,0.5,1.5,0.4,1.2,1488.0654193886578,1506.843768497513,-18.77834910885531,1490.362934979485,1487.4733402795582,2.889594699927102
E0,2018-08-27,Man United,Tottenham,A,2,5,15,5,0.8,0.6,0.4,1.0,0.8,1.0,14.6,16.6,4.2,5.4,9.2,9.8,8,9,0.5,0.375,0.125,8,0.2,0.4,0.4,0.8,1561.8155701172648,1549.4580643457405,12.357505771524302,1550.7332755245648,1557.203827804965,-6.47055228040017
E0,2018-09-01,Leicester,Liverpool,A,3,5,9,5,0.3,0.3,2.2,3.6,1.2,1.2,11.8,10.8,5.6,4.4,12.4,11.6,7,7,0.125,0.75,0.125,8,1.4,2.6,0.6,0.8,1499.4994020695588,1541.5062241441883,-42.006822074629554,1493.207367501329,1559.3154015702432,-66.10803406891432
E0,2018-09-01,Brighton,Fulham,D,0,3,11,0,0.4,0.0,0.2,2.8,1.6666666666666667,2.3333333333333335,4.4,16.666666666666668,1.4,7.0,20.8,15.666666666666666,7,6,0.5,0.5,0.0,0,0.0,1.2,0.6666666666666666,1.0,1536.3574257637133,1492.6604505703128,43.69697519340048,1491.0573561145757,1498.1956441653174,-7.138288050741721
E0,2018-09-01,Crystal Palace,Southampton,A,10,8,12,8,0.6,0.2,1.4,0.8,1.0,0.8,10.2,12.6,3.4,6.0,11.2,10.6,6,7,0.375,0.625,0.0,8,1.2,0.4,1.0,0.4,1507.490986847405,1473.0199439279706,34.47104291943447,1502.794110980871,1470.7387719404828,32.05533904038816
E0,2018-09-01,Chelsea,Bournemouth,H,9,9,11,9,0.4,0.3,1.2,1.4,1.6,1.4,10.2,14.4,2.8,5.8,10.8,12.6,6,7,0.6666666666666666,0.3333333333333333,0.0,6,0.6,1.0,1.2,0.4,1530.5717042114895,1501.8782534918523,28.693450719636985,1527.786810268223,1504.255043803969,23.53176646425368
E0,2018-09-01,Everton,Huddersfield,D,5,4,11,4,0.4,0.0,1.6,2.0,0.6,1.6,10.4,4.2,5.4,2.2,13.4,21.2,7,7,1.0,0.0,0.0,4,1.2,1.4,0.4,1.0,1541.4905675482148,1460.9965251304186,80.49404241779621,1507.1787769583284,1452.0293580679136,55.14941889041483
E0,2018-09-01,Man City,Newcastle,H,13,1,11,1,0.6,0.2,1.8,0.4,0.4,1.2,16.0,11.6,5.0,2.8,8.0,11.2,7,6,1.0,0.0,0.0,6,1.2,0.2,0.4,0.4,1568.9038875725164,1481.3779014654112,87.52598610710515,1586.8087098880665,1496.0119994719912,90.79671041607526
E0,2018-09-01,West Ham,Wolves,A,6,2,8,0,0.3,0.0,1.2,2.2,1.0,1.6666666666666667,11.0,11.0,3.4,3.0,16.2,10.0,7,7,0.5,0.5,0.0,0,0.6,1.6,0.6666666666666666,0.6666666666666666,1511.9366973221777,1487.446244398764,24.490452923413613,1498.33270205468,1495.2922538516327,3.0404482030471627
E0,2018-09-02,Burnley,Man United,A,2,2,2,2,0.3,0.5,0.6,3.0,0.4,1.0,11.2,14.6,3.8,4.2,16.6,9.2,7,6,0.0,0.5,0.5,8,0.2,1.4,0.2,0.4,1468.102912061603,1539.650980931865,-71.54806887026189,1479.640631093726,1543.663884679564,-64.02325358583789
E0,2018-09-02,Cardiff,Arsenal,A,2,6,1,6,0.0,0.2,0.0,0.6666666666666666,1.2,1.8,12.0,12.2,2.0,5.6,9.666666666666666,19.6,8,8,0.5,0.5,0.0,0,0.0,0.3333333333333333,0.4,1.0,1497.080947411577,1465.3347371403577,31.746210271219297,1491.6456550999374,1528.142734214737,-36.49707911479959
E0,2018-09-02,Watford,Tottenham,H,3,7,13,7,0.4,0.6,0.6,1.4,1.2,0.8,9.8,15.2,4.4,5.2,9.6,12.8,7,6,0.0,0.6666666666666666,0.3333333333333333,6,0.4,0.4,0.8,0.6,1518.1963198979936,1563.596846035742,-45.40052613774833,1487.274306438991,1564.2732186499657,-76.9989122109746
E0,2018-09-15,Tottenham,Liverpool,A,6,7,15,7,0.8,0.4,1.2,1.0,1.2,1.0,14.2,11.0,4.4,4.6,12.6,11.4,13,14,0.25,0.375,0.375,8,0.8,0.8,0.4,0.6,1564.9495912641896,1547.3473963695335,17.602194894655895,1559.1813587065742,1562.235987682916,-3.0546289763417462
E0,2018-09-15,Watford,Man United,A,3,5,15,5,0.5,0.5,0.6,1.4,0.8,0.8,9.8,15.6,4.4,5.4,9.6,8.8,13,13,0.1666666666666666,0.8333333333333334,0.0,6,0.4,0.4,0.2,0.2,1528.3800397847767,1547.0581267815196,-18.678086996742877,1492.3661663823827,1547.3674576043911,-55.00129122200861
E0,2018-09-15,Man City,Fulham,H,13,4,13,1,0.6,0.0,1.8,0.4,1.75,2.25,16.0,15.0,5.0,6.5,8.0,15.5,14,14,0.5,0.5,0.0,0,1.2,0.2,0.75,1.25,1571.5255606378132,1491.568917875709,79.95664276210414,1588.1195464207149,1497.6498778180153,90.46966860269958
E0,2018-09-15,Bournemouth,Leicester,H,9,3,10,3,0.5,0.3,1.4,1.4,2.2,3.6,13.2,11.8,4.6,5.6,14.6,12.4,14,14,0.1666666666666666,0.0,0.8333333333333334,6,1.2,0.6,1.4,2.6,1506.631834116086,1486.915332933099,19.71650118298703,1498.396890918461,1490.2867813886562,8.110109529804731
E0,2018-09-15,Newcastle,Arsenal,A,1,9,6,9,0.6,0.3,0.4,1.2,1.6,1.6,10.4,12.8,3.0,6.4,13.8,18.6,14,13,0.3333333333333333,0.6666666666666666,0.0,6,0.2,0.6,0.6,0.8,1510.646097478571,1477.4683731175635,33.17772436100745,1494.7011629393428,1534.20955220334,-39.50838926399706
E0,2018-09-15,Chelsea,Cardiff,H,9,2,11,1,0.4,0.0,1.2,1.4,0.5,1.25,10.2,12.5,2.8,2.25,10.8,11.5,14,13,0.5,0.5,0.0,0,0.6,1.0,0.25,0.75,1542.2880099825063,1486.2103627882975,56.077647194208794,1533.6449631537314,1485.5788371113345,48.066126042396945
E0,2018-09-15,Huddersfield,Crystal Palace,A,4,10,1,10,0.2,0.5,0.8,1.8,1.4,0.8,5.0,10.2,2.8,3.4,20.4,11.2,14,14,0.5,0.5,0.0,4,0.4,1.0,1.2,0.4,1443.0621910054087,1498.0972351143369,-55.035044108928105,1455.9037055300946,1495.7344809550395,-39.83077542494493
E0,2018-09-16,Everton,West Ham,A,5,6,9,6,0.3,0.2,1.6,2.0,1.2,2.2,10.4,11.0,5.4,3.4,13.4,16.2,15,15,0.625,0.25,0.125,8,1.2,1.4,0.6,1.6,1533.7418726238527,1484.728706787182,49.01316583667062,1503.3044294961471,1493.5995997244377,9.704829771709685
E0,2018-09-16,Wolves,Burnley,H,5,2,2,2,0.0,0.4,1.0,1.25,0.6,3.0,12.0,11.2,3.75,3.8,10.75,16.6,15,14,0.5,0.5,0.0,0,0.75,0.5,0.2,1.4,1503.1382633045014,1491.1783501258492,11.959913178652188,1500.025356181875,1475.9370581688988,24.08829801297611
E0,2018-09-17,Southampton,Brighton,D,10,0,4,0,0.2,0.0,1.2,0.6,0.2,2.8,14.2,4.4,6.2,1.4,12.8,20.8,16,16,0.0,0.0,1.0,4,1.2,0.2,0.0,1.2,1468.4575999529948,1445.757286465438,22.70031348755674,1477.798401966314,1491.6031224618775,-13.804720495563515
E0,2018-09-22,Man United,Wolves,D,8,8,12,3,0.7,0.5,1.2,0.8,1.0,1.0,14.2,15.6,6.0,4.4,9.4,10.0,7,6,0.5,0.5,0.0,0,0.2,0.2,0.8,0.4,1547.676788427263,1496.9124490592487,50.76433936801459,1550.4430089225964,1503.025906677948,47.41710224464828
E0,2018-09-22,Liverpool,Southampton,H,9,10,13,10,0.8,0.3,1.2,0.8,1.2,0.6,12.6,14.2,6.0,6.2,11.0,12.8,7,5,0.75,0.0,0.25,8,0.4,0.4,1.2,0.2,1577.1245789962982,1487.1392039796333,89.98537501666488,1567.5051065089715,1475.0994809330134,92.40562557595808
E0,2018-09-22,Leicester,Huddersfield,H,3,4,9,4,0.3,0.0,2.6,3.4,0.8,1.8,13.4,5.0,7.0,2.8,11.4,20.4,7,7,0.5,0.0,0.5,4,1.8,2.2,0.4,1.0,1493.658229844213,1468.7452200547807,24.913009789432635,1486.7833089834785,1454.5163137371435,32.266995246334545
E0,2018-09-22,Fulham,Watford,D,4,3,3,3,0.5,0.1,1.4,2.4,0.6,1.4,13.8,9.8,5.8,4.4,18.0,9.6,7,7,0.5,0.5,0.0,0,0.6,1.2,0.4,0.4,1503.7308377603215,1456.3522929799888,47.37854478033296,1495.2693131825852,1489.290615064178,5.978698118407237
E0,2018-09-22,Crystal Palace,Newcastle,D,12,1,9,1,0.6,0.2,1.6,0.8,0.4,1.2,10.4,10.4,3.6,3.0,11.4,13.8,7,7,0.0,0.3333333333333333,0.6666666666666666,6,1.2,0.4,0.2,0.6,1493.3717267957425,1478.7562284001144,14.615498395628038,1497.121872747991,1490.2166293000532,6.905243447937437
E0,2018-09-22,Cardiff,Man City,A,2,13,1,13,0.0,0.9,0.6,1.8,1.8,0.4,11.2,16.0,2.2,5.0,12.8,8.0,7,7,0.5,0.5,0.0,0,0.2,1.0,1.2,0.2,1484.9473114343712,1604.7135322036163,-119.76622076924536,1480.9518325223164,1590.5001110561452,-109.5482785338288
E0,2018-09-22,Brighton,Tottenham,A,1,6,11,6,0.3,0.5,0.4,2.6,1.2,1.0,5.6,14.2,1.6,4.4,19.8,12.6,5,7,0.0,0.5,0.5,4,0.4,1.2,0.8,0.8,1537.448958458317,1553.4131261489588,-15.964167690641716,1494.3020434951782,1553.9122398805189,-59.610196385340714
E0,2018-09-22,Burnley,Bournemouth,H,1,9,1,9,0.2,0.3,0.4,3.0,1.4,1.4,9.4,13.2,2.8,4.6,21.0,14.6,6,7,0.5,0.5,0.0,6,0.0,1.6,1.2,0.6,1460.6957662119485,1490.1619477208358,-29.466181508887303,1472.9365076728257,1501.9003633236389,-28.96385565081323
E0,2018-09-23,Arsenal,Everton,H,12,5,12,5,0.9,0.4,1.8,1.2,1.6,2.0,12.4,10.4,5.4,5.4,15.6,13.4,8,7,0.75,0.125,0.125,8,0.8,0.6,1.2,1.4,1590.9507312891162,1472.866986368442,118.08374492067423,1538.6940858426292,1495.4093371485455,43.284748694083646
E0,2018-09-23,West Ham,Chelsea,D,9,9,7,9,0.2,0.8,1.6,1.6,1.2,1.4,10.6,10.2,3.4,2.8,15.4,10.8,7,8,0.25,0.5,0.25,8,0.6,0.8,0.6,1.0,1502.470492661693,1525.0019163249565,-22.531423663263467,1501.4946920720397,1538.2719677427494,-36.77727567070997
E0,2018-09-29,West Ham,Man United,H,9,8,7,8,0.2,0.5,1.6,1.6,1.2,0.8,10.6,14.2,3.4,6.0,15.4,9.4,6,7,0.0,0.5,0.5,8,0.6,0.8,0.2,0.2,1501.6707878608522,1553.2092294179297,-51.53844155707725,1501.094839671619,1548.9143355011145,-47.81949582949551
E0,2018-09-29,Arsenal,Watford,H,12,4,12,4,0.9,0.1,1.8,1.2,0.8,1.2,12.4,9.4,5.4,4.6,15.6,10.0,6,7,0.5,0.5,0.0,6,0.8,0.6,0.4,0.4,1593.0824483683157,1459.218526173945,133.86392219437062,1539.7599443822292,1490.723731661156,49.0362127210733
E0,2018-09-29,Chelsea,Liverpool,D,7,9,11,9,0.5,0.4,1.0,1.4,1.2,0.8,11.4,12.6,3.4,6.0,10.0,11.0,6,7,0.375,0.125,0.5,8,0.6,1.0,0.4,0.4,1551.5420191605422,1557.8856340216446,-6.343614861102424,1538.6718201431695,1571.721737455292,-33.04991731212226
E0,2018-09-29,Everton,Fulham,H,2,5,6,1,0.3,0.0,1.2,2.4,1.6,2.2,10.8,13.8,5.6,5.2,13.4,18.2,6,7,0.5,0.5,0.0,0,1.0,1.8,0.8,1.0,1517.951687928649,1486.8077886048486,31.143899323800497,1494.3434786089458,1493.836196585607,0.5072820233388029
E0,2018-09-29,Huddersfield,Tottenham,A,3,9,1,9,0.2,0.5,1.0,2.4,1.6,1.0,5.8,13.8,2.6,4.8,21.0,12.4,7,7,0.0,1.0,0.0,4,0.4,1.4,1.0,0.8,1440.2874074195067,1558.108817620845,-117.82141020133828,1451.1319425494344,1556.2600856164618,-105.1281430670274
E0,2018-09-29,Man City,Brighton,H,13,1,15,1,0.7,0.0,2.0,0.2,0.4,2.6,16.4,5.6,5.6,1.6,7.6,19.8,7,7,1.0,0.0,0.0,4,1.2,0.2,0.4,1.2,1576.2866899086737,1451.1551285320393,125.1315613766344,1593.173236154936,1491.954197759235,101.21903839570086
E0,2018-09-29,Newcastle,Leicester,A,2,3,6,3,0.5,0.2,0.2,0.8,2.6,3.4,9.8,13.4,3.4,7.0,14.8,11.4,7,7,0.5,0.5,0.0,6,0.0,0.6,1.8,2.2,1501.677030199992,1479.9083881227432,21.76864207724884,1491.638649461151,1490.1676801711878,1.47096928996325
E0,2018-09-29,Wolves,Southampton,H,8,9,5,9,0.3333333333333333,0.3,0.8,0.8,1.0,1.0,15.6,13.4,5.2,5.4,11.8,13.4,7,7,0.5,0.5,0.0,0,0.8,0.2,1.0,0.0,1509.1393642966475,1478.705942086992,30.43342220965565,1504.55458009943,1470.8828499866927,33.67173011273735
E0,2018-09-30,Cardiff,Burnley,A,1,1,1,1,0.0,0.3,0.6,2.8,0.4,3.0,9.2,9.4,2.4,2.8,14.6,21.0,8,8,0.5,0.5,0.0,0,0.2,1.4,0.0,1.6,1479.6010612367895,1485.1772491337028,-5.576187896913325,1478.2787074235257,1483.206181271593,-4.927473848067393
E0,2018-10-01,Bournemouth,Crystal Palace,H,9,12,13,12,0.5,0.5,1.2,1.8,1.6,0.8,14.2,10.4,4.2,3.6,14.2,11.4,9,9,0.0,0.1666666666666666,0.8333333333333334,6,1.2,0.8,1.2,0.4,1513.638778926442,1500.8720187002389,12.766760226203132,1491.6306897248714,1495.6998525868928,-4.069162862021358
E0,2018-10-05,Brighton,West Ham,H,1,9,10,9,0.3,0.3,0.4,2.2,1.6,1.6,6.0,10.6,1.6,3.4,21.0,15.4,6,6,1.0,0.0,0.0,4,0.4,1.0,0.6,0.8,1532.7532669864308,1500.5188914823857,32.23437550404515,1491.139764473539,1508.7187602172082,-17.57899574366934
E0,2018-10-06,Burnley,Huddersfield,D,4,3,3,3,0.2,0.0,0.8,2.2,1.0,2.4,8.8,5.8,2.8,2.6,21.6,21.0,6,7,0.0,0.0,1.0,4,0.4,1.2,0.4,1.4,1481.2351134094831,1461.9764776793618,19.25863573012157,1487.2316000639546,1450.4163438035262,36.81525626042844
E0,2018-10-06,Watford,Bournemouth,A,4,9,12,9,0.5,0.3,0.8,1.2,1.2,1.8,9.4,14.2,4.4,4.2,9.2,14.2,7,5,0.3333333333333333,0.0,0.6666666666666666,6,0.4,0.6,1.2,0.8,1522.2289371483669,1469.622600523301,52.60633662506598,1490.291628294718,1495.435420636371,-5.1437923416528974
E0,2018-10-06,Tottenham,Cardiff,H,12,1,12,1,0.7,0.0,2.0,0.8,0.4,2.6,12.2,10.2,5.0,2.8,12.4,11.8,7,6,0.5,0.5,0.0,0,1.0,0.6,0.2,1.4,1554.4113536120788,1476.9563536102617,77.4550000018171,1556.97568436237,1474.2532886311642,82.72239573120578
E0,2018-10-06,Man United,Newcastle,H,7,2,10,2,0.6,0.1,1.4,1.4,0.2,0.8,12.8,9.8,5.6,3.4,9.2,14.8,7,7,0.6666666666666666,0.3333333333333333,0.0,6,0.4,0.4,0.0,0.6,1544.6194415842997,1481.60026872231,63.01917286198932,1541.2904149555252,1484.5671035224136,56.723311433111576
E0,2018-10-06,Leicester,Everton,A,6,2,12,2,0.4,0.3,2.2,2.4,1.2,2.4,12.6,10.8,6.2,5.6,9.8,13.4,7,7,0.25,0.5,0.25,8,1.6,1.4,1.0,1.8,1500.4269722196325,1470.7352692892423,29.691702930389734,1497.239226109925,1501.408033437488,-4.168807327562945
E0,2018-10-06,Crystal Palace,Wolves,A,9,10,7,4,0.6,0.3333333333333333,1.4,1.0,1.0,0.6,9.8,16.2,3.6,6.0,12.2,11.6,5,7,0.5,0.5,0.0,0,1.0,0.6,1.0,0.0,1490.5276864735467,1499.9697959022126,-9.442109428665844,1491.8951216753933,1508.2851140601672,-16.389992384773905
E0,2018-10-07,Southampton,Chelsea,A,6,7,2,7,0.2,0.7,0.8,1.4,1.0,1.4,14.2,11.4,5.0,3.4,14.0,10.0,8,8,0.0,0.75,0.25,8,0.8,0.4,0.6,1.0,1463.0597578863935,1525.8016211257973,-62.74186323940376,1467.1523160259558,1538.3705591608334,-71.21824313487764
E0,2018-10-07,Fulham,Arsenal,A,2,12,4,12,0.3333333333333333,0.4,0.8,2.4,1.8,1.2,10.0,12.4,2.8,5.4,19.6,15.6,8,8,0.5,0.5,0.0,0,0.6,1.6,0.8,0.6,1500.8646045663654,1486.4374403961424,14.427164170223024,1486.7716417570648,1540.192047748667,-53.42040599160214
E0,2018-10-07,Liverpool,Man City,D,10,13,15,13,0.8,0.9,1.4,0.8,2.0,0.2,13.2,16.4,6.2,5.6,10.6,7.6,8,8,0.5,0.375,0.125,8,0.6,0.4,1.2,0.2,1585.5578408889394,1610.0597824011982,-24.50194151225878,1572.0229984376283,1593.987669440632,-21.964671003003787
E0,2018-10-20,Cardiff,Fulham,H,1,1,1,1,0.0,0.0,0.4,1.8,0.8,3.2,11.4,11.2,3.6,3.0,11.4,19.2,14,13,0.5,0.5,0.0,0,0.2,1.0,0.4,2.4,1471.5502236520665,1472.6786789477642,-1.1284552956976768,1473.0703722456462,1480.287371174707,-7.216998929060765
E0,2018-10-20,Chelsea,Man United,D,10,7,11,7,0.5,0.4,1.6,0.8,1.4,1.4,14.4,12.8,4.2,5.6,9.8,9.2,13,14,0.5,0.375,0.125,8,1.0,0.6,0.4,0.4,1550.9394971958695,1537.961388326751,12.978108869118614,1542.9388129536237,1542.6151376105556,0.3236753430678618
E0,2018-10-20,Wolves,Watford,A,10,4,8,4,0.5,0.1,1.0,0.6,0.8,1.2,11.6,9.4,5.0,4.4,12.4,9.2,14,14,0.5,0.5,0.0,0,1.0,0.0,0.4,0.6,1516.6004322181218,1458.354319441069,58.24611277705276,1511.0802835343125,1479.7820468605885,31.298236673724205
E0,2018-10-20,West Ham,Tottenham,A,6,12,7,12,0.3,0.5,1.2,1.8,2.0,0.8,11.4,12.2,3.6,5.0,14.6,12.4,15,14,0.125,0.5,0.375,8,0.4,0.8,1.0,0.6,1516.9186289520308,1559.540015112661,-42.62138616063021,1504.5122178682225,1558.1586007478877,-53.646382879665225
E0,2018-10-20,Newcastle,Brighton,A,2,1,3,1,0.4,0.0,0.6,1.2,0.4,2.2,9.6,6.0,4.4,1.6,16.2,21.0,14,15,0.0,0.5,0.5,4,0.0,1.0,0.4,1.0,1487.533938322517,1449.5262619606472,38.00767636187015,1483.2423808673834,1495.3463068225246,-12.10392595514122
E0,2018-10-20,Man City,Burnley,H,11,4,15,4,0.8,0.3,1.8,0.2,0.8,2.2,15.0,8.8,5.6,2.8,7.4,21.6,13,14,0.5,0.125,0.375,8,1.0,0.2,0.4,1.2,1577.9155564800658,1493.228086718426,84.68746976163993,1593.0382773080382,1486.4411148148165,106.59716249322172
E0,2018-10-20,Huddersfield,Liverpool,A,3,10,1,10,0.2,0.3,1.0,2.4,1.4,0.8,9.0,13.2,2.6,6.2,17.8,10.6,14,13,0.0,1.0,0.0,4,0.4,1.2,0.6,0.4,1438.8562099276908,1558.4881559863172,-119.63194605862644,1451.2068290526645,1572.972390570222,-121.76556151755744
E0,2018-10-20,Bournemouth,Southampton,D,9,6,13,6,0.5,0.3,1.6,1.6,0.8,1.4,13.0,14.2,4.6,5.0,14.6,14.0,14,13,0.0,0.5,0.5,6,1.0,0.8,0.8,0.4,1521.248240749441,1471.244874165518,50.003366583923025,1505.9450020705003,1462.5840622331657,43.360939837334854
E0,2018-10-21,Everton,Crystal Palace,H,5,9,8,9,0.4,0.4,1.4,2.0,1.4,1.0,11.4,9.8,5.8,3.6,12.0,12.2,15,15,0.5,0.125,0.375,8,1.0,1.4,1.0,0.6,1532.0807975857335,1493.2625568772398,38.818240708493704,1507.6153209221784,1489.099952201248,18.515368720930383
E0,2018-10-22,Arsenal,Leicester,H,12,6,12,6,0.9,0.2,2.6,1.4,2.2,2.4,12.4,12.6,6.0,6.2,16.2,9.8,15,16,0.5,0.25,0.25,8,1.6,0.6,1.6,1.4,1593.9466551011917,1494.051480000218,99.8951751009738,1546.676318331025,1491.031938625235,55.644379705790016
E0,2018-10-27,Watford,Huddersfield,H,7,3,9,3,0.5,0.0,1.2,1.0,1.0,2.4,9.8,9.0,4.4,2.6,9.8,17.8,7,7,0.0,1.0,0.0,4,0.4,0.6,0.4,1.2,1501.2097742801077,1463.5574481776382,37.65232610246949,1489.1039808376622,1450.2174961326998,38.88648470496241
E0,2018-10-27,Southampton,Newcastle,D,4,2,2,2,0.2,0.0,0.6,1.4,0.6,1.2,13.2,9.6,4.2,4.4,13.8,16.2,7,7,0.3333333333333333,0.3333333333333333,0.3333333333333333,6,0.6,0.4,0.0,1.0,1453.9232503008134,1478.9508234122493,-25.027573111435913,1464.4379287477211,1478.182094192913,-13.744165445191584
E0,2018-10-27,Liverpool,Cardiff,H,13,4,13,1,0.7,0.0,1.6,0.6,1.0,1.8,13.4,12.0,5.6,3.6,10.8,12.6,7,7,0.5,0.5,0.0,0,0.6,0.4,0.4,0.6,1587.4566251541266,1474.590520839226,112.86610431490068,1573.9617234901866,1477.2854843722976,96.67623911788904
E0,2018-10-27,Leicester,West Ham,D,6,6,9,6,0.4,0.3,1.6,2.0,1.2,1.8,11.0,11.4,4.8,3.6,10.8,14.6,5,7,0.375,0.375,0.25,8,1.2,1.0,0.4,0.8,1488.0123972502518,1492.1058067844142,-4.093409534162447,1487.733580702025,1502.425126638408,-14.691545936383136
E0,2018-10-27,Fulham,Bournemouth,A,1,9,4,9,0.25,0.4,1.0,3.0,1.6,1.6,8.8,13.0,3.0,4.6,21.8,14.6,7,7,0.5,0.5,0.0,0,0.4,2.0,1.0,0.8,1487.8960634016498,1490.64176339156,-2.7456999899102357,1476.0722590480557,1504.0911355559451,-28.018876507889672
E0,2018-10-27,Brighton,Wolves,H,4,7,10,7,0.4,0.5,0.6,1.4,0.6,1.0,7.2,10.8,1.8,4.0,22.0,10.8,7,7,0.5,0.5,0.0,0,0.4,0.6,0.6,0.0,1541.1663516844023,1505.5601348505031,35.606216833899225,1500.4065934969951,1501.7583495572385,-1.3517560602433605
E0,2018-10-28,Man United,Everton,H,7,5,10,5,0.6,0.3,1.8,1.8,1.4,2.0,11.0,11.4,5.2,5.8,11.6,12.0,8,7,0.625,0.125,0.25,8,0.8,0.6,1.0,1.4,1547.2688868943603,1483.149844258623,64.11904263573729,1543.3050346759069,1511.9416973307289,31.363337345178024
E0,2018-10-28,Crystal Palace,Arsenal,D,6,12,4,12,0.6,0.5,1.0,1.2,2.6,1.4,8.6,12.4,3.8,6.0,14.8,16.2,7,6,0.125,0.875,0.0,8,0.6,1.0,1.6,0.6,1484.9373475252562,1499.405981560858,-14.46863403560178,1484.773575792697,1549.974676254235,-65.20110046153764
E0,2018-10-28,Burnley,Chelsea,A,4,10,4,10,0.1,0.7,0.8,2.2,1.6,0.8,8.6,14.4,2.4,4.2,23.2,9.8,8,8,0.25,0.5,0.25,8,0.4,1.4,1.0,0.6,1479.654142911207,1534.9381287113774,-55.28398580017051,1483.6801576101766,1542.2489158882722,-58.56875827809563
E0,2018-10-29,Tottenham,Man City,A,12,11,12,11,0.8,0.8,1.8,0.6,1.8,0.2,11.2,15.0,4.4,5.6,12.0,7.4,9,9,0.125,0.75,0.125,8,1.0,0.6,1.0,0.2,1556.7771863831144,1608.160998136011,-51.38381175289646,1560.245691977702,1595.799234512678,-35.55354253497626
E0,2018-11-03,West Ham,Burnley,H,4,4,4,4,0.3,0.2,1.0,2.0,0.8,2.2,11.0,8.6,3.6,2.4,16.2,23.2,7,6,0.5,0.25,0.25,8,0.2,1.0,0.4,1.4,1512.7444464924022,1487.706172309146,25.038274183256135,1502.5131519616662,1479.898270164781,22.61488179688513
E0,2018-11-03,Arsenal,Liverpool,D,10,13,12,13,0.9,0.4,2.8,1.8,1.6,0.6,12.0,13.4,5.6,5.6,15.8,10.8,6,7,0.125,0.5,0.375,8,2.0,0.8,0.6,0.4,1600.5433709476115,1560.4668218262466,40.07654912136513,1549.1236404442684,1576.6529441072112,-27.52930366294277
E0,2018-11-03,Bournemouth,Man United,A,9,7,11,7,0.5,0.3,1.8,1.4,1.8,1.8,12.2,11.0,4.6,5.2,14.4,11.6,7,6,0.0,0.8333333333333334,0.1666666666666666,6,1.0,0.8,0.8,0.6,1517.54050772033,1539.3411824574534,-21.800674737123472,1509.8532624820964,1545.5723221201592,-35.719059638062845
E0,2018-11-03,Cardiff,Leicester,A,1,6,4,6,0.2,0.2,0.4,2.2,1.6,2.0,8.0,11.0,2.8,4.8,14.6,10.8,7,7,0.5,0.5,0.0,0,0.2,1.2,1.2,1.0,1479.9804479053694,1487.454764153798,-7.474316248428522,1474.5942637552732,1487.6455553787669,-13.051291623493626
E0,2018-11-03,Everton,Brighton,H,5,4,10,4,0.5,0.1,1.4,1.8,0.6,1.4,11.4,7.2,5.6,1.8,11.8,22.0,6,7,0.5,0.0,0.5,4,1.0,1.2,0.4,0.6,1540.733550402835,1459.646835309588,81.086715093247,1509.6744098864765,1503.6502887340544,6.02412115242214
E0,2018-11-03,Newcastle,Watford,H,3,7,0,7,0.3,0.2,0.6,1.0,1.2,1.0,8.0,9.8,3.8,4.4,18.4,9.8,7,7,0.0,1.0,0.0,4,0.0,0.8,0.4,0.6,1477.4133649735766,1476.9981873952167,0.4151775783598168,1477.4251614730229,1491.7667748157746,-14.34161334275177
E0,2018-11-03,Wolves,Tottenham,A,7,12,8,12,0.4,0.5,0.6,0.8,1.8,0.6,13.8,11.2,5.2,4.4,9.4,12.0,7,5,0.5,0.5,0.0,0,0.6,0.2,1.0,0.6,1497.956564263974,1563.7141975722895,-65.75763330831546,1498.5146543201795,1557.012108876956,-58.497454556776574
E0,2018-11-04,Chelsea,Crystal Palace,H,13,6,11,6,0.5,0.4,2.4,0.2,1.0,1.2,18.0,8.6,5.4,3.8,8.0,14.8,7,7,0.625,0.375,0.0,8,1.6,0.2,0.6,1.0,1549.559703065167,1484.6098040601385,64.94989900502856,1546.0308033336678,1485.6246116026637,60.40619173100413
E0,2018-11-04,Man City,Southampton,H,11,4,15,4,0.8,0.3,1.8,0.2,0.6,1.4,15.0,13.2,6.4,4.2,6.6,13.8,6,8,0.875,0.0,0.125,8,0.8,0.2,0.6,0.4,1583.4374708893456,1474.952607194629,108.48486369471652,1599.0328176134242,1465.1948614676112,133.837956145813
E0,2018-11-05,Huddersfield,Fulham,H,2,1,1,1,0.1,0.0,0.8,2.8,1.0,3.0,11.0,8.8,3.6,3.0,15.8,21.8,9,9,0.5,0.5,0.0,0,0.2,1.2,0.4,2.0,1436.8775440877614,1464.248454694461,-27.37091060669991,1447.5547021545876,1470.3101321219042,-22.75542996731656
E0,2018-11-10,Cardiff,Brighton,H,1,4,3,4,0.1666666666666666,0.1,0.4,2.2,0.8,1.6,8.0,7.0,2.8,2.4,14.6,21.0,7,7,0.5,0.5,0.0,0,0.2,1.2,0.4,0.8,1472.9731952992877,1457.4245166106996,15.54867868858787,1471.0906374522324,1502.53912938461,-31.448491932377692
E0,2018-11-10,Crystal Palace,Tottenham,A,3,12,2,12,0.5,0.6,0.8,1.8,1.8,1.0,8.0,11.4,2.4,5.0,14.8,10.6,6,7,0.125,0.75,0.125,8,0.6,1.4,0.6,1.0,1486.6394191451889,1569.513953542192,-82.87453439700312,1483.83003738575,1559.9119868619073,-76.0819494761572
E0,2018-11-10,Southampton,Watford,D,4,7,3,7,0.2,0.2,0.6,2.2,1.2,1.0,12.6,11.6,4.6,4.0,14.8,10.4,6,7,0.1666666666666666,0.3333333333333333,0.5,6,0.4,0.8,0.4,0.8,1455.4371157405933,1466.9702527206157,-11.533136980022164,1464.0137777674795,1486.752807478474,-22.739029710994373
E0,2018-11-10,Newcastle,Bournemouth,H,3,9,3,9,0.3,0.5,0.6,1.0,1.8,1.4,8.0,12.2,3.8,4.6,18.4,14.4,7,7,0.0,0.5,0.5,4,0.0,0.8,1.0,0.8,1487.4412996481778,1502.166017243863,-14.724717595685206,1482.4391288103236,1506.1279018963874,-23.688773086063748
E0,2018-11-10,Leicester,Burnley,D,9,3,7,3,0.4,0.1,1.6,1.6,1.2,3.0,11.0,6.6,5.0,1.8,11.4,24.0,7,7,0.5,0.375,0.125,8,1.2,0.8,0.6,2.0,1487.8363466037358,1479.514520984587,8.32182561914874,1491.149181681808,1475.8024445025017,15.346737179306274
E0,2018-11-10,Huddersfield,West Ham,D,2,4,4,4,0.1,0.3,0.8,2.8,1.0,2.0,11.0,11.0,3.6,3.6,15.8,16.2,5,7,0.0,1.0,0.0,4,0.2,1.2,0.2,1.0,1444.0436445663909,1492.28185743093,-48.238212864539264,1451.1377523939022,1506.6089776239455,-55.471225230043274
E0,2018-11-11,Liverpool,Fulham,H,11,1,13,1,0.7,0.0,1.4,0.8,0.8,2.6,12.8,8.2,5.2,2.6,11.6,18.8,8,6,0.5,0.5,0.0,0,0.6,0.6,0.2,1.6,1592.8390663881755,1457.082354215832,135.75671217234367,1577.0926937975885,1466.7270818825891,110.36561191499892
E0,2018-11-11,Chelsea,Everton,D,13,5,11,5,0.6,0.3,2.4,0.2,1.4,1.8,18.0,11.4,5.4,5.6,8.0,11.8,7,8,0.75,0.0,0.25,8,1.6,0.2,1.0,1.2,1553.1488514989944,1478.615269370118,74.53358212887633,1547.8253775505814,1510.7855692359208,37.03980831466061
E0,2018-11-11,Arsenal,Wolves,D,10,7,13,7,0.8,0.4,2.8,1.8,0.6,0.8,12.0,13.8,5.6,5.2,15.8,9.4,8,8,0.5,0.5,0.0,0,2.0,0.8,0.6,0.2,1599.6638715668576,1499.072744376385,100.59112719047287,1548.683890753891,1495.6147763352285,53.06911441866305
E0,2018-11-11,Man City,Man United,H,11,10,15,10,0.8,0.3,1.8,0.2,1.8,1.4,15.0,12.8,6.4,6.2,6.6,14.0,7,8,0.5,0.375,0.125,8,0.8,0.2,0.8,0.6,1585.7996382896092,1546.791903628872,39.00773466073724,1600.213901313556,1549.2976827058687,50.91621860768737
E0,2018-11-24,Fulham,Southampton,H,0,4,4,4,0.2,0.3,0.4,2.6,0.6,2.2,7.8,12.6,2.2,4.6,19.8,14.8,13,14,0.5,0.5,0.0,0,0.0,1.4,0.4,0.8,1476.3718095493468,1472.5904397943657,3.7813697549813696,1466.1015213982605,1464.2113277783242,1.8901936199363265
E0,2018-11-24,Brighton,Leicester,D,4,9,10,9,0.5,0.3,1.0,1.8,1.6,1.6,7.2,11.0,2.6,5.0,20.6,11.4,14,14,0.0,1.0,0.0,4,0.4,1.0,1.2,0.8,1547.6537421585208,1494.4620167598798,53.19172539864098,1499.4901465497198,1489.645892539923,9.84425400979694
E0,2018-11-24,Everton,Cardiff,H,5,1,10,1,0.6,0.0,1.0,1.4,0.4,2.2,11.4,8.0,4.8,2.8,12.6,14.6,13,14,0.5,0.5,0.0,0,0.8,1.0,0.2,1.2,1542.9558691017232,1469.208079605177,73.74778949654615,1513.0605544355024,1474.1396202871226,38.92093414837973
E0,2018-11-24,Man United,Crystal Palace,D,7,3,10,3,0.7,0.4,1.6,2.0,0.8,1.8,9.8,8.0,4.6,2.4,15.6,14.8,13,14,1.0,0.0,0.0,8,1.0,1.0,0.6,1.4,1551.8034617828653,1481.020655626311,70.78280615655422,1545.4902254001563,1482.9945991279003,62.49562627225578
E0,2018-11-24,West Ham,Man City,A,5,11,7,11,0.4,0.8,1.2,1.4,1.8,0.2,12.4,15.0,4.2,6.4,15.6,6.6,14,13,0.125,0.875,0.0,8,0.4,0.6,0.8,0.2,1520.9360978169611,1614.6281643375028,-93.69206652054164,1505.6126468678845,1604.0213586192683,-98.40871175138386
E0,2018-11-24,Watford,Liverpool,A,5,11,9,11,0.6,0.4,0.8,1.0,1.4,0.8,12.2,12.8,4.0,5.2,11.6,11.6,14,13,0.0,0.6666666666666666,0.3333333333333333,6,0.2,0.8,0.6,0.6,1506.5353622363325,1561.3463212070008,-54.81095897066848,1486.555257467629,1577.7182542819169,-91.16299681428792
E0,2018-11-24,Tottenham,Chelsea,H,15,13,9,13,0.8,0.7,1.8,0.6,2.4,0.2,11.4,18.0,5.0,5.4,11.4,8.0,14,13,0.5,0.5,0.0,8,0.6,0.6,1.6,0.2,1550.3100201816226,1542.5019036021683,7.808116579454236,1560.7474251197568,1545.5503923509996,15.197032768757254
E0,2018-11-25,Wolves,Huddersfield,A,8,2,7,2,0.3333333333333333,0.0,0.8,0.6,0.8,2.8,14.0,11.0,5.6,3.6,10.2,15.8,14,15,0.5,0.5,0.0,0,0.6,0.4,0.2,1.2,1492.1568082940717,1458.2318602214136,33.924948072658026,1497.8257669773786,1452.134083149963,45.69168382741532
E0,2018-11-25,Bournemouth,Arsenal,A,6,10,8,10,0.5,0.5,1.6,1.6,2.8,1.8,12.6,12.0,4.4,5.6,15.8,15.8,15,14,0.3333333333333333,0.5,0.1666666666666666,6,0.6,0.8,2.0,0.8,1510.0897865489114,1497.703909940925,12.38587660798612,1501.0305098562208,1546.472900111741,-45.442390255520195
E0,2018-11-26,Burnley,Newcastle,A,4,3,4,3,0.1,0.0,0.8,2.2,0.6,1.0,5.4,8.0,1.6,3.8,23.4,18.4,16,16,0.3333333333333333,0.0,0.6666666666666666,6,0.6,1.8,0.0,0.8,1472.090368020416,1477.4369579724694,-5.346589952053364,1477.3057336443862,1487.53652085049,-10.23078720610374
E0,2018-11-30,Cardiff,Wolves,H,1,8,6,8,0.2857142857142857,0.3333333333333333,0.4,2.0,0.8,0.6,7.4,14.0,2.8,5.6,15.4,10.2,6,5,0.5,0.5,0.0,0,0.2,1.2,0.6,0.4,1479.0711609690682,1503.4947256606856,-24.423564691617457,1471.9078654324112,1488.3124806124977,-16.404615180086466
E0,2018-12-01,Southampton,Man United,D,1,7,3,7,0.2,0.3,0.6,2.8,1.6,2.0,12.6,9.8,5.0,4.6,12.8,15.6,7,7,0.125,0.5,0.375,8,0.2,1.0,1.0,1.0,1455.832215762283,1539.176989017447,-83.34477325516423,1460.0266924962743,1543.9214472360177,-83.89475473974335
E0,2018-12-01,Newcastle,West Ham,A,5,5,6,5,0.4,0.3,1.0,1.2,1.2,1.4,9.0,12.4,3.2,4.2,18.8,15.6,5,7,0.8333333333333334,0.1666666666666666,0.0,6,0.0,0.8,0.4,0.6,1497.6360837285108,1490.289195918808,7.346887809702821,1490.6961933954883,1502.1328868474325,-11.436693451944166
E0,2018-12-01,Huddersfield,Brighton,A,5,4,4,4,0.1,0.1,1.0,1.6,1.0,1.8,12.8,7.2,4.6,2.6,11.8,20.6,6,7,0.5,0.0,0.5,4,0.4,0.6,0.4,1.0,1446.036306078513,1451.3265509409189,-5.290244862405871,1461.6473695148445,1499.526579130162,-37.87920961531768
E0,2018-12-01,Man City,Bournemouth,H,11,6,15,6,0.9,0.5,2.2,0.2,1.6,1.6,13.4,12.6,6.0,4.4,6.6,15.8,7,6,1.0,0.0,0.0,6,0.8,0.2,0.6,0.8,1593.414552901034,1491.97123316353,101.44331973750376,1607.5011186397203,1497.0347055516263,110.4664130880942
E0,2018-12-01,Crystal Palace,Burnley,H,4,4,2,4,0.4,0.1,0.6,1.4,0.8,2.2,8.8,5.4,2.2,1.6,14.6,23.4,7,5,0.375,0.5,0.125,8,0.4,1.0,0.6,1.8,1484.96854262949,1482.5210992683567,2.4474433611333097,1484.5633772920391,1474.146061099388,10.417316192651016
E0,2018-12-01,Leicester,Watford,H,7,5,5,5,0.4,0.2,1.4,1.6,0.8,1.0,11.0,12.2,4.6,4.0,12.0,11.6,7,7,0.5,0.5,0.0,6,1.0,0.6,0.2,0.8,1484.8297683199662,1466.5751526989256,18.254615621040557,1489.6094599594808,1480.5474691359818,9.061990823498943
E0,2018-12-02,Liverpool,Everton,H,11,5,13,5,0.7,0.3,1.6,0.6,1.0,1.4,12.8,11.4,5.8,4.8,10.2,12.6,8,8,0.25,0.0,0.75,8,1.2,0.4,0.8,1.0,1594.090187356833,1483.1652397692817,110.92494758755151,1583.726042613564,1515.2923092902138,68.43373332335022
E0,2018-12-02,Chelsea,Fulham,H,10,0,9,0,0.5,0.0,2.0,0.8,0.4,2.6,18.0,7.8,5.0,2.2,10.4,19.8,8,8,0.5,0.5,0.0,0,1.6,0.4,0.0,1.4,1548.598881099831,1455.8312332471744,92.76764785265664,1538.303891259422,1470.2861566803108,68.01773457911122
E0,2018-12-02,Arsenal,Tottenham,H,13,15,11,15,0.7,0.7,2.8,1.4,1.8,0.6,13.0,11.4,5.2,5.0,13.2,11.4,7,8,0.25,0.5,0.25,8,2.2,0.6,0.6,0.6,1595.2418902825566,1571.1848300578908,24.057060224665747,1550.4687044163354,1567.9939262113344,-17.52522179499897
E0,2018-12-04,Bournemouth,Huddersfield,H,6,5,7,5,0.5,0.1,1.8,1.8,1.0,1.6,11.8,12.8,4.4,4.6,14.2,11.8,3,3,0.5,0.5,0.0,4,0.6,0.8,0.4,0.6,1502.0981779397223,1477.2584329511756,24.83974498854695,1494.9017956581126,1455.6987500431092,39.203045615003475
E0,2018-12-04,West Ham,Cardiff,H,8,1,7,1,0.4,0.0,1.6,0.8,0.4,2.0,11.2,7.4,4.0,2.8,15.4,15.4,3,4,0.5,0.5,0.0,0,0.8,0.2,0.2,1.2,1513.976577776057,1464.744569895754,49.232007880302945,1508.5546799401168,1477.1604105093425,31.39426943077433
E0,2018-12-04,Watford,Man City,A,4,11,6,11,0.6,0.8,0.6,1.2,2.2,0.2,11.6,13.4,2.8,6.0,10.0,6.6,3,3,0.0,1.0,0.0,6,0.2,0.6,0.8,0.2,1494.519785573038,1621.587684378407,-127.06789880536894,1474.1420533175478,1609.634028533234,-135.49197521568613
E0,2018-12-04,Brighton,Crystal Palace,H,6,4,8,4,0.5,0.4,1.0,1.6,0.6,1.4,7.6,8.8,3.0,2.2,19.2,14.6,3,3,0.0,0.5,0.5,4,0.2,0.8,0.4,1.0,1547.726607319405,1484.1582119545883,63.56839536481653,1505.475198601897,1489.82403548589,15.651163116007185
E0,2018-12-05,Tottenham,Southampton,H,12,1,9,1,0.8,0.3,1.8,1.2,0.6,2.8,10.4,12.6,4.8,5.0,14.2,12.8,3,4,0.625,0.0,0.375,8,0.4,1.0,0.2,1.0,1564.803022364778,1464.221169230265,100.58185313451258,1563.3176902666914,1461.4679465378513,101.84974372884017
E0,2018-12-05,Man United,Arsenal,D,5,13,8,13,0.7,0.6,1.6,2.2,2.8,1.4,10.2,13.0,4.4,5.2,16.0,13.2,4,3,0.625,0.125,0.25,8,1.0,0.8,2.2,0.6,1548.6659054545878,1505.6955185501142,42.97038690447357,1542.4801931944403,1555.1449403609784,-12.664747166537836
E0,2018-12-05,Everton,Newcastle,D,4,5,12,5,0.6,0.1,0.6,1.2,1.0,1.2,11.0,9.0,4.8,3.2,12.4,18.8,3,4,0.8333333333333334,0.1666666666666666,0.0,6,0.4,0.8,0.0,0.8,1547.4193788111463,1483.7563030624658,63.66307574868051,1514.571335843603,1484.274400302804,30.29693554079904
E0,2018-12-05,Burnley,Liverpool,A,4,11,4,11,0.1,0.5,0.8,2.4,1.6,0.6,4.8,12.8,1.2,5.8,23.2,10.2,4,3,0.125,0.625,0.25,8,0.6,1.8,1.2,0.4,1465.7710229304196,1573.361897870295,-107.59087493987543,1468.8854029055376,1584.447016060175,-115.56161315463736
E0,2018-12-05,Wolves,Chelsea,H,5,10,6,10,0.2857142857142857,0.6,0.8,1.0,2.0,0.8,14.0,18.0,5.2,5.0,11.0,10.4,5,3,0.5,0.5,0.0,0,0.4,0.8,1.6,0.4,1473.1302355643095,1528.008901419013,-54.878665854703286,1483.0599355355662,1539.0110557619676,-55.95112022640137
E0,2018-12-05,Fulham,Leicester,D,0,7,7,7,0.3333333333333333,0.3,0.4,2.4,1.4,1.6,7.8,11.0,2.4,4.6,17.4,12.0,3,4,0.5,0.5,0.0,0,0.0,1.4,1.0,0.6,1484.741080113447,1494.3891515989956,-9.6480714855486,1469.578992177765,1496.014875777915,-26.435883600149964
E0,2018-12-08,Leicester,Tottenham,A,8,12,8,12,0.5,0.7,1.2,1.0,1.8,1.2,10.8,10.4,4.0,4.8,15.0,14.2,3,3,0.25,0.625,0.125,8,0.8,0.4,0.4,1.0,1497.6405999568344,1561.832358168605,-64.19175821177055,1494.6850232882916,1565.3576844354589,-70.67266114716722
E0,2018-12-08,Arsenal,Huddersfield,H,11,4,11,4,0.7,0.1,2.6,1.4,1.0,1.8,11.4,15.6,3.8,4.6,12.4,10.8,3,4,1.0,0.0,0.0,4,2.0,0.6,0.4,0.6,1604.5943621718425,1472.3347735622708,132.2595886095717,1554.9858283981937,1453.236920348657,101.74890804953657
E0,2018-12-08,Bournemouth,Liverpool,A,6,11,7,11,0.6,0.6,1.8,1.8,1.8,0.6,11.8,13.0,4.4,6.2,14.2,10.0,4,3,0.1666666666666666,0.6666666666666666,0.1666666666666666,6,0.6,0.8,1.6,0.4,1507.0218373286273,1575.2836460113276,-68.26180868270035,1497.3636253525651,1585.4078901306912,-88.04426477812603
E0,2018-12-08,Burnley,Brighton,H,4,6,4,6,0.1,0.2,0.8,2.4,1.0,1.6,4.8,7.6,1.2,3.0,23.2,19.2,3,4,0.0,0.0,1.0,4,0.6,1.8,0.2,0.8,1463.849274789387,1463.2237898843891,0.6254849049978475,1467.9245288350212,1508.685503920313,-40.760975085291875
E0,2018-12-08,Cardiff,Southampton,H,0,1,9,1,0.375,0.3,0.6,2.6,0.8,2.8,6.4,14.8,3.0,5.8,17.8,13.0,4,3,0.5,0.5,0.0,0,0.4,1.8,0.4,1.4,1489.5762511229311,1460.1411808927307,29.43507023020038,1474.0495864717373,1459.427952369084,14.621634102653388
E0,2018-12-08,Chelsea,Man City,H,7,13,9,13,0.5,0.8,1.8,1.0,2.4,0.2,18.4,12.8,5.0,6.2,10.4,6.6,3,4,0.25,0.5,0.25,8,1.2,0.6,0.8,0.2,1550.013210104922,1623.215412227809,-73.202202122887,1533.9609616336063,1610.4478924579353,-76.48693082432874
E0,2018-12-08,Man United,Fulham,H,5,0,9,0,0.6,0.0,1.6,2.2,0.4,2.4,10.2,7.8,4.4,2.4,16.0,17.4,3,3,0.5,0.5,0.0,0,1.0,0.8,0.0,1.4,1548.9841293801576,1454.416904242083,94.56722513807426,1542.6393051572254,1470.9088446673886,71.73046048983679
E0,2018-12-08,West Ham,Crystal Palace,H,8,1,9,1,0.5,0.4,1.6,0.8,0.6,2.0,11.2,11.0,4.0,2.8,15.4,13.4,4,4,0.375,0.125,0.5,8,0.8,0.2,0.6,1.0,1520.1982258512676,1477.7376013177566,42.46062453351101,1511.665503977722,1486.613730167474,25.05177381024805
E0,2018-12-09,Newcastle,Wolves,A,6,5,6,5,0.4,0.2857142857142857,1.0,1.0,0.8,1.0,10.0,14.0,3.8,5.2,17.8,11.0,4,4,0.5,0.5,0.0,0,0.0,0.6,0.4,0.8,1484.7924975431422,1492.9896355068229,-8.197137963680461,1486.8230494199636,1488.1100296639272,-1.286980243963626
E0,2018-12-10,Everton,Watford,D,4,4,13,4,0.5,0.2,0.6,1.2,0.6,1.2,11.0,11.6,4.8,2.8,12.4,10.0,5,6,0.5,0.5,0.0,6,0.4,0.8,0.2,0.6,1542.3220805768271,1453.7643210620574,88.55775951476971,1512.0226867264437,1473.3281893928463,38.69449733359693
E0,2018-12-15,Fulham,West Ham,A,0,8,5,8,0.2857142857142857,0.4,0.6,2.6,1.6,0.8,8.6,11.2,3.2,4.0,17.6,15.4,7,7,0.5,0.5,0.0,0,0.2,1.0,0.8,0.2,1487.400785092694,1503.1327821041766,-15.73199701148269,1468.144292616978,1514.0890577379998,-45.944765121021874
E0,2018-12-15,Crystal Palace,Leicester,H,1,8,5,8,0.4,0.3,0.8,2.2,1.2,1.0,10.6,10.8,3.2,4.0,13.8,15.0,7,7,0.75,0.125,0.125,8,0.6,1.4,0.8,0.4,1495.489859017191,1491.7294466197486,3.760412397442451,1484.190176407196,1491.3699448098628,-7.179768402666696
E0,2018-12-15,Wolves,Bournemouth,H,7,6,6,6,0.375,0.5,1.0,1.0,1.8,1.8,14.4,11.8,4.8,4.4,10.4,14.2,6,7,0.5,0.5,0.0,0,0.4,0.8,0.6,0.8,1483.2304238210318,1487.7054133765027,-4.474989555470984,1491.3907705860502,1493.0386279312747,-1.6478573452245655
E0,2018-12-15,Watford,Cardiff,H,5,0,3,0,0.6,0.0,1.0,1.2,0.6,2.6,12.0,6.4,2.6,3.0,10.6,17.8,5,7,0.5,0.5,0.0,0,0.6,0.4,0.4,1.8,1492.8920577236358,1458.5229218205434,34.369135903092456,1474.898372780955,1478.8256020679592,-3.9272292870041383
E0,2018-12-15,Tottenham,Burnley,H,12,4,9,4,0.8,0.1,1.8,1.2,0.8,2.4,9.8,4.8,4.0,1.2,14.6,23.2,7,7,0.625,0.0,0.375,8,0.6,1.0,0.6,1.8,1568.8830107023125,1471.9997828806556,96.88322782165687,1568.6727629138873,1472.830035707991,95.84272720589615
E0,2018-12-15,Man City,Everton,H,10,4,15,4,1.0,0.2,1.4,0.6,0.6,1.2,11.4,11.0,5.0,4.8,7.8,12.4,7,5,0.375,0.125,0.5,8,0.4,0.4,0.4,0.8,1597.6803726880612,1481.7232928760598,115.95707981200144,1602.4645630234927,1510.452503338335,92.01205968515774
E0,2018-12-15,Huddersfield,Newcastle,A,4,6,4,6,0.1,0.1,0.8,1.4,1.0,1.0,15.0,10.0,4.2,3.8,10.0,17.8,7,6,0.5,0.5,0.0,4,0.4,0.4,0.0,0.6,1434.1390671350428,1488.853601296785,-54.71453416174222,1451.0480759969032,1483.5423084978406,-32.494232500937414
E0,2018-12-16,Southampton,Arsenal,H,1,11,4,11,0.1,0.6,0.8,2.6,2.6,1.4,13.8,11.4,4.8,3.8,12.8,12.4,8,8,0.125,0.625,0.25,8,0.4,1.2,2.0,0.6,1458.7147238454372,1505.3772946245444,-46.66257077910723,1454.651936772862,1557.1746727499471,-102.52273597708518
E0,2018-12-16,Brighton,Chelsea,A,6,7,10,7,0.6,0.5,1.0,1.4,1.8,1.0,9.6,18.4,3.0,5.0,16.4,10.4,8,8,0.0,1.0,0.0,4,0.2,0.6,1.2,0.6,1554.147217956237,1517.908713162291,36.23850479394605,1503.7799970473434,1541.944291068049,-38.16429402070571
E0,2018-12-16,Liverpool,Man United,H,13,5,13,5,0.8,0.3,2.4,0.4,1.6,2.2,12.4,10.2,5.8,4.4,9.6,16.0,8,8,0.0,0.5,0.5,8,2.0,0.4,1.0,0.8,1595.5321342500547,1536.2944809342932,59.23765331576146,1589.732887551981,1545.403857207636,44.329030344345256
E0,2018-12-21,Wolves,Liverpool,A,7,13,6,13,0.4444444444444444,0.7,1.0,1.0,2.4,0.4,14.4,12.4,4.8,5.8,10.4,9.6,6,5,0.5,0.5,0.0,0,0.4,0.8,2.0,0.4,1491.772654763682,1583.933640853908,-92.16098609022606,1495.661886057375,1592.6133946309972,-96.95150857362182
E0,2018-12-22,West Ham,Watford,A,8,5,9,5,0.5,0.2,1.4,0.6,1.0,1.2,10.6,12.0,3.8,2.6,15.4,10.6,7,7,0.3333333333333333,0.5,0.1666666666666666,6,0.6,0.2,0.6,0.4,1525.045333371823,1456.9046878382744,68.14064553354865,1517.9301536342643,1476.7937225849685,41.13643104929588
E0,2018-12-22,Newcastle,Fulham,D,8,0,6,0,0.3,0.0,1.2,1.0,0.6,2.6,10.4,8.6,4.2,3.2,17.6,17.6,7,7,0.5,0.5,0.0,0,0.2,0.6,0.2,1.0,1478.231015698896,1448.8878001412618,29.343215557634267,1487.4967296146574,1464.3031967207137,23.19353289394394
E0,2018-12-22,Man City,Crystal Palace,A,10,1,15,1,1.0,0.3,1.4,0.6,0.8,2.2,11.4,10.6,5.0,3.2,7.8,13.8,7,7,0.625,0.125,0.25,8,0.4,0.4,0.6,1.4,1601.053401777551,1472.890493797201,128.16290798034993,1604.1510775682375,1487.4998969750109,116.65118059322664
E0,2018-12-22,Huddersfield,Southampton,A,4,1,4,1,0.1,0.2,0.8,1.4,0.8,2.6,15.0,13.8,4.2,4.8,10.0,12.8,7,6,0.0,0.0,1.0,4,0.4,0.4,0.4,1.2,1426.2302249014092,1450.589149700287,-24.35892479887775,1447.0936548800864,1459.9240681446167,-12.830413264530309
E0,2018-12-22,Arsenal,Burnley,H,8,1,11,1,0.7,0.1,2.6,1.8,0.4,2.4,11.6,5.0,4.2,0.8,14.0,22.4,6,7,1.0,0.0,0.0,8,1.8,0.6,0.2,1.8,1608.9720508753496,1468.9196105239062,140.0524403514435,1551.9025413781924,1471.2899495296165,80.61259184857613
E0,2018-12-22,Chelsea,Leicester,A,9,5,11,5,0.6,0.3,2.2,1.2,0.8,1.2,17.0,10.8,4.4,3.4,10.4,15.4,6,7,0.75,0.0,0.25,8,1.2,0.8,0.6,0.4,1565.9798689738072,1485.110005484119,80.86986348968821,1545.629135689495,1488.0602242420482,57.56891144744645
E0,2018-12-22,Cardiff,Man United,A,0,5,12,5,0.4444444444444444,0.3,0.8,2.4,1.6,2.2,7.2,9.6,3.2,4.0,17.6,21.6,7,6,0.5,0.5,0.0,0,0.8,1.8,0.8,1.0,1499.128282315375,1530.5334667762615,-31.40518446088663,1476.930252263946,1542.5233501286202,-65.59309786467429
E0,2018-12-22,Bournemouth,Brighton,H,6,6,4,6,0.5,0.2,1.8,1.4,1.0,1.4,10.6,9.6,4.0,3.0,13.6,16.4,7,6,0.5,0.0,0.5,4,0.6,0.6,0.2,0.6,1498.371842486047,1453.4127761384498,44.95906634759717,1488.7675124599498,1500.0951524258978,-11.327639965948038
E0,2018-12-23,Everton,Tottenham,A,4,12,11,12,0.5,0.8,0.8,1.4,1.8,1.2,11.0,9.8,4.0,4.0,13.2,14.6,8,8,0.0,0.875,0.125,8,0.6,0.8,0.6,1.0,1539.1817138006102,1568.4625151254622,-29.280801324852064,1508.7659887935902,1570.212849092262,-61.446860298671936
E0,2018-12-26,Liverpool,Newcastle,H,13,8,13,8,0.9,0.2,2.6,0.4,1.2,1.0,13.2,10.4,6.6,4.2,9.2,17.6,5,4,0.5,0.1666666666666666,0.3333333333333333,6,2.2,0.4,0.2,0.6,1601.2931484080864,1496.7624435304183,104.53070487766786,1595.615928953605,1484.5701373606105,111.04579159299465
E0,2018-12-26,Watford,Chelsea,A,5,9,6,9,0.6,0.5,1.0,1.2,2.2,1.2,12.4,17.0,3.0,4.4,12.2,10.4,4,4,0.3333333333333333,0.6666666666666666,0.0,6,0.8,0.4,1.2,0.8,1496.6827573316623,1525.278402405182,-28.595645073519563,1484.2644413775631,1539.2255796846707,-54.961138307107376
E0,2018-12-26,Tottenham,Bournemouth,H,12,6,12,6,0.8,0.5,2.8,1.6,1.8,1.4,11.2,10.6,5.2,4.0,14.0,13.6,3,4,0.8333333333333334,0.0,0.1666666666666666,6,1.2,1.2,0.6,0.6,1571.963183059062,1479.1631824338526,92.80000062520936,1577.211667450566,1491.4785769547157,85.73309049585032
E0,2018-12-26,Man United,Huddersfield,H,7,4,11,4,0.6,0.1,2.2,2.0,0.8,1.4,11.6,15.0,5.0,4.2,19.2,10.0,4,4,0.5,0.5,0.0,4,0.8,0.8,0.4,0.4,1554.5132334809791,1467.9570848587637,86.55614862221546,1549.747940162894,1440.6428791833728,109.10506097952111
E0,2018-12-26,Leicester,Man City,H,8,10,5,10,0.5,0.7,0.8,0.6,1.4,0.6,10.8,11.4,3.6,5.0,15.0,7.8,4,4,0.125,0.875,0.0,8,0.8,0.0,0.4,0.4,1491.0104429999772,1607.248753358924,-116.23831035894682,1494.463780246872,1597.1946981137608,-102.73091786688884
E0,2018-12-26,Fulham,Wolves,D,1,7,4,7,0.25,0.375,0.2,1.8,1.0,1.0,7.6,14.4,2.8,4.8,15.0,10.4,4,5,0.5,0.5,0.0,0,0.2,0.6,0.4,0.8,1479.718593300165,1499.5511173510688,-19.832524050903885,1467.22978897476,1492.6593517347678,-25.429562760007684
E0,2018-12-26,Crystal Palace,Cardiff,D,4,0,7,0,0.4,0.0,1.4,2.2,0.8,2.4,10.2,7.2,3.2,3.2,13.6,17.6,4,4,0.5,0.5,0.0,0,0.8,1.2,0.8,1.8,1502.1093001528209,1454.7322222125167,47.377077940303934,1494.4562764294876,1469.7056622296725,24.750614199815345
E0,2018-12-26,Burnley,Everton,A,1,4,4,4,0.2,0.1,0.6,2.0,0.8,1.4,5.4,11.0,1.2,4.0,19.6,13.2,4,3,0.625,0.375,0.0,8,0.4,1.4,0.6,0.8,1473.6602885353263,1478.35026378657,-4.689975251243595,1470.5990821515609,1501.7671704352863,-31.16808828372564
E0,2018-12-26,Brighton,Arsenal,D,3,8,10,8,0.6,0.6,0.8,1.8,2.6,1.8,10.0,11.6,3.6,4.2,13.8,14.0,4,4,0.5,0.5,0.0,4,0.2,0.8,1.8,0.6,1546.777528713346,1494.833031881035,51.94449683231096,1497.384087931132,1552.593408756248,-55.20932082511604
E0,2018-12-27,Southampton,West Ham,A,3,8,6,8,0.1,0.5,1.4,2.8,1.4,0.6,14.8,10.6,5.2,3.8,14.0,15.4,5,5,0.5,0.375,0.125,8,0.6,1.4,0.6,0.2,1469.2589865889468,1510.8149738967056,-41.55598730775887,1466.3748438413306,1510.4594348416697,-44.08459100033883
E0,2018-12-29,Watford,Newcastle,D,5,8,6,8,0.5,0.2,1.0,1.2,0.8,1.2,12.4,9.0,3.0,3.0,12.2,17.2,3,3,0.8,0.2,0.0,5,0.8,0.4,0.2,0.6,1490.5747867824396,1492.34116568016,-1.766378897720415,1481.210456102952,1482.359498435481,-1.149042332529234
E0,2018-12-29,Brighton,Everton,H,3,4,8,4,0.5,0.2,0.8,1.8,1.4,1.4,10.0,10.2,3.6,3.6,13.8,13.8,3,3,0.0,0.6,0.4,5,0.2,0.8,0.8,0.8,1544.5280279461815,1489.46015964894,55.067868297241375,1496.25933754755,1507.3221183664714,-11.06278081892151
E0,2018-12-29,Fulham,Huddersfield,H,1,3,5,3,0.2222222222222222,0.1,0.2,1.8,0.8,1.8,7.6,13.2,2.8,4.2,15.0,12.0,3,3,0.0,1.0,0.0,1,0.2,0.6,0.4,0.8,1483.4212776838392,1457.9810225261558,25.440255157683396,1469.0811311665975,1435.6548480170686,33.4262831495289
E0,2018-12-29,Leicester,Cardiff,A,8,1,8,1,0.5,0.0,0.8,0.6,0.8,2.2,10.8,7.4,3.6,2.8,15.0,20.0,3,3,1.0,0.0,0.0,1,0.8,0.0,0.8,1.8,1504.130905128821,1458.7473061905264,45.383598938294654,1501.024011311294,1471.713204218677,29.310807092617097
E0,2018-12-29,Liverpool,Arsenal,H,13,6,15,6,0.9,0.5,2.6,0.4,1.8,1.8,13.2,11.2,6.6,3.6,9.2,12.2,3,3,0.4444444444444444,0.1111111111111111,0.4444444444444444,9,2.2,0.4,1.0,0.6,1605.714426258345,1497.0825326481993,108.63189361014564,1597.826567878734,1553.7181591398305,44.10840873890379
E0,2018-12-29,Tottenham,Wolves,A,12,5,12,5,0.8,0.3333333333333333,2.8,1.6,1.0,1.2,11.2,15.8,5.2,5.4,14.0,10.4,3,3,1.0,0.0,0.0,1,1.2,1.2,0.4,1.0,1578.2327057185385,1495.8484329673945,82.38427275114395,1580.346428780304,1490.8080095429304,89.53841923737355
E0,2018-12-30,Burnley,West Ham,H,1,11,3,11,0.2,0.5,0.6,2.0,1.8,0.6,5.4,10.4,1.2,4.0,19.6,15.8,4,3,0.2222222222222222,0.5555555555555556,0.2222222222222222,9,0.4,1.4,1.0,0.4,1462.550392672956,1517.4844814542353,-54.934088781279115,1465.044134220375,1513.7941886204342,-48.75005440005884
E0,2018-12-30,Crystal Palace,Chelsea,A,4,9,8,9,0.3,0.6,1.4,2.2,2.0,1.4,10.2,14.8,3.2,4.0,13.6,9.4,4,4,0.3333333333333333,0.6666666666666666,0.0,9,0.8,1.2,1.0,0.8,1498.094216174811,1531.386372954405,-33.29215677959405,1492.448734440483,1542.2795649592822,-49.8308305187993
E0,2018-12-30,Man United,Bournemouth,H,7,3,11,3,0.6,0.4,2.2,2.0,1.0,2.4,11.6,11.4,5.0,3.4,19.2,12.8,4,4,0.8571428571428571,0.0,0.1428571428571428,7,0.8,0.8,0.4,1.0,1564.489295813587,1472.893659774376,91.59563603921085,1554.735971329198,1488.3438156249772,66.39215570422084
E0,2018-12-30,Southampton,Man City,A,3,9,6,9,0.1,0.6,1.4,2.8,1.6,1.0,14.8,12.4,5.2,5.4,14.0,8.4,3,4,0.0,0.8888888888888888,0.1111111111111111,9,0.6,1.4,0.4,0.6,1462.589479031417,1594.12829123008,-131.53881219866298,1463.040090062566,1590.6344670493388,-127.59437698677289
E0,2019-01-01,Cardiff,Tottenham,A,4,12,9,12,0.4,0.8,0.8,1.4,2.8,1.6,9.4,11.2,3.2,5.2,19.4,14.0,3,3,0.0,1.0,0.0,1,0.8,1.2,1.2,1.2,1484.6791022468276,1582.4601518420698,-97.78104959524217,1477.3527718682114,1571.7642518091352,-94.41147994092375
E0,2019-01-01,Arsenal,Fulham,H,5,1,11,1,0.7,0.0,1.6,2.4,0.2,1.8,11.4,7.6,3.6,2.8,12.0,15.0,3,3,1.0,0.0,0.0,1,0.6,0.6,0.2,0.6,1610.353785631461,1454.7409846493556,155.61280098210543,1550.9806714543852,1472.8587627354718,78.12190871891335
E0,2019-01-01,Everton,Leicester,A,4,8,8,8,0.5,0.4,1.2,1.2,0.8,0.6,10.0,10.8,3.2,3.6,13.2,15.0,3,3,0.5555555555555556,0.2222222222222222,0.2222222222222222,9,0.6,0.8,0.8,0.0,1525.1840770840026,1497.917117493767,27.26695959023573,1505.133757628121,1495.3844436617596,9.749313966361342
E0,2019-01-02,Wolves,Crystal Palace,A,8,4,6,4,0.4,0.3,1.6,1.2,1.4,2.2,13.0,10.2,4.8,3.2,12.0,13.6,4,3,1.0,0.0,0.0,1,1.0,0.8,0.8,1.2,1485.7675861184666,1486.8032527061546,-1.035666587687956,1499.3901865140992,1488.9250992487637,10.465087265335567
E0,2019-01-02,West Ham,Brighton,D,10,3,9,3,0.4,0.2,1.6,0.8,0.8,1.8,10.4,10.0,4.2,3.6,15.0,13.8,3,4,0.0,1.0,0.0,5,1.0,0.2,0.2,0.8,1510.103895786633,1447.9906471489182,62.11324863771483,1504.674751904775,1498.4476982859003,6.227053618874606
E0,2019-01-02,Newcastle,Man United,A,8,7,7,7,0.2,0.4,1.0,1.4,2.2,2.0,9.4,11.6,3.4,5.0,15.2,19.2,4,3,0.2857142857142857,0.7142857142857143,0.0,7,0.2,0.8,0.8,0.8,1472.3778311908022,1544.9826468448089,-72.60481565400664,1482.7123382646691,1558.8691366991886,-76.15679843451949
E0,2019-01-02,Huddersfield,Burnley,A,3,1,4,1,0.1,0.1,0.8,1.4,0.6,2.0,12.4,5.4,3.8,1.2,12.4,19.6,4,3,0.0,0.0,1.0,5,0.4,0.8,0.4,1.4,1413.3286735079816,1467.5378757677947,-54.20920225981308,1431.8772164481943,1474.1635709360346,-42.2863544878403
E0,2019-01-02,Chelsea,Southampton,D,9,3,10,3,0.6,0.2,1.4,1.4,1.4,2.8,12.4,14.8,3.2,5.2,8.8,14.0,3,3,0.7777777777777778,0.0,0.2222222222222222,9,0.6,0.8,0.6,1.4,1553.1727569641594,1463.4907010937145,89.68205587044486,1545.8032001510012,1461.2716103928997,84.53158975810152
E0,2019-01-02,Bournemouth,Watford,D,0,5,6,5,0.5,0.3,0.6,3.2,1.0,1.2,10.4,12.4,3.0,3.0,12.8,12.2,3,4,0.1428571428571428,0.2857142857142857,0.5714285714285714,7,0.0,1.2,0.8,0.4,1503.7939714755785,1471.8461254234644,31.947846052114073,1484.2106502549866,1480.8576162737638,3.3530339812227794
E0,2019-01-03,Man City,Liverpool,H,9,13,12,13,0.9,0.8,2.0,1.2,2.6,0.4,12.6,13.2,5.4,6.6,8.6,9.2,4,5,0.3333333333333333,0.4444444444444444,0.2222222222222222,9,0.4,0.6,2.2,0.4,1587.1406428685975,1589.9387094991232,-2.798066630525682,1592.402946719005,1600.5640555641792,-8.161108845174113
E0,2019-01-12,Cardiff,Huddersfield,D,4,3,9,3,0.4,0.1,0.8,1.4,0.8,1.4,9.4,12.4,3.2,3.8,19.4,12.4,11,10,0.0,0.0,1.0,1,0.8,1.2,0.4,0.8,1480.2316422779868,1450.4257593884067,29.80588288958006,1475.1290418837912,1426.7316549446437,48.39738693914751
E0,2019-01-12,Brighton,Liverpool,A,4,12,8,12,0.5,0.7,1.0,1.6,2.6,0.6,11.6,12.0,4.2,6.8,13.6,8.6,10,9,0.0,1.0,0.0,5,0.6,0.8,2.2,0.4,1548.9047494228823,1582.7068522276288,-33.80210280474648,1500.4577111815668,1596.948126928432,-96.4904157468652
E0,2019-01-12,Burnley,Fulham,H,4,1,6,1,0.3,0.0,0.6,1.4,0.4,2.4,7.4,8.0,2.2,3.4,17.0,16.2,10,11,0.0,1.0,0.0,1,0.4,0.8,0.4,1.2,1480.7892661042745,1452.617130526355,28.17213557791979,1479.309132439585,1471.7968356739716,7.512296765613428
E0,2019-01-12,West Ham,Arsenal,H,10,5,7,5,0.4,0.4,1.6,0.8,1.6,2.4,10.4,11.4,4.2,3.6,15.0,12.0,10,11,0.0,0.7777777777777778,0.2222222222222222,9,1.0,0.2,0.6,0.6,1506.0838699953,1491.607557277309,14.47631271799105,1502.6647390091084,1552.0425985158854,-49.377859506776986
E0,2019-01-12,Leicester,Southampton,A,8,4,7,4,0.4,0.2,0.8,0.6,1.2,1.6,9.8,13.6,3.4,4.4,16.2,13.8,11,10,0.4444444444444444,0.2222222222222222,0.3333333333333333,9,0.8,0.0,0.6,1.0,1492.851769829752,1467.563799649615,25.28797018013711,1500.3124084558772,1463.3081596708498,37.00424878502736
E0,2019-01-12,Crystal Palace,Watford,A,7,6,7,6,0.2,0.3,1.6,1.6,1.6,1.6,12.2,11.4,3.6,3.4,12.4,15.2,10,10,0.4285714285714285,0.1428571428571428,0.4285714285714285,7,1.0,0.8,0.8,0.2,1491.046945791373,1471.149440104576,19.897505686797103,1497.2092247609662,1480.5092736143197,16.699951146646526
E0,2019-01-12,Chelsea,Newcastle,H,9,8,8,8,0.5,0.2,1.4,1.4,1.0,1.4,12.4,9.4,3.2,3.4,8.8,15.2,10,10,0.5714285714285714,0.4285714285714285,0.0,7,0.6,0.8,0.2,0.8,1549.0996584082588,1493.0468453385363,56.05281306972256,1543.7666508730508,1477.7921280587511,65.97452281429969
E0,2019-01-13,Tottenham,Man United,A,12,7,12,7,0.7,0.5,2.8,1.2,2.2,1.8,11.8,11.2,4.4,4.8,12.0,18.4,12,11,0.4444444444444444,0.4444444444444444,0.1111111111111111,9,1.0,0.8,1.0,0.8,1561.0683517762009,1554.8230672566451,6.245284519555753,1573.9879817935555,1563.7893469051069,10.19863488844885
E0,2019-01-13,Everton,Bournemouth,H,4,0,5,0,0.4,0.3,1.2,1.2,0.6,3.2,10.0,10.4,3.2,3.0,13.2,12.8,12,11,0.4285714285714285,0.4285714285714285,0.1428571428571428,7,0.6,0.8,0.0,1.2,1515.328147495767,1464.6273290343947,50.70081846137259,1500.2057928340032,1484.5589929144307,15.64679991957246
E0,2019-01-14,Man City,Wolves,H,9,8,12,8,0.9,0.4,2.0,1.2,1.6,1.2,12.6,13.0,5.4,4.8,8.6,12.0,11,12,0.0,0.0,1.0,1,0.4,0.6,1.0,0.8,1594.372500140092,1513.012786909732,81.35971323035983,1596.0188753547525,1491.106061001897,104.91281435285532
E0,2019-01-19,Man United,Brighton,H,10,4,11,4,0.6,0.2,2.2,1.2,1.0,1.6,12.6,11.6,6.2,4.2,19.2,13.6,6,7,0.4,0.6,0.0,5,0.8,0.4,0.6,0.8,1572.7556265535684,1452.0106729402512,120.7449536133172,1568.7931575115394,1496.8771106648242,71.91604684671529
E0,2019-01-19,Bournemouth,West Ham,H,0,10,7,10,0.4,0.4,0.4,3.2,1.6,0.8,10.8,10.4,3.6,4.2,12.2,15.0,6,7,0.2857142857142857,0.1428571428571428,0.5714285714285714,7,0.0,1.6,1.0,0.2,1504.490656794467,1499.245608022917,5.245048771550046,1482.162052460617,1505.983541619608,-23.82148915899097
E0,2019-01-19,Arsenal,Chelsea,H,2,9,13,9,0.8,0.7,1.2,2.4,1.4,1.4,9.6,12.4,3.2,3.2,12.0,8.8,7,7,0.1111111111111111,0.3333333333333333,0.5555555555555556,9,0.4,0.8,0.6,0.8,1612.477639754462,1538.433643337843,74.04399641661894,1548.7237959053864,1545.8387491364117,2.8850467689749166
E0,2019-01-19,Liverpool,Crystal Palace,H,12,7,15,7,0.9,0.3,2.2,0.6,1.6,1.6,12.0,12.2,6.0,3.6,9.0,12.4,7,7,0.6666666666666666,0.3333333333333333,0.0,9,1.8,0.4,1.0,0.8,1611.1894016292351,1503.3715037305594,107.81789789867572,1600.5287274451746,1492.9278619317745,107.60086551340032
E0,2019-01-19,Newcastle,Cardiff,H,5,4,4,4,0.2,0.1,0.8,1.6,0.8,1.4,7.8,9.4,3.2,3.2,14.4,19.4,7,7,0.0,0.0,1.0,1,0.2,1.0,0.8,1.2,1462.537410778966,1470.0264414895953,-7.489030710629322,1475.7200297953907,1473.7267280720523,1.9933017233381631
E0,2019-01-19,Southampton,Everton,H,7,4,5,4,0.1,0.2,1.2,1.2,1.2,1.2,11.4,10.0,3.4,3.2,16.4,13.2,7,6,0.4444444444444444,0.3333333333333333,0.2222222222222222,9,0.4,1.0,0.6,0.8,1459.0525196920846,1485.0834381722393,-26.030918480154696,1467.25454963959,1502.6027332878173,-35.34818364822718
E0,2019-01-19,Watford,Burnley,D,8,4,4,4,0.4,0.2,1.8,1.6,0.6,1.4,12.2,7.4,2.6,2.2,15.4,17.0,7,7,0.2857142857142857,0.7142857142857143,0.0,7,1.0,0.2,0.4,0.8,1489.8691071240632,1477.8289987748956,12.040108349167667,1484.7906364435116,1480.7542799744317,4.036356469080147
E0,2019-01-19,Wolves,Leicester,H,7,8,6,8,0.4,0.5,1.4,1.6,0.8,0.6,11.2,9.8,3.8,3.4,14.8,16.2,5,7,0.0,1.0,0.0,1,1.0,0.8,0.8,0.0,1469.1993350940618,1507.7730470820022,-38.57371198794044,1486.3304269555006,1496.366018487137,-10.035591531636328
E0,2019-01-20,Fulham,Tottenham,A,1,12,8,12,0.3,0.8,0.6,2.4,2.8,1.2,8.8,11.8,3.6,4.4,14.4,12.0,8,7,0.0,1.0,0.0,1,0.4,1.0,1.0,0.8,1490.9765408215883,1586.9076118109106,-95.93107098932228,1470.351688139125,1568.9841711871231,-98.63248304799822
E0,2019-01-20,Huddersfield,Man City,A,1,9,1,9,0.1,0.6,0.4,1.4,2.0,1.2,12.4,12.6,3.0,5.4,10.6,8.6,8,6,0.0,0.6,0.4,5,0.2,0.8,0.4,0.6,1403.0375505008808,1597.6652505694126,-194.6277000685318,1428.1339687563825,1600.7945094011486,-172.66054064476634
E0,2019-01-29,Newcastle,Man City,H,5,9,4,9,0.3,0.6,0.8,1.6,1.8,1.2,7.8,13.2,3.2,5.0,14.4,7.8,10,9,0.0,1.0,0.0,7,0.2,1.0,0.6,0.6,1476.8080407827565,1599.583028238264,-122.7749874555077,1482.855344797286,1601.7533982355744,-118.89805343828856
E0,2019-01-29,Wolves,West Ham,H,7,9,9,9,0.5,0.4,1.4,1.6,1.4,1.0,11.2,9.8,3.8,3.4,14.8,14.0,10,10,1.0,0.0,0.0,1,1.0,0.8,0.8,0.6,1477.461249322834,1485.729041670427,-8.267792347593058,1490.461384069887,1499.2252584433627,-8.763874373476028
E0,2019-01-29,Huddersfield,Everton,A,1,3,0,3,0.1,0.2,0.4,1.4,1.4,1.6,12.4,10.2,3.0,3.4,10.6,12.4,9,10,0.0,0.8,0.2,5,0.2,0.8,0.8,1.2,1401.1197728320294,1476.420410866168,-75.30063803413873,1427.1750799219567,1498.2712196347816,-71.09613971282488
E0,2019-01-29,Man United,Burnley,D,10,4,13,4,0.6,0.2,2.2,1.2,0.6,1.4,12.6,8.4,6.2,2.6,19.2,14.4,10,10,0.5555555555555556,0.0,0.4444444444444444,9,0.8,0.4,0.4,0.8,1575.559728198412,1480.3714945835395,95.1882336148724,1570.195208333961,1482.0255278787536,88.16968045520753
E0,2019-01-29,Arsenal,Cardiff,H,2,4,15,4,0.8,0.1,1.2,2.4,0.8,1.8,9.6,9.8,3.2,3.2,12.0,19.4,10,10,1.0,0.0,0.0,1,0.4,0.8,0.8,1.4,1623.551375171662,1455.755811485805,167.79556368585713,1554.2606636139865,1466.5914130701572,87.6692505438291
E0,2019-01-29,Fulham,Brighton,H,1,4,5,4,0.3,0.2,0.6,2.4,1.0,1.6,8.8,11.6,3.6,4.2,14.4,13.6,9,10,0.0,0.0,1.0,1,0.4,1.0,0.8,0.6,1488.580459212308,1449.2065712954077,39.37388791690046,1469.1536473344847,1495.4750598424023,-26.321412507917557
E0,2019-01-30,Bournemouth,Chelsea,H,0,9,10,9,0.5,0.6,0.4,3.2,1.2,1.2,10.8,12.4,3.6,3.0,12.2,7.8,11,11,0.2857142857142857,0.7142857142857143,0.0,7,0.0,1.6,0.4,0.6,1518.007223146957,1527.3599079206429,-9.35268477368595,1488.920335636862,1540.3018814278112,-51.3815457909493
E0,2019-01-30,Liverpool,Leicester,D,12,7,15,7,0.9,0.4,2.2,0.6,1.2,1.2,12.0,11.4,6.0,4.0,9.0,15.8,11,11,0.7777777777777778,0.1111111111111111,0.1111111111111111,9,1.8,0.4,1.2,0.4,1614.113094481802,1499.51113285323,114.6019616285721,1601.990573871458,1492.2350613727508,109.75551249870728
E0,2019-01-30,Southampton,Crystal Palace,D,7,6,7,6,0.2,0.3,1.2,1.2,2.2,2.4,11.4,11.4,3.4,3.8,16.4,13.8,11,11,0.6666666666666666,0.3333333333333333,0.0,9,0.4,1.0,1.4,1.6,1467.7155469981558,1500.4478108779924,-32.73226387983664,1471.5860632926256,1491.4660155054908,-19.87995221286519
E0,2019-01-30,Tottenham,Watford,H,12,8,9,8,0.6,0.3,3.0,1.4,1.8,1.6,12.4,12.2,5.0,2.6,12.2,15.4,10,11,0.5714285714285714,0.1428571428571428,0.2857142857142857,7,1.2,0.8,1.0,0.2,1551.0607305633357,1479.71216576296,71.3485648003757,1570.182211991763,1483.5193885391895,86.66282345257378
E0,2019-02-02,Burnley,Southampton,D,5,7,9,7,0.4,0.2,1.0,1.4,1.2,1.2,8.8,11.4,3.4,3.4,14.2,16.4,4,3,0.4444444444444444,0.2222222222222222,0.3333333333333333,9,0.8,1.0,0.4,1.0,1483.6795611739676,1475.4565795870956,8.222981586872038,1484.0763071210129,1472.265966034923,11.81034108608992
E0,2019-02-02,Tottenham,Newcastle,H,12,5,9,5,0.6,0.2,3.0,1.4,0.8,1.6,12.4,7.8,5.0,3.2,12.2,14.4,3,4,0.8571428571428571,0.1428571428571428,0.0,7,1.2,0.8,0.2,1.0,1555.1882355858436,1488.9026488118154,66.28558677402816,1572.2459645030171,1489.309735819465,82.93622868355214
E0,2019-02-02,Everton,Wolves,A,6,7,5,7,0.5,0.4,1.6,1.4,1.4,1.6,10.4,11.2,3.8,3.8,11.2,14.8,4,4,0.0,0.0,1.0,1,0.8,1.0,1.0,0.8,1520.1220284033952,1503.4615188169394,16.660509586455873,1501.5320295741335,1499.0563156175467,2.4757139565870148
E0,2019-02-02,Crystal Palace,Fulham,H,7,1,7,1,0.2,0.0,2.2,2.0,0.6,2.4,10.8,8.8,3.4,3.6,14.6,14.4,3,4,1.0,0.0,0.0,1,1.2,1.8,0.4,1.0,1482.4842201329889,1449.7268354566615,32.75738467632732,1490.7861127631934,1473.9677182066976,16.818394556495832
E0,2019-02-02,Chelsea,Huddersfield,H,9,1,10,1,0.5,0.1,1.0,1.6,0.4,1.4,11.2,12.4,3.8,3.0,9.0,10.6,3,4,0.6,0.0,0.4,5,0.4,1.0,0.2,0.8,1553.2438549349797,1453.230387011884,100.01346792309572,1531.3077235907997,1423.9142699826048,107.3934536081947
E0,2019-02-02,Cardiff,Bournemouth,H,4,0,7,0,0.4,0.2,0.8,1.6,0.4,3.2,11.8,10.8,2.6,3.6,19.0,12.2,4,3,0.0,1.0,0.0,1,0.8,1.2,0.0,1.6,1477.4270146545095,1459.8334481267668,17.593566527742723,1465.9874622238303,1497.9144934738736,-31.92703125004323
E0,2019-02-02,Brighton,Watford,D,1,8,7,8,0.4,0.3,1.0,2.2,2.0,1.6,11.8,12.4,4.2,2.8,17.0,17.4,4,3,0.4,0.2,0.4,5,0.6,1.4,1.0,0.6,1541.7435483893971,1475.584660740452,66.15888764894498,1490.6609889701897,1481.4556360279355,9.20535294225374
E0,2019-02-03,Man City,Arsenal,H,6,2,12,2,0.9,0.4,1.6,1.4,1.2,2.4,12.6,9.6,4.4,3.2,6.8,12.0,5,5,0.6666666666666666,0.1111111111111111,0.2222222222222222,9,0.4,0.8,0.4,0.8,1603.9237682328846,1484.9699520563106,118.95381617657404,1595.2990072133953,1554.8646144603133,40.434392753081966
E0,2019-02-03,Leicester,Man United,A,7,10,6,10,0.3,0.5,1.2,1.2,2.2,1.2,9.8,12.6,3.4,6.2,12.8,19.2,4,5,0.1111111111111111,0.6666666666666666,0.2222222222222222,9,1.0,0.4,0.8,0.4,1484.9589898922716,1564.8306884695105,-79.8716985772387,1495.2247910391798,1568.144429091702,-72.91963805252226
E0,2019-02-04,West Ham,Liverpool,D,6,12,10,12,0.5,0.7,0.8,1.6,2.2,0.6,9.2,12.0,2.6,6.0,14.8,9.0,6,5,0.1111111111111111,0.7777777777777778,0.1111111111111111,9,0.4,1.2,1.8,0.4,1512.7214752162986,1589.868053261114,-77.14657804481544,1490.6303268957026,1599.0008442050294,-108.37051730932671
E0,2019-02-06,Everton,Man City,A,6,6,4,6,0.5,0.6,1.6,1.4,1.6,1.4,10.4,12.6,3.8,4.4,11.2,6.8,4,3,0.1111111111111111,0.4444444444444444,0.4444444444444444,9,0.8,1.0,0.4,0.8,1506.1448509629422,1586.6742461939057,-80.52939523096347,1494.5434408539072,1597.322894237111,-102.77945338320389
E0,2019-02-09,Liverpool,Bournemouth,H,10,0,13,0,0.8,0.2,1.8,0.6,0.2,3.0,10.6,11.8,4.8,3.8,9.6,11.4,5,7,0.7142857142857143,0.1428571428571428,0.1428571428571428,7,1.2,0.2,0.0,1.4,1608.1336351489444,1448.5751270695134,159.55850807943102,1597.2844459760286,1492.2853329452469,104.9991130307817
E0,2019-02-09,Brighton,Burnley,A,1,5,5,5,0.4,0.2,1.0,2.2,1.0,1.4,11.8,8.8,4.2,3.4,17.0,14.2,7,7,0.0,0.2,0.8,5,0.6,1.4,0.8,1.0,1541.8016022853926,1484.473053068058,57.32854921733451,1490.690015918187,1483.9712577094638,6.718758208723557
E0,2019-02-09,Crystal Palace,West Ham,D,7,6,7,6,0.3,0.4,2.2,2.0,0.8,1.6,10.8,9.2,3.4,2.6,14.6,14.8,7,5,0.1111111111111111,0.4444444444444444,0.4444444444444444,9,1.2,1.8,0.4,1.2,1492.6222455622558,1468.5391785751067,24.083066987149095,1495.8551254778267,1492.3467251247032,3.508400353123534
E0,2019-02-09,Fulham,Man United,A,1,12,7,12,0.3,0.5,0.6,2.4,2.0,0.8,8.6,12.4,2.8,6.4,14.6,19.4,7,6,0.0,1.0,0.0,1,0.4,1.0,0.8,0.4,1498.2086009567336,1569.8904448110736,-71.68184385434006,1468.898705492064,1570.6743072624836,-101.7756017704196
E0,2019-02-09,Huddersfield,Arsenal,A,1,1,0,1,0.1,0.3,0.2,2.0,1.0,2.6,8.8,8.6,2.2,2.8,14.0,13.8,7,6,0.0,1.0,0.0,5,0.2,1.4,0.2,0.8,1394.598152953325,1480.922178008879,-86.32402505555365,1420.4902327829277,1552.8407274365975,-132.35049465367
E0,2019-02-09,Southampton,Cardiff,A,8,4,7,4,0.2,0.1,1.2,0.8,0.8,1.6,9.8,11.8,3.2,2.6,16.8,19.0,7,7,0.0,1.0,0.0,1,0.4,0.8,0.8,1.2,1469.0753524827503,1454.5479097931511,14.527442689599184,1472.371015446472,1471.616622752457,0.7543926940149959
E0,2019-02-09,Watford,Everton,H,8,6,5,6,0.3,0.3,1.6,1.2,1.6,1.4,10.4,10.4,2.2,3.8,19.2,11.2,7,3,0.4285714285714285,0.4285714285714285,0.1428571428571428,7,0.6,0.4,0.8,1.0,1487.326611315419,1482.9420307448722,4.384580570546859,1481.426609079938,1490.5913568502751,-9.164747770337272
E0,2019-02-10,Man City,Chelsea,H,9,9,12,9,0.9,0.5,2.0,1.0,1.0,1.6,12.8,11.2,4.4,3.8,6.0,9.0,4,8,0.4444444444444444,0.3333333333333333,0.2222222222222222,9,0.6,0.6,0.4,1.0,1607.9715422803165,1509.3715922466197,98.5999500336968,1601.2749782407432,1534.7317607904768,66.54321745026641
E0,2019-02-10,Tottenham,Leicester,H,12,7,9,7,0.7,0.4,3.0,1.4,1.2,1.2,12.4,9.8,5.0,3.4,12.2,12.8,8,7,0.6666666666666666,0.2222222222222222,0.1111111111111111,9,1.2,0.8,1.0,0.4,1558.251426345075,1505.4905921860875,52.760834158987336,1573.7775598826329,1492.694912868398,81.08264701423491
E0,2019-02-11,Wolves,Newcastle,D,10,4,9,4,0.5,0.2,1.8,1.4,0.6,1.6,9.8,7.8,3.8,2.6,14.0,14.8,9,9,1.0,0.0,0.0,1,1.2,0.4,0.2,1.2,1494.6511124181543,1485.839458052584,8.811654365570348,1506.0449043377737,1487.7781404398493,18.266763897924193
E0,2019-02-22,Cardiff,Watford,A,7,8,7,8,0.5,0.3,0.8,1.2,1.6,1.2,11.0,10.4,2.6,2.2,18.4,19.2,13,13,0.0,1.0,0.0,1,0.8,1.0,0.6,0.4,1488.685335711763,1475.5266068444566,13.158728867306309,1475.8429044024786,1484.8998323020585,-9.056927899579703
E0,2019-02-22,West Ham,Fulham,H,4,1,8,1,0.5,0.0,0.6,1.8,0.6,2.4,9.2,8.6,2.8,2.8,16.6,14.6,13,13,1.0,0.0,0.0,1,0.4,1.4,0.4,1.0,1516.1542716742997,1439.5888100273946,76.56546164690508,1493.3237393374316,1464.6273472829755,28.696392054456055
E0,2019-02-23,Bournemouth,Wolves,D,0,10,10,10,0.5,0.4,0.2,3.2,1.8,1.4,11.6,9.8,3.6,3.8,13.6,14.0,14,12,0.0,1.0,0.0,1,0.0,1.4,1.2,0.4,1535.9955388209803,1517.4386962573924,18.556842563587907,1490.6887597059588,1505.246559029492,-14.557799323533118
E0,2019-02-23,Burnley,Tottenham,H,8,12,10,12,0.4,0.9,1.6,1.4,3.0,1.4,9.8,12.4,4.4,5.0,14.4,12.2,14,13,0.0,0.6666666666666666,0.3333333333333333,9,1.2,1.0,1.2,0.8,1483.4694623508692,1589.303693420191,-105.83423106932172,1491.3561256956384,1575.8200576671852,-84.4639319715468
E0,2019-02-23,Leicester,Crystal Palace,A,7,7,3,7,0.3,0.2,1.4,1.6,2.2,2.0,11.4,10.8,4.8,3.4,13.6,14.6,13,14,0.1111111111111111,0.7777777777777778,0.1111111111111111,9,1.2,0.8,1.2,1.8,1479.8992335507082,1499.088005393398,-19.188771842689675,1490.652415083846,1494.8781112650986,-4.225696181252715
E0,2019-02-23,Newcastle,Huddersfield,H,2,1,7,1,0.4,0.1,0.6,1.8,0.2,2.0,8.0,8.8,2.2,2.2,16.2,14.0,12,14,0.6,0.4,0.0,5,0.2,1.4,0.2,1.4,1489.7168228271146,1446.3823126125296,43.33451021458495,1488.5764857481306,1418.4380620736113,70.13842367451934
E0,2019-02-24,Arsenal,Southampton,H,4,8,15,8,0.8,0.2,1.0,2.2,1.2,0.8,7.8,9.8,2.8,3.2,14.4,16.8,15,15,0.5555555555555556,0.2222222222222222,0.2222222222222222,9,0.0,0.8,0.4,0.8,1624.759276864316,1475.666678410194,149.09259845412203,1554.8928981459137,1468.1447337964505,86.7481643494632
E0,2019-02-24,Man United,Liverpool,D,15,10,13,10,0.6,0.6,2.4,0.2,1.8,0.6,14.2,10.6,7.4,4.8,15.2,9.6,15,15,0.4444444444444444,0.1111111111111111,0.4444444444444444,9,1.0,0.0,1.2,0.2,1571.4581697138938,1586.435256803113,-14.97708708921914,1574.9456654715725,1598.8810192153169,-23.9353537437446
E0,2019-02-26,Leicester,Brighton,H,7,1,3,1,0.2,0.2,1.4,1.6,1.0,2.2,11.4,11.8,4.8,4.2,13.6,17.0,3,17,0.8,0.0,0.2,5,1.2,0.8,0.6,1.4,1466.4808740000651,1439.5784295509818,26.902444449083305,1483.9432353085244,1483.3051479320125,0.6380873765119759
E0,2019-02-26,Newcastle,Burnley,H,2,8,10,8,0.5,0.2,0.6,1.8,1.6,1.4,8.0,9.8,2.2,4.4,16.2,14.4,3,3,0.1428571428571428,0.2857142857142857,0.5714285714285714,7,0.2,1.4,1.2,1.0,1500.8913049781088,1499.2427890404076,1.6485159377011769,1494.1637268236277,1497.277884876019,-3.1141580523913035
E0,2019-02-26,Cardiff,Everton,A,7,6,4,6,0.5,0.3,0.8,1.2,1.4,1.0,11.0,10.4,2.6,4.2,18.4,10.0,4,17,0.0,1.0,0.0,1,0.8,1.0,0.6,0.8,1471.7382851492257,1475.9955843006314,-4.2572991514059595,1467.36937912121,1487.1181336281547,-19.74875450694481
E0,2019-02-26,Huddersfield,Wolves,H,1,8,0,8,0.1,0.4,0.2,2.2,1.6,1.4,8.2,9.2,2.4,3.0,17.0,13.6,3,3,1.0,0.0,0.0,1,0.2,1.6,1.2,0.4,1390.493811534693,1517.3219918569764,-126.82818032228352,1412.8508209981142,1505.188206829284,-92.33738583116974
E0,2019-02-27,Arsenal,Bournemouth,H,4,0,15,0,0.8,0.2,1.0,2.2,0.2,3.2,7.8,11.6,2.8,3.6,14.4,13.6,3,4,0.5714285714285714,0.2857142857142857,0.1428571428571428,7,0.0,0.8,0.0,1.4,1627.398824393216,1445.3819805909372,182.0168438022788,1556.2126719103635,1490.7471119061668,65.46556000419696
E0,2019-02-27,Chelsea,Tottenham,H,6,12,10,12,0.5,0.8,0.6,2.6,2.8,1.0,11.6,13.6,4.0,5.0,10.8,9.8,17,4,0.4444444444444444,0.5555555555555556,0.0,9,0.4,1.2,1.4,0.6,1560.091929334334,1577.46017505943,-17.368245725095903,1531.358522908542,1569.8982984868046,-38.539775578262606
E0,2019-02-27,Crystal Palace,Man United,A,10,15,5,15,0.3,0.6,2.6,1.6,2.4,0.2,10.6,14.2,3.6,7.4,17.4,15.2,4,3,0.0,0.8888888888888888,0.1111111111111111,9,1.6,1.4,1.0,0.0,1490.668217136799,1578.4331612292508,-87.76494409245174,1501.58729104042,1575.3535523479811,-73.76626130756131
E0,2019-02-27,Liverpool,Watford,H,8,8,13,8,0.8,0.3,1.0,0.6,2.2,1.4,10.0,10.6,4.2,2.6,9.2,18.6,3,5,0.7142857142857143,0.0,0.2857142857142857,7,0.6,0.2,1.2,0.6,1611.3267816275206,1492.473657406994,118.85312422052652,1598.4731323389078,1493.373357583327,105.09977475558073
E0,2019-02-27,Man City,West Ham,H,9,4,12,4,0.9,0.3,2.0,1.0,0.6,1.8,12.8,9.2,4.4,2.8,6.0,16.6,17,5,0.8888888888888888,0.1111111111111111,0.0,9,0.6,0.6,0.4,1.4,1614.7180180441858,1470.4932070005634,144.22481104362237,1604.648216122678,1496.3052712994786,108.34294482319932
E0,2019-02-27,Southampton,Fulham,H,8,1,4,1,0.2,0.0,1.2,1.0,0.6,2.2,9.4,8.2,3.8,3.0,16.6,14.8,3,5,0.0,1.0,0.0,1,0.4,0.6,0.2,1.0,1460.6227891827073,1433.6257461033003,26.99704307940692,1466.8249600320005,1461.6458153209285,5.17914471107224
E0,2019-03-02,Wolves,Cardiff,H,7,7,7,7,0.4,0.2,1.4,1.4,0.8,1.2,7.8,11.0,2.0,2.6,14.4,18.4,4,4,0.0,1.0,0.0,1,1.0,0.4,0.8,1.0,1493.0544218015916,1463.0004730931942,30.053948708397456,1497.312454195369,1459.2982783247253,38.01417587064361
E0,2019-03-02,West Ham,Newcastle,H,1,2,8,2,0.5,0.2,0.2,1.8,0.6,1.8,6.4,8.0,2.0,2.2,18.4,16.2,3,4,0.2857142857142857,0.7142857142857143,0.0,7,0.0,1.4,0.2,1.4,1522.117335598394,1487.4361486691466,34.68118692924736,1495.4744645170656,1500.7145663947724,-5.24010187770682
E0,2019-03-02,Tottenham,Arsenal,D,9,4,9,4,0.7,0.3,2.4,1.4,1.0,2.2,14.0,7.8,4.6,2.8,9.8,14.4,3,3,0.4444444444444444,0.3333333333333333,0.2222222222222222,9,1.2,1.0,0.0,0.8,1562.3364219141793,1485.0265194275114,77.30990248666785,1561.1911009167534,1557.0770138909447,4.114087025808658
E0,2019-03-02,Man United,Southampton,H,15,8,11,8,0.6,0.2,2.0,0.2,1.2,1.0,13.4,9.4,6.4,3.8,16.8,16.6,3,3,0.4444444444444444,0.1111111111111111,0.4444444444444444,9,1.0,0.2,0.4,0.6,1572.273943466712,1473.027130881294,99.24681258541796,1578.2488518080215,1470.4040359374,107.84481587062146
E0,2019-03-02,Burnley,Crystal Palace,A,8,10,10,10,0.4,0.3,1.4,1.2,2.6,1.6,10.8,10.6,4.4,3.6,14.8,17.4,4,3,0.4444444444444444,0.4444444444444444,0.1111111111111111,9,1.0,0.6,1.6,1.4,1495.3129807116302,1512.506364944041,-17.193384232410835,1490.727045304874,1498.69199158038,-7.964946275505781
E0,2019-03-02,Bournemouth,Man City,A,0,9,11,9,0.4,0.6,0.4,3.2,2.0,1.0,11.4,12.8,3.8,4.4,14.8,6.0,3,3,0.0,1.0,0.0,7,0.0,1.6,0.6,0.6,1536.1122432213965,1594.57841420117,-58.46617097977378,1489.8827699255858,1605.479022905091,-115.59625297950517
E0,2019-03-02,Brighton,Huddersfield,H,1,1,5,1,0.4,0.1,1.2,2.4,0.2,2.2,12.0,8.2,4.6,2.4,18.0,17.0,4,4,0.2,0.4,0.4,5,0.8,1.6,0.2,1.6,1527.031866313043,1435.2078304615354,91.82403585150767,1481.1424404454624,1420.7265736320294,60.41586681343301
E0,2019-03-03,Fulham,Chelsea,A,0,6,7,6,0.3,0.5,0.6,2.6,0.6,2.6,10.2,11.6,3.4,4.0,15.8,10.8,4,4,0.0,1.0,0.0,1,0.2,1.0,0.4,1.2,1489.6658845385564,1502.62511648275,-12.959231944193562,1458.066739415529,1540.0657204785934,-81.99898106306455
E0,2019-03-03,Everton,Liverpool,D,6,8,3,8,0.4,0.6,1.0,0.8,1.0,0.6,10.2,10.0,3.8,4.2,9.0,9.2,5,4,0.0,0.3333333333333333,0.6666666666666666,9,0.6,0.8,0.6,0.2,1498.2406829556778,1585.6194830502948,-87.37880009461696,1495.189234424639,1601.0435618287838,-105.8543274041449
E0,2019-03-03,Watford,Leicester,H,7,7,8,7,0.3,0.3,1.6,1.8,1.4,1.6,9.4,11.4,2.6,4.8,17.4,13.6,4,5,0.4285714285714285,0.5714285714285714,0.0,7,1.2,1.2,1.2,0.8,1494.27305775966,1501.4055966169835,-7.132538857323652,1490.8029280934509,1486.1059427950745,4.696985298376376
E0,2019-03-09,Southampton,Tottenham,H,5,9,7,9,0.3,0.7,1.0,1.4,2.4,1.4,8.0,14.0,3.2,4.6,16.6,9.8,7,7,0.0,0.6666666666666666,0.3333333333333333,9,0.4,1.0,1.2,1.0,1467.7809409935062,1560.0457799193273,-92.2648389258211,1469.1514570204015,1558.0605218967644,-88.90906487636266
E0,2019-03-09,Cardiff,West Ham,H,6,1,4,1,0.4,0.3,0.8,1.6,0.2,1.8,11.6,6.4,2.6,2.0,14.8,18.4,7,7,0.0,1.0,0.0,1,0.8,1.0,0.0,1.4,1455.5960835562566,1468.8315934357372,-13.23550987948056,1454.905715557552,1500.712893511939,-45.80717795438704
E0,2019-03-09,Crystal Palace,Brighton,A,10,1,4,1,0.3,0.2,2.6,1.4,1.2,2.4,11.6,12.0,3.8,4.6,17.2,18.0,7,7,0.4,0.2,0.4,5,1.8,1.4,0.8,1.6,1484.8776182167187,1435.2530145778817,49.624603638837016,1504.452466474144,1482.5018286304207,21.950637843723143
E0,2019-03-09,Huddersfield,Bournemouth,A,1,0,3,0,0.2,0.1,0.0,1.8,0.4,3.2,7.4,11.4,2.8,3.8,16.4,14.8,7,7,0.4,0.6,0.0,5,0.0,1.4,0.0,1.6,1406.2453168025231,1443.6532966297752,-37.40797982725189,1419.3671854470713,1487.2141714734462,-67.8469860263749
E0,2019-03-09,Leicester,Fulham,H,4,0,3,0,0.3,0.0,1.4,2.0,0.6,2.6,12.6,10.2,4.6,3.4,11.4,15.8,6,6,0.0,0.0,1.0,1,1.2,1.0,0.2,1.0,1470.8062889731652,1426.4675942925014,44.33869468066382,1481.5027998380056,1454.9867242555683,26.516075582437225
E0,2019-03-09,Man City,Watford,H,12,7,15,7,0.9,0.3,2.0,0.6,1.6,1.8,15.2,9.4,5.0,2.6,4.0,17.4,7,6,1.0,0.0,0.0,7,0.8,0.4,1.2,1.2,1616.379631609012,1487.332798427242,129.04683318177013,1608.1476213572307,1495.4060710505196,112.74155030671112
E0,2019-03-09,Newcastle,Everton,H,2,6,12,6,0.6,0.3,0.6,1.4,1.0,0.8,10.2,10.2,2.2,3.8,15.0,9.0,7,6,0.1428571428571428,0.7142857142857143,0.1428571428571428,7,0.2,0.8,0.6,0.8,1513.9929841203982,1492.1377858936005,21.85519822679794,1495.476137399899,1496.7426967428723,-1.2665593429733235
E0,2019-03-10,Liverpool,Burnley,H,6,8,13,8,0.9,0.2,0.6,0.6,1.4,1.2,9.0,10.8,3.6,4.4,8.4,14.8,7,8,0.6666666666666666,0.1111111111111111,0.2222222222222222,9,0.4,0.2,1.0,0.6,1616.4676406072729,1486.1411098981182,130.32653070915467,1599.4900995105506,1484.9665704111103,114.52352909944034
E0,2019-03-10,Arsenal,Man United,H,4,15,15,15,0.8,0.7,1.0,2.2,2.0,0.2,8.2,13.4,2.8,6.4,14.0,16.8,8,8,0.1111111111111111,0.5555555555555556,0.3333333333333333,9,0.0,1.0,1.0,0.2,1629.127508354378,1584.2237601493312,44.903748205046895,1560.2075929109335,1579.50143072502,-19.293837814086142
E0,2019-03-10,Chelsea,Wolves,D,6,7,10,7,0.6,0.3,0.6,2.6,1.4,1.4,13.6,7.8,4.6,2.0,11.2,14.4,7,8,0.0,1.0,0.0,1,0.2,1.2,1.0,0.4,1577.5063244744367,1501.570486589146,75.93583788529077,1543.145735638554,1501.7050169625422,41.440718676011784
E0,2019-03-16,Bournemouth,Newcastle,D,3,2,8,2,0.4,0.2,0.6,2.4,0.6,1.4,11.6,10.2,4.2,2.2,14.2,15.0,7,7,0.4,0.2,0.4,5,0.2,1.4,0.2,0.8,1530.775046317117,1476.9592906793996,53.8157556377173,1492.8280915421826,1499.738269194558,-6.910177652375523
E0,2019-03-16,Burnley,Leicester,A,5,4,10,4,0.4,0.3,1.4,1.8,1.4,2.0,8.2,12.6,3.2,4.6,17.6,11.4,6,7,0.3333333333333333,0.4444444444444444,0.2222222222222222,9,1.0,1.0,1.2,1.0,1483.7920309241022,1492.199310702846,-8.407279778743714,1482.9998145114237,1484.8379421182867,-1.838127606863054
E0,2019-03-16,West Ham,Huddersfield,H,1,1,11,1,0.6,0.1,0.2,1.8,0.0,1.8,6.0,7.4,1.6,2.8,18.2,16.4,7,7,0.8,0.0,0.2,5,0.0,1.6,0.0,1.4,1532.594193588141,1432.489054091619,100.10513949652204,1495.8538420848718,1413.7532653783346,82.10057670653714
E0,2019-03-17,Fulham,Liverpool,A,0,6,6,6,0.3,0.5,0.6,2.4,0.6,0.6,9.6,9.0,3.2,3.6,16.2,8.4,8,7,0.0,1.0,0.0,1,0.2,0.8,0.4,0.2,1483.5058542186352,1582.5125584138284,-99.00670419519317,1451.6515819752872,1601.456855410237,-149.80527343494987
E0,2019-03-17,Everton,Chelsea,H,6,6,4,6,0.3,0.5,1.4,1.2,0.6,2.6,9.0,13.6,3.6,4.6,10.6,11.2,8,7,0.0,0.6666666666666666,0.3333333333333333,9,0.6,1.2,0.2,1.2,1501.3476075921442,1508.785146802671,-7.437539210526893,1492.480564948213,1541.5969519471112,-49.11638699889818
E0,2019-03-30,Leicester,Bournemouth,H,4,3,6,3,0.4,0.1,1.6,2.2,0.6,2.4,12.8,11.6,4.6,4.2,10.6,14.2,14,14,0.0,0.2857142857142857,0.7142857142857143,7,1.2,1.0,0.2,1.4,1477.4765735337276,1454.8811367672483,22.595436766479224,1488.2996796569005,1490.975315956644,-2.6756362997434735
E0,2019-03-30,Fulham,Man City,A,0,12,3,12,0.3,0.7,0.6,2.4,2.0,0.6,9.6,15.2,3.2,5.0,16.2,4.0,13,21,0.0,1.0,0.0,1,0.2,0.8,0.8,0.4,1479.922462613266,1599.9156111054494,-119.99314849218332,1449.8598861726027,1609.4156956633292,-159.55580949072646
E0,2019-03-30,Crystal Palace,Huddersfield,H,10,1,4,1,0.3,0.1,2.6,1.4,0.6,2.4,11.6,8.6,3.8,2.8,17.2,16.8,21,14,0.6,0.4,0.0,5,1.8,1.4,0.2,1.8,1473.372035995338,1429.14910239638,44.22293359895821,1498.6996753634537,1412.083289530715,86.61638583273839
E0,2019-03-30,Burnley,Wolves,H,5,5,7,5,0.4,0.3,1.4,1.8,1.0,1.4,8.2,6.0,3.2,1.4,17.6,16.8,14,20,0.0,1.0,0.0,1,1.0,1.0,0.6,0.6,1476.8685558468746,1504.6680539720314,-27.799498125156788,1479.53807697281,1503.2538006539849,-23.71572368117495
E0,2019-03-30,Brighton,Southampton,A,4,5,7,5,0.4,0.2,1.6,2.2,1.0,1.4,10.8,8.0,4.2,3.2,18.2,16.6,21,21,0.0,0.0,1.0,5,1.0,1.6,0.4,1.0,1529.7506426829596,1470.5219730472977,59.22866963566207,1488.254619741111,1475.503968687477,12.750651053633874
E0,2019-03-30,Man United,Watford,H,12,4,11,4,0.6,0.3,1.6,0.6,1.4,2.2,13.0,6.6,5.8,2.4,16.8,18.2,20,21,0.8571428571428571,0.1428571428571428,0.0,7,0.6,0.4,1.0,1.8,1574.7791013007084,1484.7966498150452,89.9824514856632,1574.57374514123,1494.1379967444211,80.43574839680878
E0,2019-03-30,West Ham,Everton,A,1,6,13,6,0.6,0.3,0.2,1.8,1.4,1.2,6.0,9.0,1.6,3.6,18.2,10.6,14,13,0.3333333333333333,0.5555555555555556,0.1111111111111111,9,0.0,1.6,0.6,1.2,1535.93414528338,1483.6135223042818,52.32062297909829,1497.5238179324915,1498.6719714156595,-1.1481534831680165
E0,2019-03-31,Cardiff,Chelsea,A,6,3,7,3,0.5,0.4,0.8,1.6,0.4,3.0,11.6,14.4,2.6,4.8,14.8,13.4,22,14,0.0,1.0,0.0,1,0.8,1.0,0.0,1.6,1465.3141864103911,1496.402333867778,-31.088147457386867,1459.7647669846192,1535.4055454796646,-75.64077849504542
E0,2019-03-31,Liverpool,Tottenham,H,9,6,13,6,0.9,0.6,0.8,0.4,1.4,1.4,10.8,13.8,3.8,4.0,8.0,10.2,14,22,0.4444444444444444,0.2222222222222222,0.3333333333333333,9,0.4,0.2,0.6,1.2,1620.401152406646,1547.3407565851771,73.06039582146877,1603.2485512129217,1551.7080102296893,51.5405409832324
E0,2019-04-01,Arsenal,Newcastle,H,4,2,15,2,0.9,0.2,1.0,2.2,0.8,1.6,8.2,11.0,2.8,2.6,14.0,14.6,22,16,0.7142857142857143,0.2857142857142857,0.0,7,0.0,1.0,0.4,1.0,1638.982879521957,1480.664841850477,158.31803767148017,1565.135278494723,1501.5910447800968,63.544233714626216
E0,2019-04-02,Watford,Fulham,H,4,0,8,0,0.4,0.0,1.4,2.2,0.6,2.4,8.8,9.6,3.8,3.2,16.4,16.2,3,3,0.0,0.0,1.0,1,1.2,1.6,0.2,0.8,1503.4793436737975,1419.797309731939,83.68203394185844,1493.743510524992,1447.8729976421073,45.87051288288467
E0,2019-04-02,Wolves,Man United,H,5,12,10,12,0.5,0.6,1.0,1.2,1.6,0.6,7.0,13.0,1.6,5.8,13.0,16.8,3,3,0.0,0.0,1.0,1,0.6,0.6,0.6,0.4,1501.8395473359385,1574.368388981752,-72.52884164581383,1497.4785544832328,1574.9682313606595,-77.48967687742675
E0,2019-04-03,Chelsea,Brighton,H,6,4,11,4,0.6,0.2,0.8,2.8,1.6,2.2,16.0,10.8,5.2,4.2,12.4,18.2,3,4,1.0,0.0,0.0,5,0.4,1.8,1.0,1.6,1574.4087570915513,1446.7585967992622,127.650160292289,1538.7192189167206,1482.4837909559174,56.23542796080323
E0,2019-04-03,Man City,Cardiff,H,12,6,15,6,0.9,0.2,1.8,0.4,0.8,1.6,17.2,11.6,5.2,2.6,4.0,14.8,4,3,1.0,0.0,0.0,1,0.8,0.4,0.8,1.0,1618.9157802212087,1454.2153475588475,164.7004326623612,1611.4025841938244,1456.4510935475632,154.95149064626116
E0,2019-04-03,Tottenham,Crystal Palace,H,3,10,10,10,0.7,0.4,1.0,1.8,2.6,1.4,13.4,11.6,3.6,3.8,11.8,17.2,3,4,0.7777777777777778,0.1111111111111111,0.1111111111111111,9,0.8,1.4,1.8,1.4,1556.0752638742017,1524.027314731569,32.04794914263243,1549.6621596201394,1501.197974768414,48.46418485172535
E0,2019-04-05,Southampton,Liverpool,A,7,9,10,9,0.4,0.6,1.2,1.4,0.8,0.4,8.4,10.8,3.2,3.8,16.0,8.0,6,5,0.0,0.7777777777777778,0.2222222222222222,9,0.6,1.0,0.4,0.2,1480.4859643276563,1586.0959500191975,-105.60998569154116,1481.2747974726706,1605.2944018224716,-124.01960434980106
E0,2019-04-06,Newcastle,Crystal Palace,A,2,7,15,7,0.6,0.4,0.6,1.6,2.2,1.8,9.8,9.2,2.4,3.2,14.0,20.6,5,3,0.2857142857142857,0.0,0.7142857142857143,7,0.4,1.0,1.4,1.8,1522.517247709717,1513.1812236472356,9.3360240624811,1499.516352979923,1495.7749292262474,3.74142375367569
E0,2019-04-06,Bournemouth,Burnley,A,3,5,8,5,0.4,0.2,0.6,2.4,1.4,1.8,10.0,8.2,3.2,3.2,14.8,17.6,7,7,0.4285714285714285,0.5714285714285714,0.0,7,0.2,1.2,1.0,1.0,1527.0694951460396,1482.2075980987452,44.861897047294406,1486.7504766616923,1485.313323143562,1.4371535181303443
E0,2019-04-06,Huddersfield,Leicester,A,0,4,3,4,0.1,0.3,0.6,2.8,1.6,2.2,8.8,12.8,3.4,4.6,20.0,10.6,7,7,0.0,0.6,0.4,5,0.2,2.2,1.2,1.0,1395.0174766650505,1499.1227857800734,-104.10530911502316,1409.5849901257543,1492.524518951852,-82.93952882609756
E0,2019-04-07,Everton,Arsenal,H,9,4,7,4,0.3,0.2,1.6,0.8,1.0,2.2,11.0,8.2,5.0,2.8,9.0,14.0,8,6,0.1111111111111111,0.7777777777777778,0.1111111111111111,9,0.4,0.8,0.0,1.0,1513.7304205270373,1491.2876774674892,22.442743059548093,1505.990013649583,1567.2099702948967,-61.21995664531369
E0,2019-04-08,Chelsea,West Ham,H,6,1,13,1,0.6,0.3,0.8,2.8,0.2,1.8,16.0,6.0,5.2,1.6,12.4,18.2,5,9,0.4444444444444444,0.2222222222222222,0.3333333333333333,9,0.4,1.8,0.0,1.6,1578.2122419087923,1459.1134905816027,119.09875132718958,1540.620961325341,1490.205775698568,50.41518562677311
E0,2019-04-12,Leicester,Newcastle,A,7,2,9,2,0.5,0.1,1.8,1.6,0.6,1.6,13.2,9.8,5.2,2.4,10.2,14.0,6,6,0.5714285714285714,0.4285714285714285,0.0,7,1.2,0.8,0.4,1.0,1485.9262521236308,1476.5154582501295,9.410793873501234,1494.7597885029095,1495.7666598774645,-1.0068713745549758
E0,2019-04-13,Tottenham,Huddersfield,H,3,0,13,0,0.7,0.0,1.0,1.8,0.6,2.8,13.4,8.8,3.6,3.4,11.8,20.0,10,7,1.0,0.0,0.0,5,0.8,1.4,0.2,2.2,1566.921354958535,1424.1525035864588,142.76885137207614,1555.0852051623062,1407.3497205746971,147.7354845876091
E0,2019-04-13,Southampton,Wolves,H,7,5,7,5,0.4,0.3,1.2,1.4,1.0,1.2,8.4,7.0,3.2,1.6,16.0,13.0,8,11,0.0,1.0,0.0,1,0.6,1.0,0.6,0.6,1474.771951639162,1493.1175616305272,-18.345609991365336,1478.4177911284232,1502.6106494594046,-24.19285833098138
E0,2019-04-13,Man United,West Ham,H,9,1,11,1,0.6,0.3,1.6,1.0,0.2,1.8,14.0,6.0,5.0,1.8,14.4,19.4,11,5,0.4444444444444444,0.1111111111111111,0.4444444444444444,9,0.6,0.6,0.0,1.4,1575.568073739567,1456.7461865295052,118.82188721006172,1569.836136384488,1489.0221236725192,80.81401271196864
E0,2019-04-13,Fulham,Everton,H,0,9,3,9,0.2,0.4,0.6,2.8,1.6,0.8,10.6,11.0,3.8,5.0,17.0,9.0,11,6,0.0,1.0,0.0,1,0.2,1.4,0.4,0.8,1475.9486855522755,1498.2496067721286,-22.30092121985308,1445.1448129699038,1508.5181222445387,-63.37330927463495
E0,2019-04-13,Burnley,Cardiff,H,7,3,7,3,0.5,0.2,2.0,2.0,0.6,2.0,8.2,10.0,3.2,2.2,17.8,17.0,7,10,1.0,0.0,0.0,1,1.2,1.0,0.6,1.0,1488.4190481883788,1452.185713743606,36.23333444477271,1493.580240965907,1455.436276639943,38.14396432596436
E0,2019-04-13,Brighton,Bournemouth,A,3,3,4,3,0.3,0.1,1.2,2.4,0.6,2.4,8.8,10.0,3.2,3.2,19.0,14.8,10,7,0.0,0.6,0.4,5,0.6,1.6,0.2,1.2,1518.2089851125722,1446.4314581773451,71.77752693522712,1480.5820485472968,1478.483558839347,2.0984897079495113
E0,2019-04-14,Liverpool,Chelsea,H,9,6,13,6,0.9,0.5,1.2,0.6,0.8,2.8,12.2,16.0,4.2,5.2,8.8,12.4,9,6,0.1111111111111111,0.3333333333333333,0.5555555555555556,9,0.6,0.2,0.4,1.8,1624.4928536257455,1503.02968074189,121.46317288385558,1608.1514081667187,1541.80461335139,66.34679481532885
E0,2019-04-14,Crystal Palace,Man City,A,10,12,7,12,0.4,0.7,1.8,1.0,1.8,0.4,8.0,17.2,2.8,5.2,20.4,4.0,8,11,0.2222222222222222,0.5555555555555556,0.2222222222222222,9,1.2,1.0,0.8,0.4,1478.3686348052593,1603.88938816644,-125.52075336118082,1499.524622328706,1612.4174011014452,-112.89277877273912
E0,2019-04-15,Watford,Arsenal,A,4,4,11,4,0.5,0.2,1.4,2.2,0.8,1.4,8.8,8.0,3.8,2.8,16.4,15.6,13,8,0.4285714285714285,0.5714285714285714,0.0,7,1.2,1.6,0.0,0.8,1508.9357130182048,1486.2314602775775,22.704252740627226,1496.4716951971957,1564.681861699941,-68.21016650274532
E0,2019-04-16,Brighton,Cardiff,A,3,3,4,3,0.3,0.2,1.2,2.4,0.6,1.8,8.8,11.0,3.2,2.4,19.0,16.6,3,3,0.0,1.0,0.0,1,0.6,1.6,0.6,0.8,1493.927184683312,1442.4061976179364,51.52098706537549,1468.441148332667,1450.5465185771077,17.89462975555898
E0,2019-04-20,Huddersfield,Watford,A,0,4,3,4,0.1,0.3,0.6,2.6,1.4,2.2,9.2,8.8,3.2,3.8,19.8,16.4,7,5,0.8,0.2,0.0,5,0.2,2.0,1.2,1.6,1390.5469375629357,1484.0076773761866,-93.46073981325117,1405.743241102272,1491.4785776247695,-85.73533652249785
E0,2019-04-20,Man City,Tottenham,H,12,3,15,3,0.9,0.5,1.8,0.6,1.0,1.8,18.8,13.4,5.6,3.6,4.4,11.8,6,7,0.7777777777777778,0.1111111111111111,0.1111111111111111,9,0.8,0.6,0.8,1.4,1620.94541403645,1543.2490553660775,77.69635867037255,1613.0896307505736,1556.6916846347317,56.39794611584193
E0,2019-04-20,Newcastle,Southampton,H,5,7,12,7,0.5,0.3,0.8,1.4,1.2,1.4,10.4,8.4,3.0,3.2,12.2,16.0,8,7,0.2857142857142857,0.2857142857142857,0.4285714285714285,7,0.4,0.8,0.6,1.0,1515.0178615047994,1482.0636306176848,32.95423088711459,1501.0468430414307,1485.0460168999798,16.000826141450943
E0,2019-04-20,West Ham,Leicester,D,1,7,10,7,0.6,0.4,0.4,1.6,1.8,1.6,8.8,13.2,2.6,5.2,18.2,10.2,7,8,0.3333333333333333,0.3333333333333333,0.3333333333333333,9,0.2,1.0,1.2,0.8,1521.2980608155333,1503.5933248821882,17.70473593334509,1488.9330447917982,1489.4796053389432,-0.5465605471449635
E0,2019-04-20,Wolves,Brighton,D,2,3,13,3,0.6,0.2,0.6,1.6,1.2,2.4,8.8,8.8,1.2,3.2,13.0,19.0,7,4,0.0,1.0,0.0,1,0.4,0.8,0.6,1.6,1512.1037372882818,1442.9551119820212,69.14862530626056,1495.982423687848,1460.899214905673,35.08320878217501
E0,2019-04-20,Bournemouth,Fulham,A,6,0,5,0,0.4,0.0,1.6,2.0,0.6,2.8,11.0,10.6,4.2,3.8,14.0,17.0,7,7,1.0,0.0,0.0,1,1.0,1.0,0.2,1.4,1510.5356595013495,1414.340940387532,96.19471911381764,1490.6244590539775,1454.298437671789,36.3260213821884
E0,2019-04-21,Everton,Man United,H,6,9,7,9,0.3,0.6,1.4,1.2,1.6,1.0,10.6,14.0,4.2,5.0,9.4,14.4,8,8,0.1111111111111111,0.6666666666666666,0.2222222222222222,9,0.4,1.2,0.6,0.6,1518.786637716949,1564.1041990294086,-45.3175613124597,1499.3644975426532,1569.9252152652089,-70.56071772255564
E0,2019-04-21,Arsenal,Crystal Palace,A,7,10,15,10,1.0,0.5,1.0,1.2,1.8,1.0,9.6,8.0,3.6,2.8,15.6,20.4,6,7,0.7777777777777778,0.1111111111111111,0.1111111111111111,9,0.0,0.6,1.2,1.0,1643.1322631223045,1520.6806098521529,122.4516532701516,1569.674979272367,1498.8523926795774,70.82258659278955
E0,2019-04-21,Cardiff,Liverpool,A,6,9,6,9,0.4,0.6,0.8,1.4,1.2,0.6,9.2,12.2,2.6,4.2,16.4,8.8,5,7,0.0,1.0,0.0,1,0.6,0.4,0.6,0.2,1458.6868395362792,1591.809962707692,-133.12312317141277,1458.088452004101,1610.2741003838378,-152.18564837973645
E0,2019-04-22,Chelsea,Burnley,D,6,7,13,7,0.7,0.3,0.8,2.4,2.0,2.0,15.0,8.2,4.4,3.2,13.0,17.8,8,9,0.5555555555555556,0.2222222222222222,0.2222222222222222,9,0.4,1.4,1.2,1.0,1580.5795459608898,1498.7414337434352,81.83811221745464,1539.6819211342709,1498.4699990287418,41.21192210552909
E0,2019-04-23,Tottenham,Brighton,H,0,4,13,4,0.7,0.2,0.6,1.8,1.0,2.0,12.6,8.4,3.4,2.6,12.4,19.4,3,3,0.6,0.0,0.4,5,0.4,1.4,0.4,1.6,1570.1343139033856,1444.7909179574276,125.34339594595804,1556.167899879548,1461.8171178933762,94.3507819861718
E0,2019-04-23,Watford,Southampton,D,6,4,10,4,0.4,0.3,1.8,2.4,1.0,1.8,10.0,9.8,5.0,3.2,14.8,14.4,3,3,0.2857142857142857,0.1428571428571428,0.5714285714285714,7,1.4,1.8,0.8,1.0,1498.9494778733529,1473.7880365833028,25.161441290050107,1493.5689832112714,1480.908219882789,12.660763328482744
E0,2019-04-24,Man United,Man City,A,6,12,11,12,0.7,0.7,1.4,1.8,1.8,0.6,13.4,18.8,4.0,5.6,14.0,4.4,3,4,0.3333333333333333,0.5555555555555556,0.1111111111111111,9,0.6,1.0,0.8,0.6,1575.7462315010089,1605.2338474646974,-29.48761596368854,1559.8222936441862,1613.6134155057573,-53.79112186157113
E0,2019-04-24,Wolves,Arsenal,H,2,7,11,7,0.6,0.2,0.6,1.6,1.0,1.2,8.8,9.6,1.2,3.6,13.0,15.6,4,3,0.0,0.0,1.0,1,0.4,0.8,0.0,0.6,1510.2679313128754,1496.2176954224294,14.050235890445949,1495.0645207001448,1562.8050194678362,-67.7404987676914
E0,2019-04-26,Liverpool,Huddersfield,H,11,0,15,0,0.9,0.0,1.4,0.4,0.6,2.6,13.4,9.2,4.2,3.2,7.6,19.8,5,6,1.0,0.0,0.0,5,1.0,0.2,0.2,2.0,1628.7382380599838,1420.939544641608,207.7986934183757,1612.1373909190938,1403.6528355157702,208.4845554033236
E0,2019-04-27,Brighton,Newcastle,D,4,5,3,5,0.2,0.2,0.6,1.4,0.8,1.4,6.6,10.4,1.6,3.0,20.4,12.2,4,7,0.6,0.0,0.4,5,0.4,1.0,0.4,0.8,1478.8433178293249,1487.0758245780623,-8.232506748737478,1460.4324899631072,1505.184640058622,-44.75215009551471
E0,2019-04-27,Crystal Palace,Everton,D,12,6,4,6,0.3,0.4,2.2,1.2,1.4,1.2,8.2,10.6,3.6,4.2,20.2,9.4,6,6,0.1111111111111111,0.5555555555555556,0.3333333333333333,9,1.6,1.2,0.4,1.2,1477.024175507002,1479.9423573683575,-2.918181861355606,1505.722352484108,1509.467419163676,-3.7450666795680263
E0,2019-04-27,Fulham,Cardiff,H,3,6,3,6,0.3,0.3,0.8,2.4,0.8,1.4,12.4,9.2,4.8,2.6,16.6,16.4,7,6,0.0,1.0,0.0,1,0.4,1.2,0.6,0.4,1494.2559349560463,1457.4900644719237,36.76587048412307,1460.8550340460138,1456.2251614688455,4.629872577168271
E0,2019-04-27,Southampton,Bournemouth,D,4,6,9,6,0.5,0.2,1.0,1.8,1.6,2.0,9.4,11.0,3.2,4.2,14.4,14.0,4,7,0.4285714285714285,0.0,0.5714285714285714,7,0.6,1.0,1.0,1.0,1488.0284031822748,1470.7132586066057,17.315144575669365,1481.910829867419,1484.0678626797528,-2.157032812334137
E0,2019-04-27,Tottenham,West Ham,A,0,1,13,1,0.7,0.2,0.6,1.8,0.4,1.6,12.6,8.8,3.4,2.6,12.4,18.2,4,7,0.5555555555555556,0.1111111111111111,0.3333333333333333,9,0.4,1.4,0.2,1.0,1572.9035697639238,1456.5680287680632,116.33554099586058,1557.552527809817,1489.436978579727,68.11554923008998
E0,2019-04-27,Watford,Wolves,A,6,2,10,2,0.4,0.3,1.8,2.4,0.6,1.6,10.0,8.8,5.0,1.2,14.8,13.0,4,3,1.0,0.0,0.0,1,1.4,1.8,0.4,0.8,1496.944257904093,1479.8611100874143,17.083147816678775,1492.5663732266416,1500.921452054486,-8.355078827844409
E0,2019-04-28,Burnley,Man City,A,7,15,9,15,0.6,0.7,2.0,2.0,2.0,0.2,8.2,18.0,3.0,5.8,16.6,5.6,6,4,0.1111111111111111,0.5555555555555556,0.3333333333333333,9,0.8,0.6,1.2,0.2,1498.1985643140486,1613.0942675808017,-114.89570326675312,1500.5621199963705,1617.5436255638094,-116.98150556743916
E0,2019-04-28,Leicester,Arsenal,H,7,7,9,7,0.4,0.2,2.0,1.8,1.0,1.2,14.4,11.0,5.8,3.4,10.4,14.0,8,4,0.2222222222222222,0.5555555555555556,0.2222222222222222,9,1.6,1.0,0.2,0.4,1475.365885795698,1484.5038327137468,-9.137946918048783,1488.9756715510143,1556.948088113495,-67.9724165624807
E0,2019-04-28,Man United,Chelsea,D,6,6,10,6,0.7,0.5,1.4,1.8,0.8,2.4,13.4,15.0,4.0,4.4,14.0,13.0,4,6,0.3333333333333333,0.4444444444444444,0.2222222222222222,9,0.6,1.0,0.4,1.4,1567.8858113849046,1498.7842963076516,69.101515077253,1555.892083586134,1537.5898001666424,18.302283419491687
E0,2019-05-03,Everton,Burnley,H,7,7,10,7,0.4,0.3,1.4,1.0,2.0,2.0,13.2,8.2,4.0,3.0,9.6,16.6,6,5,0.4444444444444444,0.5555555555555556,0.0,9,0.4,1.0,0.8,0.6,1538.9924809589943,1502.925675678692,36.06680528030233,1510.234129312426,1499.1749687485624,11.05916056386377
E0,2019-05-04,West Ham,Southampton,H,3,4,10,4,0.5,0.3,0.4,1.4,1.0,1.8,10.8,9.4,3.2,3.2,16.0,14.4,7,7,0.4444444444444444,0.4444444444444444,0.1111111111111111,9,0.4,0.8,0.6,1.0,1522.305928391391,1475.7932565525623,46.51267183882851,1496.6464474923823,1481.7119088861955,14.93453860618706
E0,2019-05-04,Wolves,Fulham,H,4,3,11,3,0.6,0.1,0.8,1.6,0.8,2.4,9.0,12.4,1.6,4.8,13.0,16.6,7,7,0.0,0.0,1.0,1,0.4,1.0,0.4,1.2,1521.981794021558,1427.4541331359812,94.52766088557678,1506.3536063690672,1462.6877926290042,43.66581374006296
E0,2019-05-04,Cardiff,Crystal Palace,A,3,12,3,12,0.3,0.6,0.4,1.4,2.2,1.2,10.6,8.2,3.6,3.6,15.2,20.2,7,7,0.0,0.0,1.0,1,0.2,0.4,1.6,1.2,1454.9602584657675,1534.420529461214,-79.46027099544654,1454.392402885855,1504.955642335358,-50.56323944950282
E0,2019-05-04,Newcastle,Liverpool,A,5,11,12,11,0.6,0.6,0.8,1.4,1.4,0.4,10.4,13.4,2.6,4.2,9.6,7.6,7,8,0.1428571428571428,0.5714285714285714,0.2857142857142857,7,0.2,0.8,1.0,0.2,1523.2934555391814,1595.5365437782036,-72.2430882390222,1503.8055622624738,1612.614571935053,-108.80900967257912
E0,2019-05-04,Bournemouth,Tottenham,H,7,0,2,0,0.3,0.4,2.2,2.0,0.6,1.8,10.4,12.6,4.8,3.4,14.4,12.4,7,7,0.0,0.8571428571428571,0.1428571428571428,7,1.2,1.2,0.4,1.4,1497.4224667529002,1542.2014858557104,-44.77901910281025,1484.2667836609762,1550.3430588971617,-66.07627523618544
E0,2019-05-05,Arsenal,Brighton,D,4,4,12,4,0.9,0.1,0.6,1.6,0.6,1.4,10.4,6.6,2.8,1.6,15.8,20.4,7,8,0.4,0.4,0.2,5,0.2,0.8,0.4,1.0,1629.3923435132433,1442.0216620968897,187.37068141635385,1549.9419890401389,1461.8115677592557,88.13042128088318
E0,2019-05-05,Chelsea,Watford,H,7,6,11,6,0.6,0.4,1.0,1.4,1.8,2.4,15.8,10.0,4.2,5.0,11.4,14.8,7,8,0.7142857142857143,0.2857142857142857,0.0,7,0.4,1.0,1.4,1.8,1576.395304025633,1488.18848854919,88.20681547644313,1538.862698884226,1487.1342189120603,51.72847997216559
E0,2019-05-05,Huddersfield,Man United,D,0,6,3,6,0.1,0.6,0.6,3.2,1.4,1.8,9.6,13.4,3.2,4.0,18.2,14.0,9,7,0.4,0.6,0.0,5,0.2,2.0,0.6,1.0,1386.366126389932,1543.8983557873632,-157.53222939743114,1403.175654499811,1554.6191848685503,-151.4435303687394
E0,2019-05-06,Man City,Leicester,H,15,7,15,7,0.9,0.4,1.8,0.2,2.0,1.8,20.0,14.4,6.4,5.8,5.2,10.4,8,8,0.7777777777777778,0.2222222222222222,0.0,9,1.2,0.2,1.6,1.0,1621.9929835468172,1502.5854573063305,119.40752624048672,1618.9307768116173,1495.9817706243707,122.9490061872466
E0,2019-05-12,Man United,Cardiff,A,4,3,10,3,0.6,0.3,1.0,2.0,0.4,1.4,15.0,10.6,4.0,3.6,12.4,15.2,7,8,1.0,0.0,0.0,1,0.4,1.2,0.2,0.4,1565.340013949737,1453.8245473059428,111.51546664379453,1551.6924184970262,1452.011456154761,99.68096234226527
E0,2019-05-12,Tottenham,Everton,D,0,7,10,7,0.6,0.4,0.4,1.6,1.4,1.0,11.4,13.2,3.2,4.0,14.4,9.6,8,9,0.8888888888888888,0.0,0.1111111111111111,9,0.2,1.2,0.4,1.0,1558.484631938613,1481.475777665858,77.00885427275489,1546.0050319657414,1514.0541490783512,31.950882887390208
E0,2019-05-12,Southampton,Huddersfield,D,4,0,10,0,0.4,0.0,1.0,2.0,0.6,3.2,9.6,9.6,2.6,3.2,15.4,18.2,8,7,0.2,0.0,0.8,5,0.6,1.4,0.2,2.0,1487.6305612198282,1419.9851826096897,67.64537861013855,1475.753109474119,1406.1024208713347,69.65068860278416
E0,2019-05-12,Liverpool,Wolves,H,13,4,15,4,0.9,0.3,2.0,0.8,0.8,1.6,14.2,9.0,4.8,1.6,9.2,13.0,8,8,1.0,0.0,0.0,1,1.2,0.4,0.4,1.0,1629.6926000919022,1490.7254187165763,138.9671813753257,1614.0568726209567,1508.4265637020926,105.6303089188641
E0,2019-05-12,Leicester,Chelsea,D,7,7,12,7,0.5,0.4,1.8,1.4,1.0,1.4,11.8,15.8,4.4,4.2,11.8,11.4,6,7,0.1111111111111111,0.6666666666666666,0.2222222222222222,9,1.4,0.8,0.4,1.0,1489.3780839424107,1501.330093742819,-11.952009800408176,1495.257251600597,1541.6324116346825,-46.37516003408541
E0,2019-05-12,Fulham,Newcastle,A,3,5,6,5,0.4,0.1,0.6,2.0,0.8,1.4,12.0,10.4,4.2,2.6,16.2,9.6,8,8,0.0,0.0,1.0,1,0.4,1.2,0.2,0.8,1497.9214521220272,1484.317668985766,13.6037831362612,1460.6148352959788,1502.36326157657,-41.748426280591275
E0,2019-05-12,Crystal Palace,Bournemouth,H,12,7,4,7,0.2,0.2,2.0,1.4,2.2,2.0,11.0,10.4,4.0,4.8,18.4,14.4,8,8,0.1428571428571428,0.1428571428571428,0.7142857142857143,7,1.2,1.2,1.2,1.2,1475.4907552095017,1471.111100569052,4.3796546404494165,1507.336589066452,1488.6048105923965,18.731778474055545
E0,2019-05-12,Brighton,Man City,A,5,15,4,15,0.2,0.8,0.6,1.2,1.8,0.2,5.8,20.0,2.0,6.4,20.6,5.2,7,6,0.0,1.0,0.0,5,0.4,0.8,1.2,0.2,1481.6014734216212,1615.8685700764174,-134.2670966547962,1465.3803991961354,1619.655295835391,-154.27489663925553
E0,2019-05-12,Watford,West Ham,A,3,3,7,3,0.4,0.2,0.8,2.8,0.4,1.4,10.6,10.8,4.2,3.2,15.6,16.0,7,8,0.5714285714285714,0.2857142857142857,0.1428571428571428,7,0.6,2.2,0.4,0.8,1486.0799492749309,1470.986966593374,15.092982681556803,1484.364506161604,1502.605246904459,-18.240740742854996
E0,2019-05-12,Burnley,Arsenal,A,4,4,6,4,0.5,0.2,1.4,2.2,0.6,1.6,7.4,10.4,2.2,2.8,17.4,15.8,9,7,0.0,1.0,0.0,9,0.4,0.4,0.2,0.8,1495.4242618184328,1470.491634567034,24.9326272513988,1495.354948982637,1546.3731576032587,-51.01820862062141
E0,2019-08-09,Liverpool,Norwich,H,13,0,15,0,0.9,0.5,2.0,0.8,,,14.2,,4.8,,9.2,,89,7,0.5,0.5,0.0,0,1.2,0.4,,,1588.0304131089456,1500.0,88.0304131089456,1576.9862901797264,1500.0,76.98629017972644
E0,2019-08-10,Burnley,Southampton,H,4,4,6,4,0.5,0.3,1.4,2.2,1.0,2.0,7.4,9.6,2.2,2.6,17.4,15.4,90,90,0.4,0.2,0.4,10,0.4,0.4,0.6,1.4,1488.2068487685112,1475.7966906780346,12.41015809047667,1492.5241124934478,1482.2747087204566,10.249403772991172
E0,2019-08-10,Bournemouth,Sheffield United,D,7,0,4,0,0.4,0.5,2.6,2.0,,,11.0,,5.4,,14.6,,90,7,0.5,0.5,0.0,0,1.6,1.0,,,1504.0860088125462,1500.0,4.086008812546197,1489.080718867784,1500.0,-10.919281132215929
E0,2019-08-10,West Ham,Man City,A,6,15,10,15,0.5,0.9,1.2,1.4,2.4,0.4,13.6,19.4,4.8,6.8,15.4,6.4,90,90,0.1,0.9,0.0,10,0.8,0.8,1.4,0.2,1522.9297632344144,1578.5738508044724,-55.64408757005799,1507.0079414928437,1580.6400026363483,-73.63206114350464
E0,2019-08-10,Crystal Palace,Everton,D,12,5,7,5,0.3,0.3,2.0,1.4,1.2,1.4,11.0,14.2,4.0,5.0,18.4,10.6,90,90,0.1,0.5,0.4,10,1.2,1.2,0.4,1.2,1490.1478144486089,1489.6169463091596,0.5308681394492396,1508.2000189036444,1510.4303675190126,-2.230348615368257
E0,2019-08-10,Tottenham,Aston Villa,H,0,6,10,6,0.6,0.2,0.4,1.6,1.8,2.4,11.4,10.0,3.2,4.2,14.4,14.8,90,1539,0.5,0.5,0.0,2,0.2,1.2,0.6,1.0,1537.1565281258358,1490.3999429211162,46.75658520471961,1529.8092837805293,1491.4580193363822,38.35126444414709
E0,2019-08-10,Watford,Brighton,A,3,5,4,5,0.3,0.1,0.8,2.8,0.6,1.2,10.6,5.8,4.2,2.0,15.6,20.6,90,90,0.1666666666666666,0.3333333333333333,0.5,6,0.6,2.2,0.4,0.8,1480.1487138804916,1465.9367477303351,14.211966150156512,1484.2617930614188,1476.3339130347745,7.927880026644289
E0,2019-08-11,Leicester,Wolves,D,7,4,10,4,0.4,0.3,1.8,1.4,0.8,1.8,11.8,9.0,4.4,2.0,11.8,12.6,91,91,0.5,0.5,0.0,2,1.4,0.8,0.4,1.0,1493.0012225520168,1492.6496594927353,0.3515630592814887,1496.881311727701,1505.077612156717,-8.196300429015764
E0,2019-08-11,Newcastle,Arsenal,A,8,6,9,6,0.6,0.3,1.6,1.0,1.0,1.6,9.6,12.0,3.4,3.2,10.8,16.6,91,91,0.25,0.75,0.0,8,0.6,0.8,0.8,0.8,1513.6739322921408,1488.9568018097514,24.717130482389393,1507.1298312463437,1535.4337189191026,-28.303887672758947
E0,2019-08-11,Man United,Chelsea,H,4,5,7,5,0.5,0.3,1.0,2.0,0.6,1.2,15.0,14.6,4.0,3.6,12.4,10.8,91,91,0.3,0.4,0.3,10,0.4,1.2,0.4,1.0,1531.2915291221766,1500.773256497087,30.51827262508959,1528.390780280934,1527.8347626399363,0.556017640997652
E0,2019-08-17,Arsenal,Burnley,H,9,4,10,4,0.8,0.3,1.2,1.4,1.4,2.2,12.2,7.4,3.2,2.2,13.8,17.4,6,7,1.0,0.0,0.0,10,1.0,0.8,0.4,0.4,1581.9106360284538,1496.841376218384,85.06925981006975,1540.5180877875755,1498.960870864208,41.557216923367605
E0,2019-08-17,Aston Villa,Bournemouth,A,3,7,7,7,0.3,0.2,1.2,3.0,2.6,2.0,8.6,11.0,3.4,5.4,18.6,14.6,7,7,0.5,0.5,0.0,0,0.6,1.6,1.6,1.0,1492.5160957516482,1474.0754289230222,18.440666828626036,1488.7550147149868,1488.263383524156,0.4916311908309581
E0,2019-08-17,Brighton,West Ham,D,5,6,1,6,0.2,0.2,0.8,1.0,1.2,1.4,6.0,13.6,2.0,4.8,19.8,15.4,7,7,0.8333333333333334,0.0,0.1666666666666666,6,0.6,0.6,0.8,0.8,1486.7310783392136,1491.0861197512727,-4.3550414120591086,1485.2487236415525,1503.3833532036342,-18.134629562081955
E0,2019-08-17,Everton,Watford,H,6,3,13,3,0.5,0.3,0.8,0.8,0.8,2.8,14.8,10.6,5.0,4.2,8.0,15.6,7,7,0.375,0.5,0.125,8,0.4,0.6,0.6,2.2,1531.2437887288656,1488.3748722423456,42.86891648651999,1510.5341579879364,1475.346982454641,35.18717553329543
E0,2019-08-17,Norwich,Newcastle,H,0,8,0,8,0.5,0.2,1.0,4.0,1.6,1.0,12.0,9.6,5.0,3.4,15.0,10.8,8,6,0.5,0.5,0.0,0,1.0,0.0,0.6,0.8,1500.0,1500.5857302005463,-0.5857302005463225,1497.7821676515798,1502.0454623778703,-4.263294726290724
E0,2019-08-17,Southampton,Liverpool,A,4,13,8,13,0.4,0.6,0.6,2.0,2.0,0.8,10.6,14.2,2.6,4.8,14.2,9.2,7,8,0.0,0.8,0.2,10,0.4,1.4,1.2,0.4,1488.7527267628786,1565.9421672505073,-77.18944048762864,1475.837950349696,1579.2041225281466,-103.3661721784506
E0,2019-08-17,Man City,Tottenham,D,15,0,15,0,0.9,0.4,3.0,0.4,0.4,1.6,17.4,11.4,7.2,3.2,6.4,14.4,7,7,0.8,0.1,0.1,10,2.2,0.2,0.2,1.2,1582.7061544682242,1522.4620394352228,60.244115033001435,1584.2645909255575,1532.5122884019247,51.752302523633034
E0,2019-08-18,Sheffield United,Crystal Palace,H,1,12,0,12,0.5,0.7,1.0,1.0,2.0,1.4,8.0,11.0,3.0,4.0,13.0,18.4,8,8,0.5,0.5,0.0,0,1.0,1.0,1.2,1.2,1500.0,1526.2522233586797,-26.252223358679657,1500.8173353436282,1508.0962284347206,-7.278893091092414
E0,2019-08-18,Chelsea,Leicester,D,5,7,11,7,0.6,0.4,0.6,1.6,1.8,1.4,15.0,11.8,4.0,4.4,10.0,11.8,7,7,0.6,0.1,0.3,10,0.4,1.2,1.4,0.8,1554.896268782786,1500.7614009033848,54.1348678794011,1522.7270608061667,1495.5384969211957,27.188563884971245
E0,2019-08-19,Wolves,Man United,D,4,4,13,4,0.6,0.6,0.6,1.6,1.0,2.0,10.2,15.0,2.2,4.0,11.2,12.4,8,8,0.5,0.0,0.5,2,0.2,0.8,0.4,1.2,1517.505564820698,1525.4900314396912,-7.98446661899311,1506.420426963222,1533.4984821147036,-27.07805515148175
E0,2019-08-23,Aston Villa,Everton,H,3,6,7,6,0.3,0.3,1.2,3.0,0.8,0.8,8.6,14.8,3.4,5.0,18.6,8.0,6,6,0.5,0.5,0.0,2,0.6,1.6,0.4,0.6,1486.0322746545112,1489.824527247007,-3.792252592495742,1485.513104166418,1511.8878002161573,-26.374696049739217
E0,2019-08-24,Norwich,Chelsea,A,3,5,3,5,1.0,0.2,2.0,2.5,0.6,1.6,13.5,15.0,6.5,4.0,12.5,10.0,7,6,0.5,0.5,0.0,0,1.5,0.5,0.4,1.2,1514.3227192123377,1490.5578528295478,23.764866382789705,1504.9435272577484,1521.3184436225663,-16.37491636481809
E0,2019-08-24,Brighton,Southampton,A,5,4,2,4,0.1,0.2,0.8,1.0,0.6,2.0,6.0,10.6,2.0,2.6,19.8,14.2,7,7,0.0,0.1666666666666666,0.8333333333333334,6,0.6,0.6,0.4,1.4,1488.845580192966,1462.9231739365134,25.922406256452632,1486.3059745684284,1474.1663295179055,12.13964505052286
E0,2019-08-24,Man United,Crystal Palace,A,2,9,7,9,0.5,0.6,0.6,2.0,1.4,1.4,14.2,10.2,3.6,4.0,10.2,17.8,5,6,0.9,0.0,0.1,10,0.0,1.2,0.8,1.2,1541.5069327897158,1517.6860672696623,23.820865520053303,1533.3614641540153,1503.813150390212,29.548313763803208
E0,2019-08-24,Sheffield United,Leicester,A,4,8,3,8,1.0,0.3,1.0,0.5,1.8,1.2,11.5,11.4,3.0,4.6,9.5,13.4,6,6,0.5,0.5,0.0,0,1.0,0.5,1.4,0.6,1508.566156089017,1503.5786352705857,4.987520818431449,1505.100413388137,1496.947114104796,8.153299283340857
E0,2019-08-24,Watford,West Ham,A,3,7,1,7,0.3,0.2,0.8,2.0,1.4,1.2,11.2,13.4,4.0,5.0,14.2,15.4,7,7,0.5,0.375,0.125,8,0.6,1.6,1.0,0.8,1462.319092666936,1488.9716178975202,-26.65252523058416,1473.9933402264198,1502.326102276758,-28.332762050338033
E0,2019-08-24,Liverpool,Arsenal,H,15,9,15,9,0.9,0.4,2.4,1.0,1.2,1.4,15.2,12.2,5.4,3.2,10.6,13.8,7,7,0.5,0.1,0.4,10,1.4,0.6,1.0,0.8,1592.466077805786,1499.1255395466976,93.34053825908836,1580.8757433599371,1541.7424262067468,39.13331715319032
E0,2019-08-25,Wolves,Burnley,D,4,4,11,4,0.6,0.3,0.6,1.6,1.6,2.2,10.2,8.6,2.2,2.8,11.2,18.2,6,8,0.5,0.5,0.0,2,0.2,0.8,0.4,0.6,1517.7796007420743,1494.392699380042,23.386901362032404,1506.55744492391,1497.736532445037,8.82091247887297
E0,2019-08-25,Bournemouth,Man City,A,7,15,5,15,0.3,0.9,2.6,2.2,3.0,0.4,11.8,17.4,5.2,7.2,17.4,6.4,8,8,0.0,1.0,0.0,8,1.4,1.2,2.2,0.2,1502.4513381252896,1585.8230273828913,-83.3716892576017,1491.5052940727244,1581.766108623733,-90.26081455100892
E0,2019-08-25,Tottenham,Newcastle,A,1,7,10,7,0.7,0.2,0.8,1.6,1.4,1.2,10.2,9.2,3.6,3.2,18.2,11.8,8,8,0.875,0.125,0.0,8,0.4,0.8,0.6,0.8,1542.5625373686269,1486.2630109882089,56.299526380418,1535.0107707037491,1494.8841027717017,40.12666793204744
E0,2019-08-31,Burnley,Liverpool,A,5,15,9,15,0.5,0.6,1.4,1.6,2.4,1.0,10.6,15.2,3.2,5.4,17.0,10.6,6,7,0.1,0.7,0.2,10,0.2,0.4,1.4,0.6,1501.0803655100324,1569.285408914088,-68.20504340405569,1499.7279280655596,1582.5716832812873,-82.8437552157277
E0,2019-08-31,West Ham,Norwich,H,10,3,7,0,0.5,0.0,2.0,1.0,2.0,2.6666666666666665,14.8,11.0,6.6,6.0,16.8,16.0,7,7,0.5,0.5,0.0,0,1.4,0.6,1.0,0.6666666666666666,1515.6805866559955,1495.5643353031596,20.11625135283589,1508.0560661789464,1500.515404123261,7.540662055685289
E0,2019-08-31,Newcastle,Watford,D,10,3,6,3,0.6,0.3,1.6,0.8,0.8,2.0,10.2,11.2,3.6,4.0,13.8,14.2,6,7,0.1666666666666666,0.6666666666666666,0.1666666666666666,6,0.6,0.6,0.6,1.6,1503.5051945551943,1485.6675877859036,17.837606769290915,1499.5294580539812,1468.263376324231,31.266081729749885
E0,2019-08-31,Southampton,Man United,D,4,2,5,2,0.4,0.5,0.8,2.0,0.6,2.0,11.4,14.2,3.0,3.6,13.8,10.2,7,7,0.1,0.5,0.4,10,0.6,1.4,0.0,1.2,1485.409485099298,1525.215995518315,-39.80651041901706,1480.1976024143296,1528.2257219201836,-48.028119505853965
E0,2019-08-31,Leicester,Bournemouth,H,8,7,8,7,0.4,0.3,1.8,1.2,2.6,2.2,11.6,11.8,4.2,5.2,12.4,17.4,7,6,0.125,0.25,0.625,8,1.4,0.8,1.4,1.2,1490.3155929390064,1480.5592500201592,9.756342918847167,1501.0121536258323,1490.746065040567,10.266088585265608
E0,2019-08-31,Crystal Palace,Aston Villa,H,12,3,8,3,0.3,0.2,1.8,1.2,1.2,3.0,10.2,8.6,4.4,3.4,17.0,18.6,7,8,0.0,0.5,0.5,2,1.0,1.0,0.6,1.6,1489.9402335107616,1484.9939336783252,4.9462998324363525,1508.9488926240438,1494.2634257741722,14.685466849871544
E0,2019-08-31,Chelsea,Sheffield United,D,5,4,11,1,0.6,0.0,0.8,1.8,1.0,1.0,15.4,10.333333333333334,5.0,3.0,9.6,9.666666666666666,7,7,0.5,0.5,0.0,0,0.2,1.0,1.0,0.6666666666666666,1552.079034415585,1501.6346706872566,50.444363728328426,1525.746566757054,1501.0353738671,24.711192889953736
E0,2019-08-31,Man City,Brighton,H,15,5,13,5,0.9,0.2,3.0,0.4,0.8,1.0,17.2,6.0,7.0,2.0,7.0,19.8,6,7,1.0,0.0,0.0,6,2.0,0.0,0.6,0.6,1577.7091898645754,1483.7663689438907,93.94282092068464,1582.5253376558908,1480.2747016720043,102.25063598388624
E0,2019-09-01,Everton,Wolves,H,3,4,15,4,0.6,0.2,0.4,1.2,0.6,1.6,13.8,10.2,3.4,2.2,8.8,11.2,9,7,0.0,0.5,0.5,2,0.4,0.8,0.2,0.8,1533.9510731853077,1495.3352891057457,38.61578407956199,1503.1374786084034,1504.5660493033874,-1.428570694984046
E0,2019-09-01,Arsenal,Tottenham,D,6,1,10,1,0.8,0.3,1.2,2.0,0.8,1.6,10.2,10.2,2.6,3.6,16.6,18.2,8,7,0.3,0.4,0.3,10,1.2,1.2,0.4,0.8,1584.359312866796,1527.4590040388716,56.90030882792439,1540.046486285397,1530.3654154214696,9.681070863927062
E0,2019-09-14,Brighton,Burnley,D,5,5,2,5,0.1,0.2,0.8,1.2,1.4,1.6,6.6,10.6,2.2,3.2,19.4,17.0,14,14,0.0,0.3333333333333333,0.6666666666666666,6,0.6,0.6,0.2,0.4,1476.783034400118,1498.3754906210868,-21.592456220968643,1479.4314397708924,1496.391998668856,-16.960558897963438
E0,2019-09-14,Man United,Leicester,H,3,8,4,8,0.4,0.3,0.8,1.8,1.8,1.2,15.6,11.6,4.4,4.2,9.4,12.4,14,14,0.7,0.1,0.2,10,0.0,1.2,1.4,0.8,1531.2354483220522,1511.708714312659,19.526734009393294,1528.051978117522,1505.8513286260566,22.200649491465356
E0,2019-09-14,Sheffield United,Southampton,A,5,4,3,4,0.5,0.3,1.25,1.25,0.8,2.0,9.75,11.4,2.75,3.0,10.5,13.8,14,14,0.5,0.5,0.0,0,1.25,0.5,0.6,1.4,1500.436077046944,1474.985719729361,25.45035731758253,1502.3443237305837,1480.3713462169912,21.97297751359247
E0,2019-09-14,Tottenham,Crystal Palace,H,2,12,7,12,0.6,0.6,1.0,1.6,1.8,1.2,9.6,10.2,4.4,4.4,21.0,17.0,13,14,0.8,0.1,0.1,10,0.4,0.6,1.0,1.0,1533.2718268040678,1527.9575517373262,5.314275066741629,1532.3770771230916,1511.84895367618,20.52812344691165
E0,2019-09-14,Wolves,Chelsea,A,4,5,9,5,0.6,0.3,1.0,1.8,0.8,1.8,10.2,15.4,3.0,5.0,13.2,9.6,13,14,0.5,0.0,0.5,2,0.4,0.8,0.2,1.0,1513.7968095010294,1499.414099098523,14.382710402506746,1502.3133173186034,1524.4376168935703,-22.124299574966926
E0,2019-09-14,Norwich,Man City,H,3,15,3,15,0.5,0.9,1.5,2.5,3.0,0.4,10.25,17.2,5.25,7.0,16.5,7.0,14,14,0.5,0.5,0.0,0,0.75,0.75,2.0,0.0,1505.4664729433623,1587.341485447206,-81.87501250384344,1496.3231223612038,1583.3685995570029,-87.04547719579887
E0,2019-09-14,Liverpool,Newcastle,H,15,10,15,10,0.9,0.3,2.6,0.8,1.6,0.8,15.0,10.2,5.6,3.6,10.6,13.8,14,14,0.625,0.125,0.25,8,1.4,0.4,0.6,0.6,1595.8579576484865,1495.553721552768,100.30423609571837,1585.907612677991,1498.655490606027,87.2521220719641
E0,2019-09-15,Bournemouth,Everton,H,7,3,4,3,0.3,0.3,2.8,2.4,0.4,1.2,11.8,13.8,5.2,3.4,16.4,8.8,15,14,0.375,0.5,0.125,8,1.4,1.2,0.4,0.8,1500.9328800609749,1472.323884031499,28.608996029475975,1485.9068900403431,1505.3902105931877,-19.48332055284436
E0,2019-09-15,Watford,Arsenal,D,4,6,1,6,0.3,0.4,0.8,1.6,1.2,2.0,13.4,10.2,4.4,2.6,13.0,16.6,15,14,0.375,0.625,0.0,8,0.4,1.0,1.2,1.2,1450.859164862559,1495.733659703997,-44.87449484143826,1469.137343772186,1538.034824583775,-68.89748081158905
E0,2019-09-16,Aston Villa,West Ham,D,3,10,9,10,0.4,0.3,1.0,2.6,2.0,1.0,9.8,14.8,3.4,6.6,19.2,16.8,16,16,0.5,0.0,0.5,2,0.4,1.4,1.4,0.6,1503.5329178700192,1500.4315457018972,3.1013721681219977,1491.3633647220363,1512.248347941004,-20.88498321896759
E0,2019-09-20,Southampton,Bournemouth,A,7,7,6,7,0.3,0.3,0.8,1.4,2.8,2.4,10.6,11.8,3.8,5.2,14.2,16.4,6,5,0.375,0.0,0.625,8,0.6,1.2,1.4,1.2,1485.7569727046211,1470.8809000197114,14.876072684909786,1485.6010580366233,1491.106400596969,-5.505342560345753
E0,2019-09-21,Leicester,Tottenham,H,5,2,8,2,0.5,0.2,1.0,1.2,1.0,1.6,9.8,9.6,3.0,4.4,12.4,21.0,7,7,0.2,0.7,0.1,10,0.8,0.6,0.4,0.6,1499.9939429394542,1531.482327442115,-31.48838450266112,1502.8097808937546,1540.3753018458442,-37.56552095208963
E0,2019-09-21,Burnley,Norwich,H,3,6,6,0,0.4,0.0,1.0,1.6,1.8,2.4,9.8,9.6,2.8,4.8,17.8,18.2,7,7,0.5,0.5,0.0,0,0.2,0.6,0.8,0.8,1494.408506716625,1487.1797717790448,7.228734937580157,1494.8741906647406,1502.700073588384,-7.8258829236433485
E0,2019-09-21,Everton,Sheffield United,A,3,5,15,2,0.7,0.0,0.6,1.4,1.0,1.2,15.0,11.2,4.2,3.0,9.0,10.6,6,7,0.5,0.5,0.0,0,0.4,0.8,1.0,0.6,1538.4565371548758,1504.2525704142238,34.20396674065205,1500.190700036561,1497.1146119109517,3.076088125609658
E0,2019-09-21,Man City,Watford,H,12,4,13,4,0.9,0.2,3.0,1.0,0.8,1.6,20.6,13.4,7.6,4.4,6.0,13.0,7,6,1.0,0.0,0.0,8,1.8,0.2,0.4,1.0,1579.395713666799,1487.4155226818125,91.98019098498683,1576.9916483298225,1469.5887936453048,107.40285468451748
E0,2019-09-21,Newcastle,Brighton,D,7,5,4,5,0.6,0.2,1.6,1.4,0.8,1.2,9.6,6.6,2.8,2.2,15.6,19.4,7,7,0.0,0.5,0.5,6,0.6,0.8,0.6,0.6,1501.7572596592856,1482.0798451416667,19.6774145176189,1496.146050492121,1480.9492477750075,15.196802717113314
E0,2019-09-22,Chelsea,Liverpool,A,8,15,9,15,0.6,0.7,1.8,1.8,2.6,0.8,17.2,15.0,5.6,5.6,8.8,10.6,8,8,0.3,0.2,0.5,10,0.6,1.0,1.4,0.4,1549.461134688618,1575.9572677074957,-26.496133018877572,1531.1064785422664,1588.4170527918966,-57.310574249630235
E0,2019-09-22,Crystal Palace,Wolves,D,9,4,8,4,0.4,0.2,1.6,2.0,1.0,1.8,11.8,10.2,5.4,3.0,16.0,13.2,8,8,0.5,0.5,0.0,2,0.8,1.0,0.4,0.8,1495.7403556150334,1490.8298251361775,4.91053047885589,1503.850728953427,1495.6444556699075,8.206273283519522
E0,2019-09-22,West Ham,Man United,H,11,3,7,3,0.6,0.4,1.8,0.6,0.8,1.8,13.8,15.6,6.0,4.4,16.0,9.4,6,8,0.1,0.5,0.4,10,1.2,0.4,0.0,1.2,1524.0651501801103,1524.8685079129916,-0.8033577328812953,1510.6341924514577,1531.093525849824,-20.4593333983662
E0,2019-09-22,Arsenal,Aston Villa,H,7,3,8,3,0.7,0.2,1.4,1.8,1.0,2.6,10.0,9.8,3.2,3.4,20.6,19.2,7,6,1.0,0.0,0.0,2,1.0,1.6,0.4,1.4,1580.3359894635523,1479.1938115740534,101.14217788949895,1537.5833747106558,1492.9775202115825,44.60585449907353
E0,2019-09-28,Wolves,Watford,H,5,4,8,4,0.5,0.2,1.0,1.4,0.6,2.8,9.6,10.4,3.4,3.6,13.2,17.0,6,7,0.5,0.5,0.0,2,0.6,0.8,0.2,1.4,1500.4590862036375,1483.189541238088,17.269544965549585,1496.334630147422,1467.4758029234426,28.85882722397946
E0,2019-09-28,Tottenham,Southampton,H,2,7,7,7,0.6,0.3,1.0,1.6,0.8,1.4,9.6,10.6,4.8,3.8,21.4,14.2,7,8,0.6,0.1,0.3,10,0.2,0.8,0.6,1.2,1549.268276249573,1485.4451433686254,63.82313288094792,1536.9761050297288,1479.506676660763,57.46942836896551
E0,2019-09-28,Crystal Palace,Norwich,H,9,3,9,0,0.3,0.0,1.6,2.0,1.2,2.6,11.8,8.8,5.4,3.6,16.0,18.8,6,7,0.5,0.5,0.0,0,0.8,1.0,0.4,0.6,1494.3600066600045,1475.1765852766207,19.183421383383575,1503.1605544759125,1496.698480337172,6.4620741387404905
E0,2019-09-28,Chelsea,Brighton,H,8,5,6,5,0.5,0.2,1.8,1.8,0.8,1.2,17.2,8.8,5.6,2.8,8.8,17.2,6,7,1.0,0.0,0.0,6,0.6,1.0,0.6,0.6,1542.173057615826,1484.724876404582,57.44818121124399,1527.46244000587,1482.2717634064652,45.19067659940493
E0,2019-09-28,Sheffield United,Liverpool,A,5,15,3,15,0.3333333333333333,0.7,1.2,1.2,2.4,0.8,8.6,12.8,2.6,5.2,12.6,11.0,7,6,0.5,0.5,0.0,0,1.0,0.6,1.0,0.6,1489.9766534076798,1583.2453447802875,-93.26869137260768,1503.8943155977072,1592.0610913282926,-88.16677573058541
E0,2019-09-28,Aston Villa,Burnley,D,0,3,7,3,0.4,0.2,1.2,3.2,1.0,1.6,10.6,9.8,4.6,2.8,20.6,17.8,6,7,0.0,0.5,0.5,2,0.6,2.0,0.2,0.6,1506.7612288491111,1495.3398746128562,11.421354236254956,1491.950387393989,1500.8757839159523,-8.925396521963194
E0,2019-09-28,Everton,Man City,A,3,12,12,12,0.6,0.9,0.6,1.4,3.0,1.0,15.0,20.6,4.2,7.6,9.0,6.0,7,7,0.1,0.5,0.4,10,0.4,0.8,1.8,0.2,1524.8971297813653,1574.5875829928452,-49.69045321147996,1493.4109963498065,1579.1046390516844,-85.69364270187816
E0,2019-09-28,Bournemouth,West Ham,D,7,11,7,11,0.3,0.3,2.4,2.6,1.8,0.6,10.2,13.8,4.4,6.0,19.8,16.0,8,6,0.375,0.125,0.5,8,0.8,1.4,1.2,0.4,1511.3319011742267,1497.2032347228053,14.128666451421395,1497.2007819728287,1516.6215580908074,-19.420776117978676
E0,2019-09-29,Leicester,Newcastle,H,5,7,11,7,0.6,0.3,1.0,1.2,1.6,1.4,9.8,9.6,3.0,2.8,12.4,15.6,8,8,0.5,0.5,0.0,8,0.8,0.6,0.6,0.8,1506.7923365716854,1490.5348413249565,16.257495246728922,1506.2089777098704,1494.8235348606636,11.385442849206813
E0,2019-09-30,Man United,Arsenal,D,3,7,7,7,0.5,0.4,0.6,1.8,1.4,1.8,13.8,10.0,4.2,3.2,9.2,20.6,8,8,0.5,0.2,0.3,10,0.0,1.2,1.0,1.6,1537.318543786656,1494.8307599577593,42.48778382889668,1525.1061602104742,1538.6105075282487,-13.504347317774544
E0,2019-10-05,Norwich,Aston Villa,A,3,0,6,0,0.6666666666666666,0.2,0.8,2.4,1.2,3.2,9.6,10.6,3.2,4.6,17.2,20.6,7,7,0.5,0.5,0.0,0,0.4,0.6,0.6,2.0,1518.2203753977233,1477.1395459388675,41.08082945885576,1493.5583316435736,1491.768424556676,1.7899070868975286
E0,2019-10-05,West Ham,Crystal Palace,A,9,9,10,9,0.6,0.6,2.0,1.0,1.6,2.0,14.0,11.8,5.8,5.4,15.8,16.0,7,7,0.4,0.1,0.5,10,1.2,0.6,0.8,1.0,1536.0398814588098,1511.961102291821,24.07877916698908,1516.4169565654724,1506.3007031695108,10.11625339596162
E0,2019-10-05,Watford,Sheffield United,D,1,5,1,5,0.3,0.3333333333333333,0.2,3.0,1.0,1.0,11.0,9.4,3.4,2.4,15.6,13.8,7,7,0.5,0.5,0.0,0,0.0,1.4,0.8,0.6,1451.7620646087971,1517.8119777877343,-66.04991317893723,1464.318388205388,1502.313442365416,-37.99505416002808
E0,2019-10-05,Liverpool,Leicester,H,15,5,15,5,1.0,0.3,2.2,0.8,1.0,1.2,12.6,9.8,4.8,3.0,12.0,12.4,7,6,0.7,0.1,0.2,10,0.8,0.6,0.8,0.6,1600.8768378762977,1505.6256188480552,95.25121902824252,1593.6419645605836,1514.4795216887833,79.1624428718003
E0,2019-10-05,Burnley,Everton,H,3,3,6,3,0.5,0.2,1.0,1.6,0.6,1.4,10.6,15.0,2.8,4.2,16.6,9.0,7,7,0.5,0.5,0.0,10,0.6,0.8,0.4,0.8,1506.411693219049,1461.924862918247,44.48683030080201,1501.0577467532655,1490.7285191799472,10.329227573318576
E0,2019-10-05,Brighton,Tottenham,H,5,2,3,2,0.1,0.1,0.8,1.4,1.0,1.6,9.2,9.6,2.8,4.8,16.2,21.4,7,7,0.0,0.6666666666666666,0.3333333333333333,6,0.6,0.8,0.2,0.8,1479.8186504083487,1524.683933809884,-44.86528340153541,1479.4737018660448,1539.8253235526572,-60.35162168661236
E0,2019-10-06,Arsenal,Bournemouth,H,8,7,8,7,0.7,0.4,1.6,1.4,2.4,2.6,10.8,10.2,4.0,4.4,19.0,19.8,6,8,0.625,0.25,0.125,8,1.2,1.0,0.8,1.4,1582.3902550987382,1483.069662771431,99.32059232730715,1540.9506838520308,1497.4053834981637,43.545300353867106
E0,2019-10-06,Man City,Wolves,A,12,5,13,5,0.9,0.1,3.4,1.2,1.0,1.4,19.6,9.6,8.0,3.4,8.0,13.2,8,8,0.5,0.0,0.5,2,2.0,0.2,0.6,0.8,1583.621695110524,1492.210174091207,91.4115210193172,1581.7871162215436,1499.4920448654766,82.29507135606696
E0,2019-10-06,Southampton,Chelsea,A,6,8,3,8,0.3,0.4,0.8,1.6,1.8,1.8,11.8,17.2,4.2,5.6,13.0,8.8,8,8,0.0,0.7,0.3,10,0.6,1.0,0.6,1.0,1473.5682099529015,1512.7518223959146,-39.18361244301309,1476.657458137835,1530.2605015462905,-53.603043408455505
E0,2019-10-06,Newcastle,Man United,H,6,3,5,3,0.5,0.3,1.4,2.2,0.6,1.8,8.4,13.8,2.6,4.2,16.4,9.2,7,6,0.25,0.75,0.0,8,0.6,1.4,0.0,1.2,1499.1122283963705,1512.8937766342922,-13.781548237921696,1486.5529908817502,1522.765983886692,-36.21299300494184
E0,2019-10-19,Crystal Palace,Man City,A,9,12,11,12,0.4,0.9,1.4,1.8,3.4,1.2,10.0,19.6,4.8,8.0,15.4,8.0,14,13,0.2,0.6,0.2,10,0.8,0.8,2.0,0.2,1500.640304047201,1579.9525373325632,-79.31223328536225,1511.1710869479057,1570.99031277097,-59.81922582306424
E0,2019-10-19,Wolves,Southampton,D,5,6,8,6,0.5,0.3,1.0,1.2,0.8,1.6,8.8,11.8,3.0,4.2,14.8,13.0,13,13,0.5,0.5,0.0,2,0.8,0.6,0.6,1.0,1506.7739156397467,1479.7467063227684,27.027209316978315,1510.2888483160505,1471.777346124139,38.51150219191141
E0,2019-10-19,Leicester,Burnley,H,4,3,11,3,0.7,0.2,0.8,1.2,1.0,1.6,8.0,10.6,2.2,2.8,13.8,16.6,14,14,0.5,0.3,0.2,10,0.6,0.6,0.6,0.8,1523.3334245295116,1495.7038002874826,27.629624242028967,1512.7068808367094,1504.831127066695,7.8757537700143985
E0,2019-10-19,Tottenham,Watford,D,2,1,10,1,0.6,0.2,1.0,2.0,0.2,3.0,9.2,11.0,4.6,3.4,21.8,15.6,14,14,0.625,0.125,0.25,8,0.2,1.0,0.0,1.4,1554.9667132954305,1476.8747118019787,78.09200149345156,1532.5925018553462,1465.452757055588,67.13974479975832
E0,2019-10-19,Bournemouth,Norwich,D,6,0,8,0,0.2,0.0,1.8,2.2,0.4,3.0,10.4,12.4,3.8,3.6,17.8,16.6,13,14,0.5,0.5,0.0,0,0.6,1.0,0.4,1.0,1511.7411042248966,1468.896287889424,42.844816335472615,1496.1120397081795,1482.551847784811,13.560191923368848
E0,2019-10-19,Aston Villa,Brighton,H,3,5,5,5,0.4,0.2,1.8,2.8,0.8,1.4,12.4,9.2,6.2,2.8,22.6,16.2,14,14,0.5,0.5,0.0,0,0.8,1.8,0.6,0.8,1506.3973031744847,1479.1287533237412,27.26854985074351,1502.7749084154389,1486.706523563356,16.068384852082772
E0,2019-10-19,Everton,West Ham,H,2,9,9,9,0.6,0.3,0.6,1.6,2.0,1.0,12.8,14.0,4.0,5.8,9.2,15.8,14,14,0.6,0.3,0.1,10,0.4,1.0,1.2,0.6,1519.5321754416473,1496.7940316721354,22.738143769511908,1486.9551388665182,1511.5465727870776,-24.59143392055944
E0,2019-10-19,Chelsea,Newcastle,H,10,6,8,6,0.5,0.3,2.4,1.8,1.4,2.2,16.6,8.4,6.4,2.6,9.4,16.4,13,13,0.625,0.375,0.0,8,0.8,1.0,0.6,1.4,1547.7691806966666,1473.9937533671302,73.77542732953634,1535.1406135599864,1490.915726842849,44.22488671713745
E0,2019-10-20,Man United,Liverpool,D,3,15,7,15,0.5,0.8,0.6,1.2,2.2,0.8,14.8,12.6,4.6,4.8,8.6,12.0,14,15,0.4,0.1,0.5,10,0.0,1.0,0.8,0.6,1532.6381911390918,1586.4070912448694,-53.768900105777675,1518.4032479255934,1595.4146054126577,-77.01135748706429
E0,2019-10-21,Sheffield United,Arsenal,H,6,8,3,8,0.25,0.3,1.0,0.8,1.6,1.4,7.8,10.8,2.2,4.0,13.2,19.0,16,15,0.5,0.5,0.0,0,0.8,0.4,1.2,1.0,1486.814906943098,1499.5111126053234,-12.696205662225566,1501.1790735152165,1542.2440276420148,-41.06495412679851
E0,2019-10-25,Southampton,Leicester,A,7,4,2,4,0.3,0.3,1.0,1.2,0.8,1.2,12.4,8.0,5.0,2.2,10.4,13.8,6,6,0.3,0.4,0.3,10,0.8,0.8,0.6,0.6,1463.80798592551,1502.0803371439072,-38.27235121839726,1473.0660730223708,1515.252592425214,-42.18651940284326
E0,2019-10-26,Burnley,Chelsea,A,3,10,9,10,0.5,0.5,1.2,1.6,2.4,1.8,12.2,16.6,3.4,6.4,16.4,9.4,7,7,0.2,0.5,0.3,10,0.6,1.0,0.8,1.0,1513.9584538459071,1522.5120464233062,-8.553592577399058,1502.2854154781903,1537.0411775925356,-34.755762114345316
E0,2019-10-26,Man City,Aston Villa,H,12,3,10,3,0.8,0.3,3.0,1.0,1.8,2.8,19.8,12.4,8.2,6.2,8.2,22.6,7,7,1.0,0.0,0.0,2,1.6,0.2,0.8,1.8,1562.0280882093766,1499.152513656393,62.87557455298361,1573.668824132586,1506.3062746991482,67.36254943343783
E0,2019-10-26,Brighton,Everton,H,4,2,5,2,0.2,0.2,0.8,1.6,0.6,1.6,11.0,12.8,2.8,4.0,17.0,9.2,7,7,0.1666666666666666,0.5,0.3333333333333333,6,0.4,1.0,0.4,1.0,1494.284293802971,1454.378102291389,39.90619151158194,1483.1751572796466,1492.1713525270775,-8.99619524743116
E0,2019-10-26,Watford,Bournemouth,D,2,6,2,6,0.2,0.4,0.4,2.6,1.8,2.2,9.4,10.4,3.2,3.8,14.2,17.8,7,7,0.25,0.125,0.625,8,0.0,1.0,0.6,1.0,1454.0308023091968,1480.4829751914629,-26.45217288226604,1466.8416459318971,1495.1189639215804,-28.27731798968307
E0,2019-10-26,West Ham,Sheffield United,D,6,9,9,6,0.6,0.25,1.2,1.2,1.2,0.6,12.4,7.0,4.8,2.2,16.2,11.8,7,5,0.5,0.5,0.0,0,0.8,0.6,0.8,0.2,1526.2991139020198,1515.5432400873349,10.755873814685174,1506.330359126518,1504.466106888619,1.8642522378991089
E0,2019-10-27,Newcastle,Wolves,D,3,5,5,5,0.5,0.2,0.6,2.4,1.0,1.2,6.8,8.8,1.4,3.0,16.4,14.8,8,8,0.0,0.5,0.5,2,0.2,1.6,0.8,0.6,1507.8377003185674,1513.803780992354,-5.966080673786564,1489.0151628102994,1509.0001214178187,-19.984958607519275
E0,2019-10-27,Liverpool,Tottenham,H,13,2,15,2,1.0,0.0,1.8,0.6,1.0,2.0,12.4,9.2,4.8,4.6,10.6,21.8,7,8,0.5,0.2,0.3,10,0.8,0.4,0.2,1.0,1604.4221195804455,1510.218290415262,94.20382916518383,1594.7257112452166,1531.2036129790365,63.522098266180365
E0,2019-10-27,Arsenal,Crystal Palace,D,5,9,11,9,0.7,0.7,1.0,1.4,1.4,1.8,9.2,10.0,3.4,4.8,17.8,15.4,6,8,0.7,0.2,0.1,10,0.6,0.8,0.8,0.8,1584.9769426787063,1521.7018698486106,63.27507283009572,1538.956994268612,1508.4925755862896,30.464418682322503
E0,2019-10-27,Norwich,Man United,A,1,3,6,3,0.5,0.2,0.2,2.0,0.6,1.2,10.2,14.8,2.8,4.6,14.4,8.6,8,7,0.5,0.5,0.0,0,0.2,0.4,0.0,1.0,1496.2074076801978,1504.1683047120953,-7.9608970318975025,1483.54492357141,1519.0921420930345,-35.54721852162447
E0,2019-11-02,West Ham,Newcastle,A,6,3,7,3,0.5,0.3,1.2,1.2,0.6,2.4,12.4,6.8,4.8,1.4,16.2,16.4,7,6,0.375,0.625,0.0,8,0.8,0.6,0.2,1.6,1525.3730014458486,1470.1926253020315,55.18037614381683,1505.8673028984324,1488.7564996576073,17.110803240825135
E0,2019-11-02,Sheffield United,Burnley,H,7,3,6,3,0.4,0.1,1.2,0.8,1.2,1.6,7.4,12.2,2.6,3.4,12.4,16.4,7,7,0.5,0.5,0.0,0,1.0,0.2,0.6,1.0,1493.3889736899032,1490.6123771104735,2.776596579429679,1504.9291631167046,1498.3198169115049,6.609346205199699
E0,2019-11-02,Man City,Southampton,H,12,7,10,7,0.8,0.3,3.0,1.0,1.0,1.2,19.8,12.4,8.2,5.0,8.2,10.4,7,8,0.9,0.0,0.1,10,1.6,0.2,0.8,0.8,1564.0946040059202,1482.324160119232,81.77044388668833,1574.7020820308578,1460.4764903220698,114.225591708788
E0,2019-11-02,Watford,Chelsea,A,2,12,3,12,0.1,0.5,0.4,2.6,3.2,2.2,9.4,17.0,3.2,7.0,14.2,10.2,7,7,0.25,0.75,0.0,8,0.0,1.0,1.2,1.4,1453.9811100317386,1530.443243556677,-76.46213352493874,1466.8167997931682,1541.006776159221,-74.18997636605309
E0,2019-11-02,Aston Villa,Liverpool,A,3,13,8,13,0.4,0.8,1.6,2.2,1.8,0.6,12.8,12.4,6.4,4.8,24.0,10.6,7,6,0.5,0.5,0.0,2,0.8,2.2,0.8,0.4,1513.4600357419035,1585.029302909987,-71.5692671680838,1505.2730168008766,1595.57062746007,-90.29761065919342
E0,2019-11-02,Arsenal,Wolves,D,5,6,11,6,0.6,0.2,1.0,1.4,1.2,1.0,9.2,10.0,3.4,3.6,17.8,14.8,6,6,0.0,0.5,0.5,2,0.6,0.8,1.0,0.4,1583.1918337105549,1514.3211072977383,68.87072641281634,1538.0644397845365,1509.258784570511,28.80565521402559
E0,2019-11-02,Bournemouth,Man United,H,7,5,6,5,0.2,0.2,1.2,1.2,1.0,1.2,10.2,14.4,3.2,5.4,15.8,9.2,7,6,0.0,0.875,0.125,8,0.2,0.6,0.2,1.0,1509.7549526516982,1514.815973517493,-5.061020865794717,1495.1438100603095,1524.4159764957335,-29.27216643542397
E0,2019-11-02,Brighton,Norwich,H,4,1,8,1,0.2,0.0,0.8,1.6,0.2,2.0,11.0,10.2,2.8,2.8,17.0,14.4,7,6,0.5,0.5,0.0,0,0.4,1.0,0.2,0.4,1500.3331980043592,1470.8824394626224,29.450758541736832,1486.199609380341,1478.2210891687114,7.9785202116295295
E0,2019-11-03,Crystal Palace,Leicester,A,7,7,8,7,0.4,0.4,1.2,1.8,2.6,1.0,7.8,11.6,4.2,4.8,14.8,11.2,7,9,0.8,0.1,0.1,10,0.8,0.6,1.4,0.4,1495.2832813239688,1527.2595025445091,-31.97622122054031,1509.3851300703654,1527.842175125515,-18.457045055149592
E0,2019-11-03,Everton,Tottenham,D,1,2,9,2,0.7,0.0,0.6,1.8,1.2,2.2,11.4,9.2,3.4,4.4,8.6,22.0,8,7,0.0,0.8,0.2,10,0.2,1.2,0.2,1.2,1529.9646027627664,1508.528457985555,21.43614477721144,1489.1469004263836,1530.358696764183,-41.21179633779934
E0,2019-11-08,Norwich,Watford,A,1,2,6,2,0.4,0.1,0.0,1.6,0.4,2.6,9.2,9.4,1.8,3.2,15.6,14.2,6,6,0.5,0.5,0.0,0,0.0,0.8,0.0,1.0,1485.5597388748,1479.652489554598,5.907249320202027,1472.2781155594496,1465.1374941550755,7.140621404374087
E0,2019-11-09,Leicester,Arsenal,H,9,5,13,5,0.7,0.3,2.8,0.8,1.0,1.4,12.0,9.2,5.2,3.4,10.8,17.8,6,7,0.3,0.5,0.2,10,1.6,0.4,0.6,0.8,1528.4248477065207,1492.937045858518,35.48780184800262,1532.36017910196,1536.282305782222,-3.922126680261954
E0,2019-11-09,Chelsea,Crystal Palace,H,15,7,8,7,0.5,0.6,3.6,1.6,1.2,1.8,16.6,7.8,7.6,4.2,10.4,14.8,7,6,0.7,0.3,0.0,10,1.4,1.0,0.8,0.6,1551.570308761765,1523.486978816762,28.083329945003015,1542.686081797314,1504.8671260939204,37.81895570339361
E0,2019-11-09,Burnley,West Ham,H,3,6,9,6,0.5,0.3,1.0,1.8,1.2,1.2,9.8,12.4,2.4,4.8,15.8,16.2,7,7,0.3,0.5,0.2,10,0.6,0.8,0.8,0.6,1506.027256712536,1486.3616043510162,19.665652361519733,1490.6730534288515,1499.7004427139163,-9.0273892850646
E0,2019-11-09,Newcastle,Bournemouth,H,6,7,6,7,0.4,0.4,1.0,2.2,1.2,1.2,7.2,10.2,2.6,3.2,16.6,15.8,7,7,0.1666666666666666,0.3333333333333333,0.5,6,0.2,1.6,0.2,0.6,1507.3203740131828,1480.532667468921,26.78770654426171,1494.923359842123,1499.734328257702,-4.810968415578827
E0,2019-11-09,Southampton,Everton,A,7,1,1,1,0.2,0.1,1.2,1.0,0.6,1.8,10.8,11.4,5.0,3.4,13.6,8.6,7,6,0.5,0.3,0.2,10,0.8,0.6,0.2,1.2,1438.628820524908,1448.3291980900008,-9.700377565092822,1459.4915353518927,1487.3589934347926,-27.86745808289993
E0,2019-11-09,Tottenham,Sheffield United,D,2,7,10,7,0.6,0.2,1.0,2.0,1.2,0.8,9.4,7.4,4.4,2.6,17.4,12.4,6,7,0.5,0.5,0.0,0,0.2,1.4,1.0,0.2,1552.188935542811,1516.469352543506,35.719582999304976,1532.146603755774,1512.5759265993577,19.570677156416195
E0,2019-11-10,Wolves,Aston Villa,H,6,3,6,3,0.5,0.3,1.4,1.2,1.6,2.2,13.4,12.8,4.8,6.4,13.8,24.0,8,8,0.5,0.5,0.0,0,1.2,0.4,0.8,2.2,1504.1964618432833,1497.0859978598494,7.110463983433874,1511.0409185728254,1503.625604998187,7.415313574638276
E0,2019-11-10,Liverpool,Man City,H,13,12,15,12,1.0,0.9,1.8,0.6,3.0,1.0,14.4,19.8,4.8,8.2,8.8,8.2,8,8,0.4,0.4,0.2,10,1.0,0.2,1.6,0.2,1606.111952010153,1585.3095600557954,20.80239195435729,1597.2180392627592,1575.6870370010352,21.531002261724097
E0,2019-11-10,Man United,Brighton,H,4,4,8,4,0.4,0.2,0.8,1.2,0.8,1.6,15.6,11.0,5.8,2.8,10.4,17.0,8,8,0.5,0.5,0.0,6,0.2,0.8,0.4,1.0,1534.015979473974,1472.0660207563224,61.9499587176515,1519.825458298341,1492.1425829896025,27.682875308738403
E0,2019-11-23,Man City,Chelsea,H,9,15,12,15,0.8,0.6,2.2,1.6,3.6,1.6,20.6,16.6,7.0,7.6,9.6,10.4,13,14,0.5,0.3,0.2,10,1.0,0.4,1.4,1.0,1566.064513946275,1533.801854832863,32.26265911341193,1570.0394830393088,1545.7896776822834,24.24980535702548
E0,2019-11-23,West Ham,Tottenham,A,5,2,7,2,0.4,0.0,1.0,1.6,1.0,2.0,12.2,9.4,5.0,4.4,15.8,17.4,14,14,0.2,0.5,0.3,10,0.6,0.6,0.2,1.4,1513.0392810768162,1512.1042719687368,0.9350091080793844,1492.6714275678137,1531.8068302145116,-39.13540264669791
E0,2019-11-23,Arsenal,Southampton,D,2,7,9,7,0.5,0.3,0.8,1.8,1.2,1.0,9.2,10.8,3.2,5.0,19.8,13.6,14,14,0.6,0.2,0.2,10,0.4,1.2,0.8,0.6,1579.6275657059257,1480.3542501788772,99.27331552704844,1532.5376382610216,1455.3488851395518,77.18875312146974
E0,2019-11-23,Bournemouth,Wolves,A,4,6,8,6,0.3,0.2,1.0,1.4,1.4,1.2,11.0,13.4,3.0,4.8,15.4,13.8,14,13,0.0,0.5,0.5,2,0.2,0.6,1.2,0.4,1518.935989046483,1517.8853753023675,1.0506137441152532,1495.8401173068569,1513.2785196957084,-17.4384023888515
E0,2019-11-23,Brighton,Leicester,A,1,9,10,9,0.3,0.5,0.4,2.2,2.8,0.8,11.2,12.0,2.6,5.2,19.0,10.8,13,14,0.0,0.8333333333333334,0.1666666666666666,6,0.2,1.2,1.6,0.4,1512.2191452228826,1536.2955104973992,-24.076365274516547,1488.9336894609614,1536.1048466231605,-47.171157162198824
E0,2019-11-23,Crystal Palace,Liverpool,A,7,13,7,13,0.4,0.9,1.2,2.0,1.8,0.6,7.2,14.4,3.6,4.8,16.4,8.8,14,13,0.3,0.7,0.0,10,0.8,0.8,1.0,0.2,1486.2472733710788,1588.324126515366,-102.07685314428728,1501.7635302089511,1602.8655932244856,-101.10206301553444
E0,2019-11-23,Everton,Norwich,A,3,1,7,1,0.7,0.0,1.0,2.0,0.0,1.6,14.2,9.2,3.8,1.8,8.2,15.6,14,15,0.5,0.5,0.0,0,0.4,1.4,0.0,0.8,1526.3887887795845,1458.996492244099,67.39229653548546,1491.5016436471333,1467.012526987424,24.489116659709225
E0,2019-11-23,Watford,Burnley,A,5,3,3,3,0.0,0.1,0.8,2.4,1.0,1.8,10.2,9.8,3.2,2.4,15.2,15.8,15,14,0.25,0.625,0.125,8,0.2,1.0,0.6,0.8,1450.622498755553,1475.3188501451673,-24.696351389614392,1470.403082727101,1497.7020685749544,-27.298985847853373
E0,2019-11-24,Sheffield United,Man United,D,7,4,6,4,0.5,0.1,1.2,0.8,0.8,1.2,8.6,15.6,2.8,5.8,13.2,10.4,15,14,0.5,0.5,0.0,0,1.0,0.2,0.2,0.8,1508.6825006552094,1505.6349371227082,3.047563532501272,1512.91570014062,1523.034351826982,-10.118651686362
E0,2019-11-25,Aston Villa,Newcastle,H,3,6,8,6,0.4,0.4,1.6,2.0,1.0,2.2,14.0,7.2,6.4,2.6,21.2,16.6,15,16,0.0,0.5,0.5,2,1.0,1.8,0.2,1.6,1510.1652121365248,1482.526345671064,27.63886646546075,1501.388003875304,1498.8175707929686,2.570433082335512
E0,2019-11-30,Newcastle,Man City,D,3,9,9,9,0.4,0.8,0.8,2.6,2.2,1.6,7.8,20.6,3.0,7.0,16.6,9.6,5,7,0.125,0.875,0.0,8,0.2,1.6,1.0,0.4,1515.108795914873,1574.014452132343,-58.90565621746987,1494.2165021198125,1573.1711170327194,-78.95461491290689
E0,2019-11-30,Burnley,Crystal Palace,A,5,7,9,7,0.6,0.5,1.4,1.6,1.2,2.0,9.4,7.2,2.6,3.6,15.4,16.4,7,7,0.4,0.5,0.1,10,1.2,0.6,0.8,0.8,1520.0852870047413,1517.2797870468237,2.8054999579178457,1504.553759444007,1501.3615446235267,3.1922148204803307
E0,2019-11-30,Chelsea,West Ham,A,12,5,10,5,0.6,0.3,3.2,1.6,1.0,1.6,14.2,12.2,6.4,5.0,12.2,15.8,7,7,0.5,0.2,0.3,10,1.2,1.0,0.6,0.6,1557.7775005317037,1472.303574058811,85.4739264728928,1542.6580436888728,1487.6954028903822,54.96264079849061
E0,2019-11-30,Liverpool,Brighton,H,13,1,15,1,1.0,0.1,1.6,0.8,0.4,2.2,13.8,11.2,4.2,2.6,10.6,19.0,7,7,1.0,0.0,0.0,6,1.2,0.4,0.2,1.2,1617.407059933605,1465.6482336990405,151.7588262345646,1603.26757880991,1483.7782639724774,119.48931483743264
E0,2019-11-30,Tottenham,Bournemouth,H,4,4,8,4,0.5,0.3,1.2,2.0,1.0,1.4,9.8,11.0,3.8,3.0,14.4,15.4,7,7,0.75,0.125,0.125,8,0.4,1.6,0.2,0.6,1551.5093884602863,1472.7442455672308,78.76514289305555,1536.7828548919429,1491.5270114139075,45.25584347803533
E0,2019-11-30,Southampton,Watford,H,5,5,1,5,0.1,0.2,1.2,1.4,0.8,2.4,12.6,10.2,5.4,3.2,13.6,15.2,7,7,0.125,0.25,0.625,8,0.6,0.8,0.2,1.0,1430.3435201002264,1490.1836666986492,-59.840146598422734,1456.8333898952217,1463.5513918580482,-6.71800196282652
E0,2019-12-01,Leicester,Everton,H,9,3,15,3,0.7,0.2,2.8,0.6,1.0,2.0,13.8,14.2,6.6,3.8,10.6,8.2,8,8,0.3,0.5,0.2,10,1.8,0.2,0.4,1.4,1535.9141827489211,1456.6144985146825,79.29968423423907,1541.2602721116443,1482.079117760219,59.18115435142522
E0,2019-12-01,Wolves,Sheffield United,D,9,7,8,7,0.5,0.1666666666666666,1.4,0.8,1.2,0.8,15.2,8.6,5.2,2.8,12.6,13.2,8,7,0.5,0.5,0.0,0,1.0,0.4,1.0,0.2,1508.671664089049,1517.1488996260305,-8.477235536981425,1517.5916255886575,1513.4482045247223,4.1434210639354205
E0,2019-12-01,Man United,Aston Villa,D,4,3,8,3,0.4,0.2,1.2,1.6,1.6,2.0,13.6,14.0,5.2,6.4,10.8,21.2,7,6,0.5,0.0,0.5,2,0.8,1.0,1.0,1.8,1540.4337665312555,1492.6107956140836,47.82297091717214,1522.5018474428796,1505.9890725484602,16.512774894419408
E0,2019-12-01,Norwich,Arsenal,D,4,2,3,2,0.3333333333333333,0.3,0.4,1.2,0.8,1.8,10.2,9.2,2.2,3.2,15.6,19.8,8,8,0.5,0.5,0.0,0,0.4,0.6,0.4,1.2,1475.028561730749,1485.4477108161177,-10.419149085368415,1476.4350528743382,1531.0531335053518,-54.61808063101353
E0,2019-12-03,Burnley,Man City,A,5,7,9,7,0.5,0.7,1.4,1.6,2.0,1.8,9.4,21.6,2.6,7.8,15.4,8.8,3,3,0.1,0.6,0.3,10,1.2,0.6,1.0,0.6,1508.289513691078,1569.6635519383512,-61.37403824727335,1498.6558727871754,1570.9956669357236,-72.33979414854821
E0,2019-12-03,Crystal Palace,Bournemouth,H,7,4,4,4,0.3,0.3,1.2,1.8,1.2,1.4,7.6,13.4,3.4,3.8,15.0,15.8,3,3,0.25,0.125,0.625,8,0.8,0.6,0.6,0.8,1485.4433022002302,1469.29003188632,16.153270313910298,1507.2594312803585,1489.799904573452,17.459526706906445
E0,2019-12-04,Man United,Tottenham,H,4,4,9,4,0.3,0.1,1.2,1.6,1.2,2.0,13.6,9.8,5.2,3.8,10.8,14.4,3,4,0.5,0.4,0.1,10,0.8,1.0,0.4,1.6,1536.8774947431675,1522.0563213235996,14.82117341956814,1520.7237115488356,1538.5099617323986,-17.78625018356297
E0,2019-12-04,Liverpool,Everton,H,13,3,15,3,1.0,0.1,1.6,0.8,1.2,2.0,13.8,14.0,4.2,4.2,10.6,10.0,4,3,0.3,0.0,0.7,10,1.2,0.4,0.4,1.6,1617.342166005169,1452.5759993223194,164.76616668284964,1603.2351318456915,1480.0598681640377,123.17526368165407
E0,2019-12-04,Wolves,West Ham,H,9,5,8,5,0.4,0.4,1.4,0.8,0.6,1.4,15.2,10.0,5.2,3.8,12.6,15.0,3,4,1.0,0.0,0.0,2,1.0,0.4,0.4,0.6,1506.3992820758083,1484.9839508564055,21.415331219402788,1516.4554345820377,1494.0355912891796,22.419843292857877
E0,2019-12-04,Leicester,Watford,H,9,4,15,4,0.7,0.2,2.8,0.6,0.8,2.6,13.8,8.8,6.6,3.2,10.6,14.8,3,4,0.5,0.5,0.0,8,1.8,0.2,0.2,1.4,1539.9526819412845,1480.8398448221856,59.112837119098685,1543.2795217078258,1458.8794809198164,84.40004078800939
E0,2019-12-04,Southampton,Norwich,H,5,4,3,4,0.2,0.1428571428571428,1.2,1.4,0.4,1.2,12.6,10.2,5.4,2.2,13.6,15.6,4,3,0.5,0.5,0.0,0,0.6,0.8,0.4,0.6,1439.68734197669,1477.8415440179274,-38.15420204123734,1461.5053008334537,1475.7765992054717,-14.271298372018007
E0,2019-12-04,Chelsea,Aston Villa,H,12,4,9,4,0.5,0.2,3.2,1.6,2.0,2.2,14.2,13.8,6.4,6.6,12.2,20.0,4,3,1.0,0.0,0.0,2,1.2,1.0,1.2,1.8,1545.097123734109,1496.1670674021716,48.930056331937294,1536.3178552900754,1507.7672084425042,28.550646847571215
E0,2019-12-05,Arsenal,Brighton,A,3,1,9,1,0.4,0.1,1.0,1.6,0.6,1.8,10.6,12.4,4.0,3.2,17.8,19.0,4,5,0.3333333333333333,0.3333333333333333,0.3333333333333333,6,0.4,0.8,0.4,0.8,1576.658556194586,1465.7131276274763,110.9454285671095,1531.7115871742185,1483.8107109366956,47.90087623752288
E0,2019-12-05,Sheffield United,Newcastle,A,7,3,7,3,0.4285714285714285,0.4,1.0,0.6,0.8,2.6,8.8,7.8,3.2,3.0,13.2,16.6,4,5,0.5,0.5,0.0,0,0.6,0.4,0.2,1.6,1509.7475094234142,1473.324208324752,36.42330109866202,1514.5843955313426,1496.3919522168085,18.192443314534103
E0,2019-12-07,Man City,Man United,A,10,4,12,4,0.8,0.1,2.4,1.4,1.2,1.6,20.0,13.6,7.8,5.2,8.2,10.8,4,3,0.6,0.3,0.1,10,1.4,0.6,0.8,1.0,1572.327781933096,1504.5699283545034,67.75785357859263,1574.4234546734178,1523.350953108541,51.0725015648768
E0,2019-12-07,Everton,Chelsea,H,3,12,4,12,0.6,0.5,1.4,2.4,3.2,1.6,13.6,14.2,4.0,6.4,9.6,12.2,3,3,0.1,0.6,0.3,10,0.4,1.4,1.2,1.0,1507.5437370057562,1527.538586846042,-19.994849840285724,1479.5293005168055,1538.2055379200906,-58.676237403285086
E0,2019-12-07,Tottenham,Burnley,H,4,5,11,5,0.5,0.2,1.2,2.0,1.4,1.6,9.2,9.4,4.0,2.6,13.6,15.4,3,4,0.6,0.1,0.3,10,0.4,1.4,1.2,0.6,1554.9636021411973,1489.022231883273,65.94137025792429,1535.882720172693,1495.2280850494813,40.65463512321185
E0,2019-12-07,Bournemouth,Liverpool,A,1,13,8,13,0.3,0.9,0.6,1.4,1.6,0.8,13.4,13.8,3.8,4.2,12.2,10.6,4,3,0.125,0.75,0.125,8,0.4,0.8,1.2,0.4,1510.3097772605845,1589.1280976862147,-78.81832042563042,1486.7315294481448,1603.7656994929243,-117.03417004477956
E0,2019-12-07,Watford,Crystal Palace,D,4,7,3,7,0.0,0.6,0.8,1.4,1.2,1.8,8.6,7.6,2.6,3.4,11.6,15.0,3,4,0.25,0.375,0.375,8,0.2,1.2,0.8,0.6,1436.9191170174472,1529.0755603604869,-92.15644334303964,1455.855300252958,1510.3278064056658,-54.472506152707865
E0,2019-12-08,Aston Villa,Leicester,A,4,9,8,9,0.5,0.5,1.8,2.0,2.8,0.6,12.8,13.8,5.4,6.6,20.8,10.6,4,4,0.5,0.5,0.0,2,1.0,1.4,1.8,0.2,1519.3673494828367,1546.6063614743673,-27.23901199153056,1505.879525812489,1546.3037023746842,-40.42417656219527
E0,2019-12-08,Newcastle,Southampton,H,6,5,9,5,0.3,0.2,1.0,2.0,1.2,1.4,7.4,12.6,3.6,5.4,15.0,13.6,3,4,0.375,0.25,0.375,8,0.4,1.4,0.6,0.8,1519.4596961088648,1483.323259690217,36.13643641864792,1504.3265167816858,1465.5380242465076,38.78849253517819
E0,2019-12-08,Norwich,Sheffield United,A,4,7,4,7,0.2857142857142857,0.1428571428571428,0.6,1.2,1.0,0.6,10.0,8.8,2.4,3.2,15.8,13.2,4,3,0.5,0.5,0.0,0,0.6,0.6,0.6,0.4,1473.7116543930156,1519.421281639271,-45.70962724625542,1471.7438757924174,1506.6498309664653,-34.905955174047904
E0,2019-12-08,Brighton,Wolves,D,3,9,10,9,0.3,0.3,1.0,2.0,1.4,0.8,13.2,15.2,4.4,5.2,19.2,12.6,3,4,0.5,0.0,0.5,2,0.6,1.0,1.0,0.4,1501.9082942459145,1526.5115870882664,-24.603292842351948,1490.4771771672454,1520.2199451703673,-29.74276800312191
E0,2019-12-09,West Ham,Arsenal,A,4,3,4,3,0.3,0.2,0.6,1.8,1.0,1.6,8.6,10.6,4.2,4.0,15.6,17.8,5,4,0.1,0.7,0.2,10,0.4,0.8,0.4,0.8,1503.0872317219537,1486.764618153851,16.322613568102497,1490.2710807008498,1525.0451209436687,-34.774040242818955
E0,2019-12-14,Southampton,West Ham,A,2,4,6,4,0.2,0.4,1.2,1.8,0.6,1.8,14.2,8.6,4.8,4.2,12.6,15.6,6,5,0.4,0.5,0.1,10,0.6,1.2,0.4,0.8,1447.7527888027982,1477.454929679746,-29.70214087694785,1462.1072334234643,1483.7660084747708,-21.658775051306293
E0,2019-12-14,Sheffield United,Aston Villa,H,7,4,7,4,0.375,0.1,1.0,0.8,1.8,2.0,10.2,12.8,3.6,5.4,12.8,20.8,6,6,0.5,0.5,0.0,0,0.8,0.4,1.0,1.4,1493.8783802936591,1492.3917021421412,1.4866781515181628,1509.261338760435,1500.7820255793758,8.479313181058842
E0,2019-12-14,Chelsea,Bournemouth,A,9,1,12,1,0.5,0.2,2.4,1.8,0.6,1.4,14.2,13.4,6.0,3.8,12.6,12.2,7,7,0.625,0.375,0.0,8,1.0,1.0,0.4,0.8,1548.8724889941393,1463.1532816357053,85.719207358434,1531.2383834025163,1481.7991522645148,49.43923113800156
E0,2019-12-14,Burnley,Newcastle,H,4,6,6,6,0.4,0.4,1.2,2.4,1.0,2.0,9.4,7.4,2.6,3.6,15.2,15.0,7,6,0.25,0.25,0.5,8,1.0,0.8,0.4,1.4,1501.4339382156895,1489.193337454507,12.240600761182804,1489.358227253159,1507.7573076047288,-18.399080351569864
E0,2019-12-14,Leicester,Norwich,D,12,4,15,4,0.8,0.125,3.6,0.6,0.6,1.2,16.6,10.0,7.6,2.4,11.6,15.8,6,6,0.5,0.5,0.0,0,2.2,0.2,0.6,0.6,1546.0010432750014,1469.7760971918192,76.2249460831822,1551.4012026077974,1469.1323679984478,82.2688346093496
E0,2019-12-14,Liverpool,Watford,H,13,4,15,4,1.0,0.2,1.8,0.6,0.8,1.4,16.8,8.6,5.4,2.6,8.6,11.6,7,7,0.75,0.0,0.25,8,1.4,0.2,0.2,1.2,1618.4033012996338,1474.7914834884684,143.61181781116534,1608.698076676554,1458.4711856669985,150.22689100955586
E0,2019-12-15,Man United,Everton,D,7,3,9,3,0.4,0.1,1.6,1.4,1.4,2.4,14.0,13.6,6.0,4.0,13.6,9.6,8,8,0.6,0.2,0.2,10,0.8,1.0,0.4,1.4,1542.1319778625789,1451.5148640278546,90.61711383472402,1530.037750242164,1486.4964550343798,43.54129520778429
E0,2019-12-15,Wolves,Tottenham,A,9,4,11,4,0.5,0.1,1.6,1.0,1.2,2.0,15.0,9.2,5.4,4.0,12.6,13.6,7,8,0.5,0.5,0.0,2,0.8,0.2,0.4,1.4,1513.928303252468,1516.8018382041887,-2.8735349517205577,1519.004825737558,1541.7525779690154,-22.747752231457525
E0,2019-12-15,Arsenal,Man City,A,5,10,6,10,0.3,0.7,1.2,1.4,2.4,1.4,10.6,20.0,3.8,7.8,13.8,8.2,6,8,0.1,0.7,0.2,10,1.0,0.4,1.4,0.6,1563.3256237334865,1576.5191274137394,-13.193503680252888,1531.5501931697477,1567.7366575397946,-36.186464370046906
E0,2019-12-16,Crystal Palace,Brighton,D,8,3,6,3,0.4,0.2,1.2,1.0,1.0,2.0,6.0,13.2,2.2,4.4,15.0,19.2,9,8,0.3333333333333333,0.3333333333333333,0.3333333333333333,6,0.8,0.6,0.6,1.0,1491.5800524508447,1479.046060088576,12.533992362268693,1507.7119209916252,1491.6922966000548,16.01962439157046
E0,2019-12-21,Bournemouth,Burnley,A,4,4,5,4,0.3,0.1,0.8,1.2,1.2,2.4,13.6,9.4,3.8,2.6,13.4,15.2,7,7,0.375,0.625,0.0,8,0.6,0.8,1.0,0.8,1500.4450228933242,1477.282516290628,23.16250660269634,1487.5488700625256,1493.7137690578038,-6.164898995278236
E0,2019-12-21,Everton,Arsenal,D,4,5,7,5,0.6,0.3,1.6,2.4,1.2,1.4,13.0,10.6,4.2,3.8,12.6,13.8,6,6,0.2,0.7,0.1,10,0.4,1.4,1.0,0.4,1521.478046040905,1499.774762606009,21.703283434895862,1488.0529891274807,1526.1299568461077,-38.076967718626975
E0,2019-12-21,Man City,Leicester,H,10,12,9,12,0.7,0.5,2.4,1.2,3.6,0.6,18.8,16.6,7.4,7.6,7.0,11.6,6,7,0.8,0.2,0.0,10,1.0,0.6,2.2,0.2,1558.95418766585,1556.801361940593,2.152825725256662,1573.156893863435,1548.6230272021385,24.533866661296543
E0,2019-12-21,Aston Villa,Southampton,A,1,2,7,2,0.4,0.2,0.8,2.2,1.2,1.8,10.0,14.2,3.0,4.8,18.0,12.6,7,7,0.0,0.5,0.5,2,0.4,1.6,0.6,1.2,1509.1723490166107,1476.4616780441308,32.710670972479875,1494.8935738138052,1457.5443182266338,37.349255587171456
E0,2019-12-21,Newcastle,Crystal Palace,H,6,8,11,8,0.4,0.5,1.0,1.2,1.2,1.0,8.6,6.0,3.6,2.2,13.8,15.0,7,5,0.25,0.125,0.625,8,0.4,0.8,0.8,0.6,1526.3212777549509,1523.8437895324057,2.477488222545162,1503.401765800084,1506.461516143581,-3.0597503434973987
E0,2019-12-21,Brighton,Sheffield United,A,4,7,10,7,0.3,0.25,1.2,1.8,1.0,0.8,14.6,10.2,6.2,3.6,16.6,12.8,5,7,0.5,0.5,0.0,0,0.8,0.8,0.8,0.4,1504.3385331115337,1524.6442972272102,-20.30576411567677,1492.942701448099,1515.1497905260055,-22.207089077906858
E0,2019-12-21,Norwich,Wolves,A,5,9,1,9,0.25,0.3,0.8,1.0,1.6,1.0,10.0,15.0,2.4,5.4,16.4,12.6,7,6,0.5,0.5,0.0,0,0.6,0.4,0.8,0.2,1468.4886388050763,1524.0813482226474,-55.592709417571086,1471.9105434041066,1513.9929232116122,-42.082379807505504
E0,2019-12-22,Watford,Man United,H,4,7,3,7,0.0,0.2,0.8,1.4,1.6,1.4,7.4,14.0,2.0,6.0,13.6,13.6,8,7,0.125,0.875,0.0,8,0.2,1.2,0.8,1.0,1442.1508878455284,1517.9435226217497,-75.79263477622112,1457.676647750834,1528.4812161490631,-70.8045683982291
E0,2019-12-22,Tottenham,Chelsea,A,7,9,11,9,0.5,0.5,1.6,1.6,2.4,1.8,9.4,14.2,4.4,6.0,13.8,12.6,7,8,0.5,0.5,0.0,10,0.6,1.4,1.0,1.0,1566.7033177338424,1513.604277810893,53.09903992294926,1546.7644804949612,1525.4886656045055,21.27581489045565
E0,2019-12-26,Leicester,Liverpool,A,12,13,13,13,0.7,0.9,3.6,0.8,1.8,0.6,17.2,16.8,7.8,5.4,12.6,8.6,5,12,0.0909090909090909,0.7272727272727273,0.1818181818181818,11,2.0,0.2,1.4,0.2,1540.444692463684,1598.9928520534747,-58.548159589790885,1542.9003821758763,1609.4926145927188,-66.59223241684231
E0,2019-12-26,Man United,Newcastle,H,7,6,9,6,0.4,0.4,1.6,1.6,1.0,1.2,15.0,8.6,7.0,3.6,13.4,13.8,4,5,0.6666666666666666,0.3333333333333333,0.0,9,0.8,1.2,0.4,0.8,1539.0189096763768,1480.4822538452167,58.53665583116003,1520.7564416953062,1506.3625495892816,14.393892106024625
E0,2019-12-26,Sheffield United,Watford,D,9,4,10,4,0.4444444444444444,0.1,1.2,0.8,0.8,1.4,9.8,7.4,3.4,2.0,13.0,13.6,5,4,0.0,0.0,1.0,1,0.8,0.4,0.2,1.2,1505.6552838248008,1473.2024076561397,32.452876168661305,1518.6617494266266,1465.4014222045907,53.26032722203581
E0,2019-12-26,Everton,Burnley,H,4,6,8,6,0.5,0.2,1.6,2.4,1.0,2.0,13.0,7.8,4.2,2.2,12.6,12.6,5,5,0.4545454545454545,0.5454545454545454,0.0,11,0.4,1.4,0.8,0.6,1516.8772783483953,1490.0619746578536,26.81530369054167,1485.752605281226,1500.103498241417,-14.350892960190777
E0,2019-12-26,Bournemouth,Arsenal,D,4,5,4,5,0.3,0.3,0.8,1.2,1.0,1.2,13.6,9.8,3.8,3.2,13.4,12.4,5,5,0.2222222222222222,0.6666666666666666,0.1111111111111111,9,0.6,0.8,0.8,0.4,1487.6655645260985,1504.3755302985187,-16.70996577242022,1481.1591408789127,1528.4303406923625,-47.271199813449584
E0,2019-12-26,Aston Villa,Norwich,H,1,5,6,5,0.3,0.1111111111111111,0.8,2.2,0.8,1.0,10.0,10.0,3.0,2.4,18.0,16.4,5,5,1.0,0.0,0.0,1,0.4,1.6,0.6,0.4,1497.1015833151366,1475.3324480031367,21.76913531199989,1488.8581909630682,1470.326984715699,18.531206247369255
E0,2019-12-26,Tottenham,Brighton,H,7,4,8,4,0.5,0.2,1.6,1.6,1.2,1.8,9.4,14.6,4.4,6.2,13.8,16.6,4,5,0.5714285714285714,0.1428571428571428,0.2857142857142857,7,0.6,1.4,0.8,0.8,1551.197853714058,1481.5468697846638,69.65098392939422,1539.011748485069,1489.4307425474776,49.58100593759127
E0,2019-12-26,Crystal Palace,West Ham,H,5,6,4,6,0.4,0.4,0.8,1.0,0.4,1.4,7.8,7.4,2.2,3.8,14.8,15.2,5,12,0.1818181818181818,0.3636363636363636,0.4545454545454545,11,0.4,0.6,0.2,0.6,1489.079242754757,1486.5807600734076,2.4984826813492873,1503.5007323543834,1488.3289236716014,15.171808682782055
E0,2019-12-26,Chelsea,Southampton,A,9,5,9,5,0.5,0.3,2.0,1.6,1.6,1.6,14.2,14.8,5.2,5.2,11.6,14.6,4,5,0.7272727272727273,0.0,0.2727272727272727,11,0.8,1.0,0.8,1.4,1537.3730533981177,1488.532443745605,48.84060965251274,1533.2413976143976,1463.5797010773708,69.66169653702673
E0,2019-12-27,Wolves,Man City,H,9,10,8,10,0.4,0.7,1.6,1.2,2.4,1.2,16.4,18.8,5.8,7.4,11.6,7.0,6,6,0.3333333333333333,0.3333333333333333,0.3333333333333333,3,0.8,0.2,1.0,0.6,1503.9044982005769,1587.3596000610198,-83.45510186044294,1515.57648190002,1578.879538889697,-63.30305698967709
E0,2019-12-28,West Ham,Leicester,A,6,12,1,12,0.3,0.5,0.6,1.4,3.6,0.8,7.8,17.2,3.4,7.8,14.0,12.6,2,2,0.3,0.3,0.4,10,0.4,0.8,2.0,0.2,1490.0770872697954,1545.3560718880694,-55.27898461827408,1484.6160259703588,1535.7716883164594,-51.1556623461006
E0,2019-12-28,Burnley,Man United,A,6,7,6,7,0.5,0.2,0.8,1.8,1.6,1.6,6.4,15.0,1.4,7.0,13.0,13.4,2,2,0.0,0.5,0.5,10,0.8,0.6,0.8,1.2,1510.14502182498,1502.4939737142356,7.651048110744341,1496.3586896423612,1525.0122561758717,-28.653566533510457
E0,2019-12-28,Norwich,Tottenham,D,4,7,1,7,0.2222222222222222,0.2,0.8,1.2,1.6,1.6,11.2,9.4,3.4,4.4,16.4,13.8,2,2,0.5,0.5,0.0,0,0.6,0.6,0.6,1.4,1465.321521428261,1526.82564325608,-61.50412182781906,1467.5814102576485,1540.995469728925,-73.41405947127669
E0,2019-12-28,Brighton,Bournemouth,H,4,4,7,4,0.3,0.3,1.2,1.8,0.8,1.2,12.8,13.6,6.2,3.8,14.0,13.4,2,2,0.0,0.6666666666666666,0.3333333333333333,6,0.8,1.0,0.6,0.8,1497.3146153102912,1474.652717231727,22.661898078564263,1487.4470213036216,1481.389295720536,6.057725583085585
E0,2019-12-28,Southampton,Crystal Palace,D,7,5,6,5,0.2,0.4,1.8,1.4,0.8,1.0,13.0,7.8,4.8,2.2,15.8,14.8,2,2,0.6,0.3,0.1,10,0.8,1.2,0.4,0.6,1438.6269584091367,1517.92222195401,-79.29526354487325,1471.9196470587583,1507.2136300556265,-35.293982996867726
E0,2019-12-28,Watford,Aston Villa,H,4,1,5,1,0.1,0.1,0.8,1.4,0.8,2.2,7.0,10.0,2.0,3.0,14.4,18.0,2,2,0.5,0.5,0.0,0,0.2,1.0,0.4,1.6,1457.6004367530422,1480.6147986109995,-23.01436185795751,1466.607472146564,1491.6037654211189,-24.996293274555
E0,2019-12-28,Newcastle,Everton,A,6,4,11,4,0.4,0.1,1.2,1.8,1.6,2.4,9.0,13.0,4.0,4.2,15.0,12.6,2,2,0.25,0.625,0.125,8,0.4,0.8,0.4,1.4,1532.2428453333466,1454.6279322140565,77.61491311929012,1502.106735108716,1489.497413880281,12.609321228434736
E0,2019-12-29,Man City,Sheffield United,H,7,9,12,9,0.7,0.3333333333333333,2.4,1.8,1.2,0.8,16.0,9.8,6.0,3.4,9.6,13.0,2,3,0.5,0.5,0.0,0,1.2,1.2,0.8,0.4,1570.399477718374,1531.6682150284526,38.73126268992132,1572.5352312449493,1517.4556994846537,55.079531760295595
E0,2019-12-29,Arsenal,Chelsea,A,6,9,3,9,0.3,0.6,1.2,1.2,2.0,1.6,11.4,14.2,3.0,5.2,13.2,11.6,3,3,0.2,0.3,0.5,10,1.0,0.4,0.8,1.0,1552.485151086206,1529.1097418306774,23.375409255528663,1528.2001858507392,1524.90145163301,3.2987342177293613
E0,2019-12-29,Liverpool,Wolves,H,13,9,15,9,1.0,0.3,2.4,0.6,1.6,1.2,16.6,16.4,5.8,5.8,6.8,11.6,3,2,1.0,0.0,0.0,2,1.8,0.2,0.8,0.2,1619.9923771319627,1527.2484655994629,92.74391153249984,1616.621308452136,1521.9207895447676,94.7005189073684
E0,2020-01-01,Arsenal,Man United,H,6,7,2,7,0.3,0.3,1.2,1.2,1.4,1.4,11.4,13.6,3.0,5.8,13.2,13.0,3,4,0.1818181818181818,0.4545454545454545,0.3636363636363636,11,1.0,0.4,0.8,1.0,1543.6488654369389,1515.2865511481295,28.36231428880933,1523.7820430261054,1531.4085448928188,-7.626501866713397
E0,2020-01-01,West Ham,Bournemouth,H,6,3,1,3,0.3,0.3,0.6,1.4,0.8,1.6,7.8,12.6,3.4,3.2,14.0,15.2,4,4,0.1111111111111111,0.3333333333333333,0.5555555555555556,9,0.4,0.8,0.6,1.0,1486.063208843352,1463.645452190853,22.417756652499065,1482.609086757137,1475.8856632000989,6.7234235570381315
E0,2020-01-01,Norwich,Crystal Palace,D,4,5,2,5,0.2,0.3,0.8,1.2,0.6,0.8,11.2,6.8,3.4,1.8,16.4,14.6,4,4,0.0,1.0,0.0,1,0.6,0.6,0.4,0.8,1466.351267033903,1515.2622155897373,-48.91094855583424,1468.0962830604692,1505.88362687349,-37.7873438130207
E0,2020-01-01,Man City,Everton,H,7,7,12,7,0.7,0.2,2.4,1.8,1.6,2.0,16.0,15.4,6.0,4.8,9.6,15.0,3,4,0.5454545454545454,0.0909090909090909,0.3636363636363636,11,1.2,1.2,0.4,1.2,1579.8604498021373,1465.888525697147,113.97192410498997,1577.265717286831,1495.1277106218267,82.13800666500424
E0,2020-01-01,Brighton,Chelsea,D,4,9,7,9,0.4,0.7,1.2,1.8,1.6,1.4,12.8,13.6,6.2,4.6,14.0,10.4,4,3,0.0,1.0,0.0,7,0.8,1.0,0.8,0.6,1508.3218803511652,1537.9460274799446,-29.62414712877944,1492.9506538240585,1529.3195944576432,-36.36894063358477
E0,2020-01-01,Southampton,Tottenham,H,7,8,7,8,0.2,0.2,1.8,1.4,1.8,1.6,13.0,10.2,4.8,5.0,15.8,10.6,4,4,0.0909090909090909,0.6363636363636364,0.2727272727272727,11,0.8,1.2,1.0,1.2,1441.2869647734094,1525.7958976504378,-84.50893287702843,1473.2496502408949,1540.4805969261038,-67.23094668520889
E0,2020-01-01,Newcastle,Leicester,A,6,12,10,12,0.4,0.6,1.2,1.8,2.2,1.0,9.0,14.8,4.0,6.4,15.0,14.2,4,4,0.4444444444444444,0.5555555555555556,0.0,9,0.4,0.8,1.4,0.2,1520.9822518502558,1549.3699503145128,-28.387698464257028,1496.4764383671709,1537.778627529681,-41.30218916251033
E0,2020-01-01,Burnley,Aston Villa,A,6,1,6,1,0.5,0.1,0.8,1.8,0.8,2.2,6.4,10.0,1.4,2.4,13.0,17.0,4,4,0.3333333333333333,0.0,0.6666666666666666,3,0.8,0.6,0.4,1.4,1497.352444391086,1465.8106808889318,31.541763502154257,1489.9624009254144,1484.2017065600849,5.7606943653295275
E0,2020-01-01,Watford,Wolves,H,4,8,7,8,0.2,0.3,0.8,1.4,1.4,1.2,7.0,15.8,2.0,5.2,14.4,11.0,4,3,0.3333333333333333,0.6666666666666666,0.0,3,0.2,1.0,0.6,0.2,1472.4045544751102,1524.761519259172,-52.3569647840618,1474.0095310075978,1520.677316374622,-46.66778536702418
E0,2020-01-02,Liverpool,Sheffield United,H,13,8,15,8,1.0,0.3,2.4,0.6,1.0,1.0,16.6,9.4,5.8,2.6,6.8,13.8,4,4,1.0,0.0,0.0,1,1.8,0.2,0.6,0.8,1622.4793234722536,1522.2072429446891,100.2720805275644,1617.8647816222815,1512.725213442772,105.13956817950952
E0,2020-01-10,Sheffield United,West Ham,H,7,6,8,6,0.4,0.3,0.8,1.2,0.6,1.4,7.2,7.8,2.2,3.4,14.2,14.0,8,9,0.0,0.0,1.0,1,0.4,0.8,0.4,0.8,1503.2431839408548,1479.1549646709225,24.08821926993255,1511.1841015542946,1489.6254162032924,21.55868535100217
E0,2020-01-11,Tottenham,Liverpool,A,7,13,10,13,0.6,0.9,1.6,1.6,2.4,0.6,11.6,16.6,5.6,5.8,11.6,6.8,10,9,0.1818181818181818,0.5454545454545454,0.2727272727272727,11,0.8,1.0,1.8,0.2,1555.16529620177,1613.2502397723094,-58.08494357053951,1535.3874604582693,1619.4058935107587,-84.0184330524894
E0,2020-01-11,Crystal Palace,Arsenal,D,6,6,7,6,0.4,0.2,0.8,0.6,1.2,1.2,8.6,11.4,2.2,3.0,13.0,13.2,10,10,0.1818181818181818,0.6363636363636364,0.1818181818181818,11,0.6,0.4,1.0,0.4,1496.5050381572423,1503.915220615272,-7.410182458029794,1505.1876787567862,1528.3871429748024,-23.199464218016143
E0,2020-01-11,Chelsea,Burnley,H,7,6,6,6,0.4,0.2,1.4,1.4,0.8,1.8,13.6,6.4,3.6,1.4,11.2,13.0,10,10,0.5454545454545454,0.1818181818181818,0.2727272727272727,11,0.6,0.6,0.8,0.6,1520.693161435342,1482.5723574597423,38.12080397559953,1528.3093353574611,1483.946941620096,44.36239373736521
E0,2020-01-11,Everton,Brighton,H,4,4,8,4,0.5,0.2,1.4,2.2,1.2,1.8,12.0,12.8,4.2,6.2,17.4,14.0,10,10,0.4285714285714285,0.2857142857142857,0.2857142857142857,7,0.4,1.4,0.8,1.0,1524.3668955465064,1477.579427296952,46.78746824955442,1493.624003231433,1493.9609129242408,-0.3369096928076942
E0,2020-01-11,Leicester,Southampton,A,12,7,10,7,0.7,0.4,2.4,1.0,1.8,1.4,15.4,13.0,7.4,4.8,12.8,15.8,10,10,0.4545454545454545,0.2727272727272727,0.2727272727272727,11,1.2,0.2,0.8,1.2,1526.1873047448491,1505.2123357083806,20.974969036468565,1543.5820338377,1478.3427867087294,65.23924712897065
E0,2020-01-11,Man United,Norwich,H,7,4,11,4,0.5,0.1,1.4,1.6,0.8,1.2,12.6,11.2,5.8,3.4,12.6,16.4,10,10,1.0,0.0,0.0,1,0.8,1.0,0.6,0.6,1547.530538637508,1469.8412990870354,77.68923955047262,1526.8034449441218,1468.7922311771729,58.01121376694891
E0,2020-01-11,Wolves,Newcastle,D,7,6,10,6,0.4,0.3,1.4,1.4,1.2,1.8,14.0,9.0,4.4,4.0,10.8,15.0,10,10,0.3333333333333333,0.0,0.6666666666666666,3,0.6,0.4,0.4,0.8,1516.593113490072,1471.9706248840855,44.62248860598652,1515.0761760082105,1490.6730320591516,24.40314394905863
E0,2020-01-12,Bournemouth,Watford,A,3,4,4,4,0.2,0.1,0.6,2.0,0.8,1.4,10.0,7.0,3.0,2.0,14.0,14.4,11,11,0.1111111111111111,0.2222222222222222,0.6666666666666666,9,0.6,1.0,0.2,1.0,1488.125874209345,1475.6145075400857,12.511366669259589,1468.8693337539437,1479.6106713740096,-10.741337620066131
E0,2020-01-12,Aston Villa,Man City,A,4,7,6,7,0.4,0.6,1.0,2.0,2.4,1.8,9.6,16.0,2.8,6.0,17.6,9.6,11,11,0.0,1.0,0.0,3,0.2,1.4,1.2,1.2,1502.592732231238,1574.670984771525,-72.07825254028671,1490.217165865403,1578.7694246772246,-88.55225881182128
E0,2020-01-18,Watford,Tottenham,D,4,7,10,7,0.3,0.2,1.0,1.4,1.6,1.6,8.2,11.6,2.8,5.6,13.0,11.6,6,7,0.1111111111111111,0.5555555555555556,0.3333333333333333,9,0.4,1.0,0.8,1.0,1483.6068352079335,1515.6096247147689,-32.00278950683514,1489.2006800738206,1533.3823691917255,-44.18168911790485
E0,2020-01-18,Arsenal,Sheffield United,D,7,7,4,7,0.3,0.3,1.4,1.0,0.8,1.2,11.2,7.2,3.6,2.2,10.6,14.2,7,8,0.0,1.0,0.0,1,1.0,0.2,0.4,0.8,1552.8590653343329,1519.1250191677343,33.73404616659832,1528.538488780625,1514.3115307500425,14.22695803058241
E0,2020-01-18,Brighton,Aston Villa,D,4,4,5,4,0.4,0.2,1.0,1.4,1.0,2.0,13.4,9.6,6.2,2.8,12.6,17.6,7,6,0.0,1.0,0.0,1,0.6,0.8,0.2,1.4,1510.3423985515296,1477.8415994995685,32.50079905196117,1490.5452743389228,1485.5854192124457,4.9598551264773505
E0,2020-01-18,Man City,Crystal Palace,D,10,6,12,6,0.8,0.3,3.4,1.4,0.8,0.6,16.8,8.6,7.8,2.2,8.6,13.0,6,7,0.6363636363636364,0.1818181818181818,0.1818181818181818,11,1.4,1.2,0.6,0.4,1582.8678645829243,1513.87031935633,68.99754522659464,1583.4011713301825,1505.0363329509637,78.36483837921878
E0,2020-01-18,Norwich,Bournemouth,H,4,3,3,3,0.1,0.2,0.8,1.6,0.6,2.0,11.4,10.0,4.0,3.0,14.8,14.0,7,6,0.0,0.0,1.0,1,0.6,0.8,0.6,1.0,1467.7431632673104,1449.612793298542,18.130369968768264,1465.5927369768797,1459.2793250541326,6.313411922747036
E0,2020-01-18,Southampton,Wolves,A,10,7,10,7,0.3,0.3,2.0,1.2,1.4,1.4,15.6,14.0,6.2,4.4,11.6,10.8,7,7,0.3333333333333333,0.3333333333333333,0.3333333333333333,3,1.0,0.8,0.6,0.4,1451.4732377090784,1513.5592385263485,-62.08600081727013,1484.1088126719524,1513.729316284439,-29.620503612486573
E0,2020-01-18,West Ham,Everton,D,6,4,3,4,0.3,0.2,0.6,1.0,1.4,2.2,7.8,12.0,3.0,4.2,13.8,17.4,8,7,0.2727272727272727,0.6363636363636364,0.0909090909090909,11,0.4,0.8,0.4,1.4,1500.0958677356628,1462.88111091636,37.21475681930269,1486.4979870075445,1497.039641816751,-10.541654809206648
E0,2020-01-18,Newcastle,Chelsea,H,4,7,7,7,0.4,0.7,0.8,1.6,1.4,1.4,7.6,13.6,2.4,3.6,13.6,11.2,7,7,0.3333333333333333,0.6666666666666666,0.0,9,0.2,0.4,0.6,0.6,1509.3754392342178,1535.9255092795802,-26.550070045362418,1492.019891782923,1532.7244817264746,-40.70458994355158
E0,2020-01-19,Burnley,Leicester,H,6,12,3,12,0.4,0.7,0.8,1.8,2.4,1.0,6.6,15.4,1.8,7.4,14.0,12.8,8,8,0.2727272727272727,0.5454545454545454,0.1818181818181818,11,0.8,0.8,1.2,0.2,1485.3215257804493,1560.9767629305509,-75.65523715010158,1479.5317952510827,1537.8160078744772,-58.28421262339453
E0,2020-01-19,Liverpool,Man United,H,15,7,15,7,1.0,0.3,2.4,0.4,1.4,1.6,17.2,12.6,6.4,5.8,8.2,12.6,8,8,0.0909090909090909,0.3636363636363636,0.5454545454545454,11,1.6,0.2,0.8,1.0,1625.5615472492082,1506.0763512507356,119.4851959984726,1621.4109847773025,1530.002939144415,91.40804563288748
E0,2020-01-21,Chelsea,Arsenal,D,7,7,6,7,0.5,0.1,1.2,1.2,1.4,1.0,15.2,11.2,4.0,3.6,9.6,10.6,3,3,0.3636363636363636,0.1818181818181818,0.4545454545454545,11,0.6,0.8,1.0,0.2,1529.5234541733687,1504.217912226917,25.30554194645174,1528.2218308698398,1526.8129686029283,1.4088622669114557
E0,2020-01-21,Sheffield United,Man City,A,7,10,8,10,0.4,0.6,0.8,1.2,3.4,1.4,7.8,16.8,2.2,7.8,13.8,8.6,3,3,0.0,1.0,0.0,1,0.6,0.6,1.4,1.2,1509.498042332351,1583.9344780774402,-74.43643574508951,1516.037050927739,1580.9259586961466,-64.88890776840753
E0,2020-01-21,Aston Villa,Watford,H,4,4,6,4,0.4,0.2,0.8,1.8,1.0,1.4,9.4,8.2,2.8,2.8,16.4,13.0,3,3,0.0,1.0,0.0,1,0.2,1.2,0.4,1.0,1493.3292389253224,1494.7945249397076,-1.4652860143851285,1487.6259297381744,1489.6194474808576,-1.9935177426832524
E0,2020-01-21,Crystal Palace,Southampton,A,4,10,8,10,0.4,0.5,0.8,1.0,2.0,1.2,8.2,15.6,2.4,6.2,15.0,11.6,3,3,0.2727272727272727,0.5454545454545454,0.1818181818181818,11,0.6,0.8,1.0,0.8,1496.2023465455975,1516.744387634826,-20.542041089228633,1507.511545584999,1481.1646165979505,26.34692898704884
E0,2020-01-21,Bournemouth,Brighton,H,3,4,1,4,0.2,0.1,0.2,1.6,1.0,1.4,7.2,13.4,2.4,6.2,14.2,12.6,3,3,0.5714285714285714,0.1428571428571428,0.2857142857142857,7,0.2,0.6,0.6,0.8,1468.945856809723,1470.7481501263162,-1.80229331659325,1456.0940554428582,1488.504763813194,-32.41070837033567
E0,2020-01-21,Everton,Newcastle,D,5,4,10,4,0.5,0.3,1.4,2.0,0.8,1.6,12.0,7.6,4.2,2.4,16.6,13.6,3,3,0.6666666666666666,0.2222222222222222,0.1111111111111111,9,0.4,1.0,0.2,0.4,1531.198172717142,1474.6643443316284,56.53382838551374,1497.8411507802846,1496.5225426395575,1.3186081407268375
E0,2020-01-22,Leicester,West Ham,H,9,6,7,6,0.7,0.3,2.2,1.4,0.6,1.0,15.2,7.8,7.2,3.0,13.0,13.8,3,4,0.3636363636363636,0.2727272727272727,0.3636363636363636,11,0.8,0.6,0.4,0.8,1514.6552528184036,1472.9001062794264,41.755146538977215,1531.9399914501537,1485.6964780440112,46.243513406142256
E0,2020-01-22,Tottenham,Norwich,H,5,4,9,4,0.5,0.1,1.0,1.2,0.8,1.6,12.0,11.4,5.4,4.0,12.4,14.8,4,4,0.0,0.0,1.0,1,0.6,0.6,0.6,0.8,1551.1551136686824,1463.442310686449,87.71280298223337,1532.9636017846888,1468.778006588154,64.1855951965349
E0,2020-01-22,Man United,Burnley,A,6,6,11,6,0.5,0.2,0.8,1.4,0.8,1.8,12.2,6.6,5.6,1.8,13.4,14.0,3,3,0.5454545454545454,0.0,0.4545454545454545,11,0.2,0.8,0.8,0.8,1553.9295270380944,1473.742064721716,80.18746231637851,1529.409543977328,1485.4078116754065,44.00173230192172
E0,2020-01-23,Wolves,Liverpool,A,7,15,8,15,0.4,0.9,1.6,1.6,2.4,0.4,12.2,17.2,3.8,6.4,11.2,8.2,5,4,0.0,1.0,0.0,3,1.2,0.2,1.6,0.2,1513.8993940425291,1617.260422305397,-103.36102826286788,1516.6735123584408,1622.0043799443897,-105.33086758594892
E0,2020-01-29,West Ham,Liverpool,A,3,15,4,15,0.3,0.9,0.6,1.8,2.4,0.4,8.0,14.8,2.6,6.4,13.8,9.2,7,6,0.1,0.7,0.2,10,0.4,1.2,1.4,0.4,1498.4928498085958,1619.997873906625,-121.50502409802924,1481.4892489738686,1623.3731057450036,-141.88385677113502
E0,2020-02-01,Bournemouth,Aston Villa,H,3,4,4,4,0.3,0.2,0.2,1.6,0.8,1.8,7.2,9.4,2.4,2.8,14.2,16.4,11,11,1.0,0.0,0.0,1,0.2,0.6,0.2,1.2,1479.942065912409,1481.9226205510265,-1.9805546386176047,1461.5921599942012,1491.8023122613629,-30.210152267161675
E0,2020-02-01,Man United,Wolves,D,6,7,10,7,0.5,0.4,0.8,1.4,1.6,1.6,12.2,12.2,5.6,3.8,13.4,11.2,10,9,0.0,0.3333333333333333,0.6666666666666666,3,0.2,0.8,1.2,0.2,1537.4824625401925,1519.4476306743522,18.03483186584026,1521.186011728377,1515.304786557827,5.881225170550351
E0,2020-02-01,West Ham,Brighton,D,3,4,4,4,0.2,0.1,0.6,1.8,1.0,1.6,8.0,15.2,2.6,6.8,13.8,11.8,3,11,0.0,0.7142857142857143,0.2857142857142857,7,0.4,1.2,0.6,1.0,1497.0455052328189,1459.7519410236305,37.29356420918862,1480.7655766859802,1483.006659261851,-2.241082575870678
E0,2020-02-01,Watford,Everton,A,4,5,11,5,0.3,0.2,1.0,1.4,1.4,2.0,8.6,12.0,2.6,4.2,14.0,16.6,11,11,0.4444444444444444,0.4444444444444444,0.1111111111111111,9,0.4,1.0,0.4,1.0,1484.4443700220074,1464.484128843427,19.960241178580414,1485.443064957669,1496.8943994489152,-11.451334491246143
E0,2020-02-01,Leicester,Chelsea,D,9,7,7,7,0.7,0.6,2.2,1.4,1.2,1.2,15.2,15.2,7.2,4.0,13.0,9.6,10,11,0.0909090909090909,0.5454545454545454,0.3636363636363636,11,0.8,0.6,0.6,0.8,1523.0697109586886,1526.9202075663106,-3.8504966076220626,1536.1472205202958,1527.6610967248523,8.48612379544329
E0,2020-02-01,Liverpool,Southampton,H,15,12,15,12,1.0,0.5,2.4,0.2,2.0,0.8,15.0,14.4,6.6,6.2,7.4,10.4,3,11,0.8181818181818182,0.0,0.1818181818181818,11,1.2,0.2,1.0,0.6,1626.7483375833822,1527.4221313319886,99.3262062513936,1624.096778032892,1486.5034884465315,137.59328958636024
E0,2020-02-01,Crystal Palace,Sheffield United,A,4,7,8,7,0.3,0.3,0.8,1.0,0.8,1.2,8.2,7.8,2.4,2.2,15.0,13.8,11,11,0.0,1.0,0.0,1,0.6,0.8,0.6,0.6,1485.524602848435,1522.5760595231277,-37.051456674692645,1502.172673736418,1513.9895582068398,-11.816884470421655
E0,2020-02-01,Newcastle,Norwich,D,5,1,9,1,0.5,0.1,1.2,1.6,0.6,2.0,7.0,11.2,1.8,3.4,13.6,14.0,11,10,0.0,1.0,0.0,1,0.6,0.6,0.4,1.0,1518.3807409474873,1460.206018357183,58.17472259030433,1497.469293970927,1467.159860423521,30.309433547406115
E0,2020-02-02,Burnley,Arsenal,D,6,7,6,7,0.5,0.1,0.6,1.8,1.4,1.0,5.4,8.4,1.2,2.6,15.8,11.4,11,12,0.0,1.0,0.0,11,0.4,0.8,1.2,0.4,1497.0735586290969,1505.3393805168914,-8.265821887794573,1493.6313439243572,1527.3737027479156,-33.742358823558334
E0,2020-02-02,Tottenham,Man City,H,5,12,9,12,0.6,0.6,1.0,1.2,3.2,1.0,12.0,15.6,5.4,7.0,12.4,8.2,11,12,0.0909090909090909,0.7272727272727273,0.1818181818181818,11,0.6,0.6,1.4,1.0,1554.3914059979484,1588.029463519239,-33.63805752129065,1534.5817479493217,1582.973451417046,-48.39170346772448
E0,2020-02-08,Brighton,Watford,D,2,4,6,4,0.4,0.2,1.2,2.0,1.0,1.4,15.0,8.6,6.2,2.6,11.8,14.0,7,7,0.4285714285714285,0.1428571428571428,0.4285714285714285,7,1.0,1.0,0.4,1.0,1506.2613775000716,1486.4417598933308,19.81961760674085,1483.2499053281276,1480.5051913016464,2.7447140264812333
E0,2020-02-08,Everton,Crystal Palace,H,8,4,11,4,0.4,0.2,1.6,1.4,0.8,1.0,12.0,8.2,4.4,2.4,16.6,15.0,7,7,0.4545454545454545,0.0909090909090909,0.4545454545454545,11,0.6,0.8,0.6,0.8,1529.3046700544037,1518.8207446244012,10.483925430002271,1501.832273104938,1499.1098207338505,2.7224523710874564
E0,2020-02-09,Sheffield United,Bournemouth,H,7,3,7,3,0.4,0.2,0.6,1.0,0.2,1.6,8.0,7.2,2.2,2.4,13.6,14.2,8,8,0.0,0.0,1.0,1,0.4,0.6,0.2,0.6,1505.403056890552,1443.2422540759935,62.16080281455834,1517.0524112094076,1465.215978787198,51.83643242220978
E0,2020-02-14,Wolves,Leicester,D,7,9,7,9,0.4,0.6,1.2,1.2,2.2,1.4,12.4,15.2,3.4,7.2,11.6,13.0,13,13,0.3333333333333333,0.3333333333333333,0.3333333333333333,3,1.2,0.2,0.8,0.6,1511.161942441301,1549.224730081903,-38.06278764060221,1515.4508716191217,1536.1988208010548,-20.74794918193311
E0,2020-02-15,Norwich,Liverpool,A,2,15,5,15,0.2,0.9,0.4,1.6,2.4,0.2,13.0,15.0,3.6,6.6,14.2,7.4,14,14,0.0,1.0,0.0,1,0.2,1.0,1.2,0.2,1474.113702489859,1621.445218482402,-147.33151599254302,1468.523098729664,1626.9352442020818,-158.4121454724177
E0,2020-02-15,Southampton,Burnley,A,12,6,7,6,0.3,0.3,1.8,1.2,0.6,1.8,14.0,5.4,6.2,1.2,11.2,15.8,14,13,0.1818181818181818,0.4545454545454545,0.3636363636363636,11,0.8,1.0,0.4,0.8,1445.5848455610746,1490.1891292196178,-44.60428365854318,1483.665022277342,1494.2342847461127,-10.56926246877083
E0,2020-02-16,Aston Villa,Tottenham,A,4,5,6,5,0.4,0.2,0.8,1.8,1.0,1.2,11.2,12.0,3.2,5.4,14.6,12.4,15,14,0.3333333333333333,0.6666666666666666,0.0,3,0.4,1.0,0.6,0.6,1501.6820039716993,1514.7720899006952,-13.090085928995904,1488.1784934683665,1542.0600754219904,-53.881581953623936
E0,2020-02-16,Arsenal,Newcastle,H,5,5,4,5,0.3,0.2,0.8,0.8,1.2,1.6,9.0,7.0,2.4,1.8,12.2,13.6,14,15,0.7777777777777778,0.2222222222222222,0.0,9,0.6,0.4,0.6,0.6,1549.4080249789397,1476.557846994367,72.85017798457261,1526.77076192616,1496.1060556647842,30.66470626137584
E0,2020-02-17,Chelsea,Man United,A,8,6,7,6,0.5,0.3,1.4,1.0,0.8,1.4,13.6,12.2,3.8,5.6,9.8,13.4,16,16,0.3636363636363636,0.3636363636363636,0.2727272727272727,11,0.8,0.8,0.2,0.8,1528.4019858833942,1504.8895609165615,23.51242496683267,1527.6094964440936,1521.039926667082,6.569569777011566
E0,2020-02-19,Man City,West Ham,H,9,3,10,3,0.7,0.2,2.4,1.2,0.6,1.8,15.8,8.0,6.4,2.6,8.0,13.8,17,18,0.9090909090909092,0.0909090909090909,0.0,11,0.8,1.2,0.4,1.2,1577.9174393148533,1464.4856481391414,113.43179117571184,1575.4951239443774,1480.5223306197036,94.97279332467384
E0,2020-02-22,Leicester,Man City,A,7,9,5,9,0.6,0.6,1.4,1.2,2.4,1.2,12.4,15.8,6.2,6.4,13.0,8.0,8,3,0.1818181818181818,0.8181818181818182,0.0,11,0.4,0.6,0.8,1.2,1523.172911520206,1573.0728085739015,-49.89989705369544,1535.4679934404544,1577.6303166724583,-42.16232323200393
E0,2020-02-22,Southampton,Aston Villa,H,12,4,4,4,0.3,0.2,1.8,1.2,0.8,1.8,14.0,11.2,6.2,3.2,11.2,14.6,7,6,0.6666666666666666,0.0,0.3333333333333333,3,0.8,1.0,0.4,1.0,1434.752393786856,1474.6749829650337,-39.922589178177304,1478.2487963902329,1484.1766606997603,-5.927864309527649
E0,2020-02-22,Sheffield United,Brighton,D,7,2,10,2,0.5,0.1,0.6,1.0,1.2,2.0,8.0,15.0,2.2,6.2,13.6,11.8,13,14,1.0,0.0,0.0,1,0.4,0.6,1.0,1.0,1510.1693195590035,1460.2384331561836,49.93088640281985,1519.4355425436331,1481.864903062381,37.57063948125233
E0,2020-02-22,Burnley,Bournemouth,H,9,3,7,3,0.4,0.1,1.0,1.0,0.4,1.8,5.8,8.0,2.2,2.2,15.2,16.0,7,13,0.6666666666666666,0.3333333333333333,0.0,9,0.6,0.4,0.2,0.6,1498.2794402726076,1438.475991407542,59.803448865065775,1499.650510633222,1462.832847452972,36.817663180250065
E0,2020-02-22,Chelsea,Tottenham,H,8,8,4,8,0.5,0.3,1.4,1.0,1.4,1.2,13.6,15.0,3.8,6.4,9.8,13.6,5,6,0.5454545454545454,0.4545454545454545,0.0,11,0.8,0.8,0.8,0.6,1510.9609694816809,1522.7757554379073,-11.814785956226387,1518.888988243237,1546.0619081905966,-27.17291994735956
E0,2020-02-22,Crystal Palace,Newcastle,H,3,2,5,2,0.3,0.2,1.0,1.6,0.8,2.4,9.6,7.8,2.8,1.4,15.2,14.0,14,6,0.1111111111111111,0.3333333333333333,0.5555555555555556,9,0.8,1.2,0.4,1.4,1479.3988968432996,1467.7698467097466,11.629050133552935,1493.9230617608932,1491.712055522474,2.211006238419259
E0,2020-02-23,Man United,Watford,H,6,5,8,5,0.4,0.2,0.8,1.2,1.2,1.2,11.8,8.8,4.8,2.8,12.4,13.6,6,15,0.7777777777777778,0.2222222222222222,0.0,9,0.4,0.6,0.4,0.8,1537.190292417603,1489.211764424824,47.97852799277871,1529.7604348679388,1481.890193567393,47.870241300545786
E0,2020-02-23,Wolves,Norwich,H,7,2,5,2,0.4,0.1,1.2,1.2,0.4,1.6,12.4,13.0,3.4,3.6,11.6,14.2,9,8,1.0,0.0,0.0,1,1.2,0.2,0.2,1.0,1512.6235971625017,1462.932494969469,49.69110219303252,1516.1816989797217,1467.4827891249713,48.698909854750354
E0,2020-02-23,Arsenal,Everton,H,5,8,7,8,0.3,0.3,0.8,0.8,1.6,1.4,9.0,12.0,2.4,4.4,12.2,16.6,7,15,0.6363636363636364,0.1818181818181818,0.1818181818181818,11,0.6,0.4,0.6,0.8,1558.1960252635602,1474.3598761554722,83.83614910808797,1531.1647620684705,1507.0190320778947,24.145729990575543
E0,2020-02-24,Liverpool,West Ham,H,15,3,15,3,1.0,0.2,2.0,0.2,0.6,1.8,14.2,7.4,6.0,2.0,7.8,15.2,9,5,0.7272727272727273,0.0909090909090909,0.1818181818181818,11,1.2,0.2,0.4,1.2,1632.4252699217618,1460.2152626829798,172.21000723878203,1627.9755538067743,1478.3871378916226,149.58841591515193
E0,2020-02-28,Norwich,Leicester,H,1,7,5,7,0.1,0.6,0.2,2.0,1.4,1.2,12.2,12.4,3.8,6.2,14.4,13.0,5,6,0.0,0.0,1.0,1,0.2,1.2,0.4,0.6,1472.0330832804736,1547.763075360703,-75.7299920802293,1463.7585785174963,1532.7983802863816,-69.03980176888513
E0,2020-02-29,West Ham,Southampton,H,0,12,5,12,0.1,0.4,0.8,2.4,1.8,1.2,6.6,14.0,2.0,6.2,18.0,11.2,5,7,0.5454545454545454,0.3636363636363636,0.0909090909090909,11,0.6,1.6,0.8,1.0,1496.5590131002657,1521.745198993609,-25.186185893343463,1478.5248522276722,1484.4134821118118,-5.888629884139618
E0,2020-02-29,Watford,Liverpool,H,5,15,10,15,0.3,0.9,1.2,1.4,2.0,0.2,8.6,14.2,2.8,6.0,14.6,7.8,6,5,0.0,0.7777777777777778,0.2222222222222222,9,0.4,1.0,1.2,0.2,1474.5686227099625,1623.5258376917873,-148.95721498182502,1476.997735237579,1627.837839470725,-150.8401042331459
E0,2020-02-29,Bournemouth,Chelsea,D,0,8,7,8,0.3,0.5,0.2,2.4,1.4,1.0,8.2,13.6,2.6,3.8,15.6,9.8,7,7,0.4444444444444444,0.5555555555555556,0.0,9,0.0,1.2,0.8,0.8,1487.189703498402,1526.8170070047931,-39.62730350639117,1458.5863014325776,1522.8054346854694,-64.21913325289188
E0,2020-02-29,Brighton,Crystal Palace,A,2,3,6,3,0.4,0.2,1.2,2.0,1.0,1.6,13.6,9.6,4.6,2.8,12.4,15.2,7,7,0.2857142857142857,0.2857142857142857,0.4285714285714285,7,0.8,0.8,0.8,1.2,1503.4913729685784,1508.4472266784871,-4.955853709908752,1482.5693298013985,1497.7198267328545,-15.15049693145602
E0,2020-02-29,Newcastle,Burnley,D,2,9,7,9,0.5,0.4,0.8,2.4,1.0,1.0,7.6,5.8,1.8,2.2,16.2,15.2,7,7,0.2222222222222222,0.3333333333333333,0.4444444444444444,9,0.4,1.2,0.6,0.4,1515.654264335201,1501.0215809938363,14.63268334136501,1487.915290550513,1503.8970566536163,-15.981766103103382
E0,2020-03-01,Everton,Man United,D,7,6,11,6,0.5,0.4,1.8,1.8,0.8,1.2,13.8,11.8,4.8,4.8,13.6,12.4,7,7,0.1818181818181818,0.5454545454545454,0.2727272727272727,11,0.6,0.8,0.4,0.6,1539.6781880003175,1522.330577318275,17.347610682042614,1505.3791863942631,1534.6528931977527,-29.273706803489404
E0,2020-03-01,Tottenham,Wolves,A,5,7,9,7,0.6,0.4,1.2,1.4,1.2,1.2,14.2,12.4,6.0,3.4,13.4,11.6,8,7,0.6666666666666666,0.3333333333333333,0.0,3,0.8,0.6,1.2,0.2,1569.348060943286,1519.739800796942,49.60826014634381,1542.145461748364,1519.905909587197,22.239552161167467
E0,2020-03-07,Liverpool,Bournemouth,H,12,0,15,0,1.0,0.1,1.2,0.8,0.2,2.4,12.6,8.2,5.0,2.6,10.0,15.6,7,7,0.7777777777777778,0.1111111111111111,0.1111111111111111,9,0.6,0.8,0.0,1.2,1632.1498412496626,1429.9828993667531,202.16694188290944,1613.4123610313393,1460.4657745894,152.9465864419392
E0,2020-03-07,Arsenal,West Ham,H,5,0,10,0,0.3,0.2,0.8,0.8,0.8,2.4,9.0,6.6,2.4,2.0,12.2,18.0,13,7,0.7272727272727273,0.0909090909090909,0.1818181818181818,11,0.6,0.4,0.6,1.6,1561.475716630823,1460.490691355079,100.98502527574396,1532.8046077521017,1488.4402173670364,44.364390385065235
E0,2020-03-07,Crystal Palace,Watford,H,6,5,7,5,0.3,0.2,1.2,1.4,1.2,1.4,8.8,8.6,2.6,2.8,18.4,14.6,7,7,0.3333333333333333,0.2222222222222222,0.4444444444444444,9,1.0,1.0,0.4,1.0,1486.9924267872218,1479.426847765196,7.565579022025759,1501.6959872174784,1491.423213676965,10.272773540513754
E0,2020-03-07,Sheffield United,Norwich,H,7,1,8,1,0.5,0.1,0.6,1.0,0.2,2.0,8.0,12.2,2.2,3.8,13.6,14.4,14,8,1.0,0.0,0.0,1,0.4,0.6,0.2,1.2,1508.7604660809686,1455.4840737545194,53.27639232644924,1518.731115804616,1469.535243310532,49.195872494083915
E0,2020-03-07,Southampton,Newcastle,A,9,2,7,2,0.4,0.2,1.4,1.6,0.8,2.4,12.6,7.6,5.0,1.8,10.2,16.2,7,7,0.2222222222222222,0.4444444444444444,0.3333333333333333,9,0.6,1.0,0.4,1.2,1447.0817652300148,1460.1763167658244,-13.094551535809616,1474.498116972448,1488.4278530040583,-13.929736031610446
E0,2020-03-07,Wolves,Brighton,D,7,2,8,2,0.4,0.1,1.4,1.4,1.2,2.0,12.4,13.6,3.4,4.6,11.6,12.4,6,7,0.0,0.3333333333333333,0.6666666666666666,3,1.2,0.2,0.8,0.8,1520.072018377451,1461.6472866342183,58.42473174323254,1524.772089778039,1478.5931693167745,46.17892046126417
E0,2020-03-07,Burnley,Tottenham,D,7,5,7,5,0.4,0.3,0.8,1.0,1.2,1.4,7.0,14.2,2.2,6.0,18.8,13.4,7,6,0.0909090909090909,0.6363636363636364,0.2727272727272727,11,0.4,0.4,0.8,0.6,1506.7725323133964,1514.9428625534424,-8.170330240046042,1503.3844942000708,1537.279281557522,-33.89478735745115
E0,2020-03-08,Man United,Man City,H,7,9,10,9,0.5,0.6,1.0,1.0,2.0,1.2,11.2,16.6,4.2,6.4,13.4,8.8,7,15,0.3636363636363636,0.5454545454545454,0.0909090909090909,11,0.4,0.2,1.0,1.2,1546.9752090772306,1578.4120348820472,-31.436825804816635,1535.525970359406,1580.299929826531,-44.77395946712499
E0,2020-03-08,Chelsea,Everton,H,6,7,7,7,0.5,0.3,1.4,1.4,1.8,1.8,15.6,13.8,4.4,4.8,10.6,13.6,8,7,0.5454545454545454,0.1818181818181818,0.2727272727272727,11,1.0,1.2,0.6,0.8,1518.7938623661455,1471.0801847882094,47.71367757793632,1520.925961528647,1504.5061092326102,16.41985229603665
E0,2020-03-09,Leicester,Aston Villa,H,7,4,4,4,0.5,0.1,1.2,0.8,0.8,1.8,15.2,10.4,6.6,3.4,10.6,18.8,10,16,0.6666666666666666,0.3333333333333333,0.0,3,0.4,0.6,0.4,0.8,1517.8336852120603,1462.3456115218748,55.4880736901855,1527.0217154933462,1478.0119749781811,49.00974051516505
E0,2020-06-17,Aston Villa,Sheffield United,D,4,7,6,7,0.4,0.3,0.8,2.0,0.6,1.0,9.0,8.0,3.2,2.2,17.8,13.6,100,102,0.0,1.0,0.0,1,0.4,1.0,0.4,0.6,1493.6783384344872,1528.7017655282632,-35.023427093776036,1474.2233850579696,1520.7763774099435,-46.5529923519739
E0,2020-06-17,Man City,Arsenal,H,9,5,13,5,0.7,0.1,1.6,1.0,0.8,0.8,16.6,9.0,6.2,2.4,7.2,12.2,101,102,0.7272727272727273,0.0909090909090909,0.1818181818181818,11,0.8,0.8,0.6,0.4,1582.187824771015,1504.1334988733806,78.05432589763427,1571.7342249330177,1532.823455283357,38.91076964966055
E0,2020-06-19,Tottenham,Man United,D,5,7,9,7,0.5,0.4,1.0,1.2,1.0,1.0,13.8,11.2,5.0,4.2,16.6,13.4,104,103,0.3636363636363636,0.5454545454545454,0.0909090909090909,11,0.6,0.4,0.4,0.2,1559.6157005616014,1524.076731641581,35.538968920020125,1535.7068679642707,1544.0916752529197,-8.384807288648972
E0,2020-06-19,Norwich,Southampton,A,1,9,8,9,0.2,0.4,0.2,2.0,1.4,1.6,11.4,12.6,3.6,5.0,14.2,10.2,104,104,0.0,1.0,0.0,1,0.2,1.0,0.6,1.0,1483.5864128665446,1501.9144687148807,-18.328055848336135,1467.4899817052046,1468.7167161208351,-1.226734415630517
E0,2020-06-20,Brighton,Arsenal,H,3,4,6,4,0.3,0.1,1.0,1.6,0.8,1.4,12.8,8.4,3.8,2.0,12.4,14.4,105,3,0.4285714285714285,0.2857142857142857,0.2857142857142857,7,0.8,0.4,0.6,0.8,1495.5390519993305,1497.1058390756832,-1.566787076352739,1480.4278776801264,1529.3096253845083,-48.88174770438195
E0,2020-06-20,Bournemouth,Crystal Palace,A,0,6,8,6,0.3,0.2,0.4,2.4,1.2,1.4,7.4,8.8,3.0,2.6,15.2,18.4,105,105,0.1111111111111111,0.3333333333333333,0.5555555555555556,9,0.0,1.0,1.0,1.0,1490.948649812047,1516.399547647735,-25.45089783568801,1460.7622318151216,1505.0076662874644,-44.24543447234282
E0,2020-06-20,Watford,Leicester,D,4,7,10,7,0.4,0.6,1.0,1.4,1.2,0.8,9.6,15.2,3.2,6.6,13.4,10.6,105,103,0.4444444444444444,0.5555555555555556,0.0,9,0.4,1.0,0.4,0.6,1503.4195795887335,1536.209745774632,-32.79016618589844,1488.111534606979,1530.8103054135577,-42.69877080657875
E0,2020-06-20,West Ham,Wolves,A,0,7,8,7,0.2,0.4,0.6,2.2,1.4,1.4,7.4,12.4,2.8,3.4,17.2,11.6,105,105,0.0,1.0,0.0,3,0.4,1.4,1.2,0.2,1516.3897433789937,1529.4721611786265,-13.082417799632822,1488.4213698357812,1522.937381414687,-34.51601157890582
E0,2020-06-21,Newcastle,Sheffield United,H,5,5,5,5,0.4,0.3,0.8,1.6,0.4,1.0,9.0,7.6,2.8,2.0,13.0,14.6,106,4,1.0,0.0,0.0,1,0.6,1.0,0.4,0.6,1516.6793892422925,1525.139382852357,-8.45999361006443,1494.209253855671,1518.9951860719902,-24.785932216319225
E0,2020-06-21,Aston Villa,Chelsea,A,4,6,7,6,0.4,0.4,0.8,2.0,1.4,1.4,9.0,15.6,3.2,4.4,17.8,10.6,4,105,0.0,1.0,0.0,3,0.4,1.0,1.0,1.2,1497.2407211103937,1523.058060691148,-25.81733958075461,1476.0045763959229,1526.7570145977895,-50.75243820186665
E0,2020-06-21,Everton,Liverpool,D,4,12,11,12,0.5,0.8,1.4,2.4,1.2,0.8,10.0,12.6,3.2,5.0,13.0,10.0,105,106,0.0,0.3636363636363636,0.6363636363636364,11,0.4,1.0,0.6,0.8,1537.932033677011,1594.674880813016,-56.74284713600491,1498.6750561634676,1613.115903805618,-114.4408476421504
E0,2020-06-22,Man City,Burnley,H,9,7,13,7,0.8,0.4,1.6,1.0,0.8,1.0,16.6,7.0,6.2,2.2,7.2,18.8,5,107,0.6363636363636364,0.0909090909090909,0.2727272727272727,11,0.8,0.8,0.4,0.4,1589.2154845687123,1499.9964560867452,89.21902848196714,1575.2480548318665,1504.956907793322,70.2911470385443
E0,2020-06-23,Leicester,Brighton,D,5,3,7,3,0.5,0.1,1.0,0.8,1.0,1.6,15.6,12.8,5.4,3.8,9.4,12.4,3,3,0.8571428571428571,0.0,0.1428571428571428,7,0.4,0.8,0.8,0.4,1525.4108650524831,1465.3167033609222,60.094161691560885,1529.0974101187653,1483.3216496786092,45.77576044015609
E0,2020-06-23,Tottenham,West Ham,H,5,0,7,0,0.5,0.2,1.0,1.2,0.6,2.2,13.8,7.4,5.0,2.8,16.6,17.2,4,3,0.5454545454545454,0.1818181818181818,0.2727272727272727,11,0.6,0.4,0.4,1.4,1556.9483697974226,1460.4529962925683,96.49537350485411,1534.3732025821814,1483.8921467102969,50.48105587188456
E0,2020-06-24,Man United,Sheffield United,H,5,5,10,5,0.6,0.3,0.8,1.2,0.4,1.2,10.8,7.4,4.4,2.2,13.8,13.8,5,3,0.0,0.0,1.0,1,0.4,0.2,0.4,0.8,1564.1066188642578,1509.835331142982,54.27128772127594,1545.425340635009,1511.3431602173027,34.08218041770624
E0,2020-06-24,Newcastle,Aston Villa,D,5,4,8,4,0.5,0.1,0.8,1.6,0.8,2.0,9.0,9.0,2.8,3.2,13.0,17.8,3,3,0.3333333333333333,0.3333333333333333,0.3333333333333333,3,0.6,1.0,0.4,1.0,1531.9834409516675,1454.768431681452,77.21500927021543,1501.8612797103583,1473.5906227521186,28.270656958239897
E0,2020-06-24,Norwich,Everton,A,1,4,7,4,0.2,0.3,0.2,2.0,1.4,2.4,11.4,10.0,3.6,3.2,14.2,13.0,5,3,1.0,0.0,0.0,1,0.2,1.0,0.4,1.0,1470.6720256123017,1459.4180786499242,11.25394696237754,1461.032788078083,1500.5107768156836,-39.477988737600526
E0,2020-06-24,Wolves,Bournemouth,H,10,0,6,0,0.4,0.1,1.8,1.2,0.4,2.4,12.4,7.4,4.2,3.0,11.0,15.2,4,4,0.6666666666666666,0.0,0.3333333333333333,3,1.6,0.2,0.0,1.0,1516.402601650747,1430.575813818196,85.82678783255142,1527.466604540171,1455.21399832951,72.25260621066082
E0,2020-06-24,Liverpool,Crystal Palace,H,10,8,15,8,1.0,0.3,1.0,0.8,1.4,1.2,12.0,9.2,4.2,2.6,9.0,18.0,3,4,0.7272727272727273,0.2727272727272727,0.0,11,0.6,0.8,0.8,0.8,1631.5569267982198,1527.496014618958,104.06091217926178,1611.280183153402,1510.555899773076,100.72428338032614
E0,2020-06-25,Chelsea,Man City,H,6,9,10,9,0.5,0.5,1.4,1.4,1.6,1.0,16.8,16.6,4.6,6.2,10.8,7.2,4,3,0.2727272727272727,0.5454545454545454,0.1818181818181818,11,1.0,1.2,0.8,0.8,1530.455968504431,1561.28062509502,-30.82465659058903,1529.1709682415935,1578.139135071448,-48.968166829854454
E0,2020-06-25,Burnley,Watford,H,7,4,8,4,0.4,0.2,0.8,1.8,1.0,1.4,6.0,9.6,2.2,3.2,18.4,13.4,3,5,0.6666666666666666,0.2222222222222222,0.1111111111111111,9,0.4,0.6,0.4,1.0,1509.9173594998988,1472.8034896252243,37.11386987467449,1502.0658275537403,1489.8244299017713,12.24139765196901
E0,2020-06-25,Southampton,Arsenal,A,9,3,6,3,0.4,0.1,1.6,1.6,0.8,1.6,16.0,7.6,6.2,2.8,10.0,13.8,6,5,0.1818181818181818,0.5454545454545454,0.2727272727272727,11,1.0,1.0,0.6,1.2,1435.5189635267895,1491.3182950787177,-55.799331551927935,1475.1739097479567,1526.4158533860254,-51.24194363806873
E0,2020-06-27,Aston Villa,Wolves,A,2,10,4,10,0.3,0.5,0.6,2.0,1.8,1.2,9.6,12.4,2.4,4.2,16.4,11.0,3,3,0.0,1.0,0.0,1,0.6,1.0,1.6,0.2,1492.4128138227852,1538.5306074295947,-46.11779360680953,1475.670130752657,1529.281299318584,-53.611168565926846
E0,2020-06-28,Watford,Southampton,A,1,9,8,9,0.4,0.5,0.4,1.6,1.6,1.6,8.0,16.0,2.8,6.2,13.2,10.0,3,3,0.2222222222222222,0.2222222222222222,0.5555555555555556,9,0.0,1.2,1.0,1.0,1506.8453701783185,1514.8288559691237,-7.983485790805389,1486.4816993473632,1468.0468008272917,18.434898520071783
E0,2020-06-29,Crystal Palace,Burnley,A,7,7,7,7,0.4,0.4,1.2,1.8,0.8,1.8,7.4,6.0,2.0,2.2,19.2,18.4,5,4,0.5454545454545454,0.3636363636363636,0.0909090909090909,11,0.6,1.2,0.4,0.6,1493.6157849271935,1494.2142956075816,-0.5985106803880171,1507.1756236380463,1505.408558108148,1.7670655298984457
E0,2020-06-30,Brighton,Man United,A,4,5,6,5,0.3,0.3,1.0,1.4,0.8,1.2,13.0,10.8,3.8,4.4,11.8,13.8,7,6,0.4285714285714285,0.5714285714285714,0.0,7,0.8,0.4,0.4,0.2,1501.3265959962962,1526.74406240576,-25.41746640946394,1485.494595160449,1550.4681131350055,-64.97351797455644
E0,2020-07-01,Everton,Leicester,H,7,5,9,5,0.4,0.5,1.4,2.0,1.0,0.8,11.0,15.6,3.8,5.4,11.6,9.4,7,8,0.4545454545454545,0.3636363636363636,0.1818181818181818,11,0.4,0.6,0.4,0.8,1527.8743282375667,1521.9652499739816,5.909078263585116,1503.6775786551084,1518.03939130674,-14.36181265163168
E0,2020-07-01,West Ham,Chelsea,H,0,6,5,6,0.2,0.4,0.6,2.4,1.4,1.4,8.0,16.8,2.8,4.6,17.6,10.8,8,6,0.2727272727272727,0.4545454545454545,0.2727272727272727,11,0.4,1.6,1.0,1.2,1504.911969075777,1518.6835985457667,-13.771629469989648,1488.0109267226794,1523.1615426916171,-35.15061596893793
E0,2020-07-01,Arsenal,Norwich,H,5,1,13,1,0.4,0.1,1.0,1.4,0.2,2.0,8.2,11.4,3.0,3.6,15.0,14.2,6,7,0.0,0.0,1.0,1,0.8,1.0,0.2,1.0,1541.213985834533,1467.433678864389,73.78030697014424,1522.4737847454826,1470.556609823715,51.91717492176758
E0,2020-07-01,Bournemouth,Newcastle,A,0,5,7,5,0.3,0.3,0.4,1.8,0.8,1.6,7.6,9.0,2.6,2.8,14.4,13.0,7,7,0.2857142857142857,0.2857142857142857,0.4285714285714285,7,0.0,1.0,0.6,1.0,1486.5009625033522,1481.0652093742633,5.43575312908888,1468.7775333792351,1499.853787045579,-31.0762536663442
E0,2020-07-02,Sheffield United,Tottenham,H,5,5,10,5,0.5,0.3,0.4,1.4,1.0,1.2,7.6,13.8,2.0,5.0,13.0,16.6,8,9,0.0,0.0,1.0,1,0.4,0.8,0.6,0.4,1508.6101628253878,1507.9046836958498,0.7054791295379346,1504.2212597705952,1524.2268573032811,-20.005597532685897
E0,2020-07-02,Man City,Liverpool,H,6,10,13,10,0.8,0.8,0.6,1.2,1.0,0.8,14.4,12.0,4.2,4.2,8.8,9.0,7,8,0.3636363636363636,0.4545454545454545,0.1818181818181818,11,0.6,0.8,0.6,0.8,1563.648422182077,1560.9723044707514,2.67611771132556,1548.7362265281208,1576.8225077232487,-28.086281195127867
E0,2020-07-04,Norwich,Brighton,A,1,4,6,4,0.2,0.1,0.2,2.0,1.0,1.4,11.4,13.0,3.4,3.8,14.2,11.8,3,4,0.0,1.0,0.0,1,0.2,0.8,0.8,0.4,1473.6795407830411,1479.6739381974833,-5.994397414442119,1465.487306696138,1484.9950541819844,-19.507747485846497
E0,2020-07-04,Leicester,Crystal Palace,H,2,7,8,7,0.4,0.3,0.6,1.2,1.2,1.8,15.2,7.4,4.0,2.0,9.8,19.2,3,5,0.1818181818181818,0.7272727272727273,0.0909090909090909,11,0.4,0.8,0.6,1.2,1514.1135326394983,1513.892759773763,0.2207728657353982,1514.5123543971276,1502.0178890181355,12.494465378992118
E0,2020-07-04,Man United,Bournemouth,H,8,0,10,0,0.6,0.1,1.4,0.8,0.4,1.8,11.2,7.6,4.8,2.6,13.4,14.4,4,3,0.7777777777777778,0.1111111111111111,0.1111111111111111,9,0.6,0.2,0.0,1.0,1549.7087497890482,1451.054104255118,98.65464553393008,1539.09996037597,1460.788941653458,78.31101872251224
E0,2020-07-04,Wolves,Arsenal,A,13,5,8,5,0.4,0.2,1.8,0.8,1.0,1.4,11.0,8.2,3.8,3.0,11.4,15.0,7,3,0.3333333333333333,0.0,0.6666666666666666,3,1.6,0.0,0.8,1.0,1513.4214341090735,1503.733583656432,9.687850452641667,1521.1626364084902,1527.54308787306,-6.38045146456966
E0,2020-07-04,Chelsea,Watford,H,5,1,10,1,0.5,0.1,1.6,1.8,0.4,1.6,17.0,8.0,4.8,2.8,9.6,13.2,3,6,0.7777777777777778,0.2222222222222222,0.0,9,1.2,1.4,0.0,1.2,1527.6394868374678,1477.2990791059935,50.340407731474215,1517.9328420674267,1487.2774595843234,30.655382483103267
E0,2020-07-05,Southampton,Man City,H,9,6,3,6,0.4,0.5,1.8,1.6,0.6,1.2,15.0,14.4,5.6,4.2,10.6,8.8,7,3,0.0,0.9090909090909092,0.0909090909090909,11,1.2,1.2,0.6,0.8,1447.2473796092577,1533.8240308741645,-86.57665126490679,1482.256635532695,1555.8591862932494,-73.60255076055432
E0,2020-07-05,Newcastle,West Ham,D,7,0,9,0,0.4,0.2,1.4,1.6,0.6,2.4,10.4,8.0,4.0,2.8,13.6,17.6,4,4,0.6666666666666666,0.3333333333333333,0.0,9,1.0,1.2,0.4,1.6,1518.6423647168956,1471.1098843695816,47.53248034731405,1507.8423787713568,1493.2396273468698,14.602751424486996
E0,2020-07-05,Burnley,Sheffield United,D,10,5,11,5,0.4,0.3,1.0,1.2,0.4,1.4,6.2,7.6,2.6,2.0,18.2,13.0,6,3,0.0,1.0,0.0,1,0.6,0.4,0.4,0.8,1511.1238898078389,1499.8323567158025,11.291533092036389,1506.4135127518152,1510.4794456120485,-4.065932860233033
E0,2020-07-05,Liverpool,Aston Villa,H,7,2,15,2,1.0,0.1,0.6,1.4,0.6,2.0,11.6,9.6,3.6,2.4,9.8,16.4,3,8,0.6666666666666666,0.3333333333333333,0.0,3,0.4,0.8,0.6,1.0,1592.6727109757462,1472.4813899472945,120.19132102845174,1569.69954795812,1482.154821739241,87.54472621887908
E0,2020-07-06,Tottenham,Everton,H,5,7,10,7,0.6,0.3,1.2,1.6,1.4,2.0,13.4,11.0,4.4,3.8,15.6,11.6,4,5,0.7272727272727273,0.0,0.2727272727272727,11,0.8,0.8,0.4,0.6,1540.5490309107124,1479.48082907265,61.06820183806235,1517.968671461828,1507.2046155647208,10.764055897107028
E0,2020-07-07,Crystal Palace,Chelsea,A,6,5,6,5,0.4,0.3,0.8,2.0,1.6,1.8,7.8,17.0,1.6,4.8,17.2,9.6,3,3,0.2727272727272727,0.7272727272727273,0.0,11,0.4,1.4,1.2,1.4,1490.143018262508,1508.2261972973856,-18.08317903487773,1496.8598323231456,1521.0453339041533,-24.185501581007657
E0,2020-07-07,Watford,Norwich,H,1,1,5,1,0.4,0.1,0.2,1.8,0.2,2.0,7.8,11.4,3.0,3.4,14.2,14.2,3,3,1.0,0.0,0.0,1,0.0,1.0,0.2,0.8,1497.2558400626535,1457.2950726092347,39.96076745341884,1484.1649677475968,1461.691589734985,22.473378012611875
E0,2020-07-07,Arsenal,Leicester,D,7,2,13,2,0.5,0.4,1.0,1.0,0.6,1.2,9.4,15.2,3.6,4.0,13.2,9.8,3,3,0.4545454545454545,0.3636363636363636,0.1818181818181818,11,0.6,0.8,0.4,0.8,1551.3525920896875,1514.911176154757,36.441415934930774,1536.8900393760705,1519.670411092117,17.21962828395317
E0,2020-07-08,Man City,Newcastle,H,3,7,13,7,0.8,0.3,0.4,1.4,1.4,1.6,16.0,10.4,4.4,4.0,9.6,13.6,3,3,0.7777777777777778,0.1111111111111111,0.1111111111111111,9,0.4,0.8,1.0,1.2,1577.8943417123344,1497.0423928258178,80.85194888651654,1551.013722421736,1505.2180917576502,45.79563066408582
E0,2020-07-08,Sheffield United,Wolves,H,5,13,10,13,0.5,0.6,0.4,1.4,1.8,0.8,7.2,11.0,1.8,3.8,12.6,11.4,3,4,0.0,0.0,1.0,1,0.4,0.8,1.6,0.0,1521.126534508294,1528.9038387079067,-7.777304199612672,1510.6509768665194,1511.81568490548,-1.164708038960498
E0,2020-07-08,West Ham,Burnley,A,1,10,7,10,0.3,0.5,0.8,2.0,1.0,1.2,10.2,6.2,3.8,2.6,16.0,18.2,3,3,0.4545454545454545,0.3636363636363636,0.1818181818181818,11,0.4,1.4,0.6,0.4,1515.369370324158,1501.7031356957914,13.666234628366738,1495.8639143605765,1506.241981497344,-10.37806713676764
E0,2020-07-08,Brighton,Liverpool,A,7,7,5,7,0.2,0.7,1.0,0.8,0.6,1.4,10.4,11.6,2.6,3.6,12.0,9.8,4,3,0.0,1.0,0.0,7,0.6,0.2,0.4,0.8,1490.316170166485,1546.726384940494,-56.41021477400864,1488.7907711431374,1570.5634976949773,-81.77272655183992
E0,2020-07-09,Bournemouth,Tottenham,D,0,5,7,5,0.2,0.3,0.8,2.6,1.2,1.6,7.8,13.4,2.6,4.4,15.0,15.6,5,3,0.1111111111111111,0.7777777777777778,0.1111111111111111,9,0.2,1.4,0.8,0.8,1470.5237790517976,1495.3883120129435,-24.86453296114587,1458.304496474931,1520.106889454465,-61.80239297953426
E0,2020-07-09,Everton,Southampton,D,6,9,9,9,0.5,0.6,1.2,2.0,1.8,1.6,11.0,15.0,3.8,5.6,11.6,10.6,3,4,0.3636363636363636,0.4545454545454545,0.1818181818181818,11,0.4,0.6,1.2,1.2,1534.9284020567914,1517.2658914561323,17.662510600658834,1505.0663975720834,1487.1020994042085,17.96429816787486
E0,2020-07-09,Aston Villa,Man United,A,1,8,4,8,0.3,0.4,0.4,2.2,1.4,0.8,9.8,11.2,2.4,4.8,15.6,13.4,4,5,0.0,0.3333333333333333,0.6666666666666666,3,0.4,1.4,0.6,0.2,1491.8282535311878,1528.4911709628925,-36.6629174317045,1481.2908720023838,1541.584405554497,-60.293533552113104
E0,2020-07-11,Sheffield United,Chelsea,H,5,8,13,8,0.6,0.4,0.4,1.4,2.2,2.0,7.2,16.0,1.8,5.2,12.6,10.8,3,4,0.0,0.0,1.0,1,0.4,0.8,1.4,1.4,1531.5514902281643,1513.275092138729,18.27639808943536,1515.8634547264546,1523.569781324825,-7.706326598370424
E0,2020-07-11,Brighton,Man City,A,7,3,4,3,0.2,0.5,1.0,0.8,0.4,1.4,10.4,16.0,2.6,4.4,12.0,9.6,3,3,0.0,1.0,0.0,7,0.6,0.2,0.4,0.8,1480.122623147383,1524.1331031311377,-44.01047998375475,1483.6939976335862,1555.6246781290597,-71.93068049547355
E0,2020-07-11,Watford,Newcastle,H,1,6,7,6,0.5,0.3,0.2,1.8,1.0,2.2,7.8,10.0,3.0,3.8,14.2,14.8,4,3,0.5714285714285714,0.1428571428571428,0.2857142857142857,7,0.0,1.0,0.6,1.6,1503.34474664119,1487.8204814111707,15.52426523001941,1487.209421036865,1500.6071360503263,-13.397715013461491
E0,2020-07-11,Norwich,West Ham,A,1,1,3,1,0.2,0.1,0.2,2.0,0.8,2.0,11.4,10.2,3.6,3.8,13.2,16.0,4,3,0.0,1.0,0.0,1,0.0,0.8,0.4,1.4,1466.088106860735,1476.3584583969948,-10.270351536259795,1458.6471364457166,1491.6577838375554,-33.0106473918388
E0,2020-07-11,Liverpool,Burnley,D,7,10,15,10,1.0,0.5,0.8,1.6,0.8,1.2,12.8,6.8,4.2,3.0,10.8,17.6,3,3,0.7272727272727273,0.0909090909090909,0.1818181818181818,11,0.4,0.8,0.4,0.4,1594.4006104494608,1510.1153967418336,84.28521370762724,1575.6602712045287,1510.448112020365,65.21215918416374
E0,2020-07-12,Wolves,Everton,H,10,6,8,6,0.4,0.3,1.2,0.6,1.2,2.0,10.6,11.0,3.2,3.8,10.6,11.6,4,3,0.3333333333333333,0.3333333333333333,0.3333333333333333,3,1.0,0.2,0.4,0.6,1494.7275311030528,1475.2043930873754,19.523138015677432,1506.6032070455449,1505.0103491565649,1.592857888979779
E0,2020-07-12,Aston Villa,Crystal Palace,H,1,6,1,6,0.2,0.2,0.4,2.2,0.8,2.0,9.8,7.8,2.4,1.6,15.6,17.2,3,5,0.3333333333333333,0.3333333333333333,0.3333333333333333,3,0.4,1.4,0.4,1.4,1479.9742782269627,1503.576646383783,-23.602368156820603,1475.3638843502713,1494.3353849024738,-18.971500552202546
E0,2020-07-12,Tottenham,Arsenal,H,5,7,10,7,0.6,0.3,1.2,1.6,1.0,1.0,11.8,9.4,3.4,3.6,14.4,13.2,3,5,0.3636363636363636,0.2727272727272727,0.3636363636363636,11,0.8,0.8,0.6,0.8,1544.8254668959871,1522.427486662453,22.3979802335341,1517.8717179025452,1536.4543681082257,-18.58265020568024
E0,2020-07-12,Bournemouth,Leicester,H,0,3,5,3,0.2,0.3,0.8,2.6,0.6,1.0,7.8,14.2,2.6,3.4,15.0,10.4,3,5,0.2222222222222222,0.2222222222222222,0.5555555555555556,9,0.2,1.4,0.6,0.4,1474.994122155638,1515.7825186904463,-40.7883965348085,1460.5396680268514,1520.1060823599623,-59.56641433311097
E0,2020-07-13,Man United,Southampton,D,11,7,13,7,0.7,0.6,2.0,0.4,1.6,1.8,12.2,15.4,5.2,5.2,12.0,11.6,4,4,0.4545454545454545,0.0909090909090909,0.4545454545454545,11,0.8,0.0,1.0,1.2,1554.6776401461016,1517.3779882871695,37.299651858932066,1547.5113932066097,1487.158147819727,60.35324538688246
E0,2020-07-14,Chelsea,Norwich,H,7,1,12,1,0.6,0.0,1.8,2.2,0.2,2.0,17.6,11.4,5.4,3.6,9.8,13.2,3,3,1.0,0.0,0.0,1,1.0,1.2,0.0,0.8,1533.8644705109211,1451.206166030698,82.65830448022302,1516.228066178859,1449.4094407565678,66.81862542229123
E0,2020-07-15,Arsenal,Liverpool,H,6,7,13,7,0.5,0.7,1.2,1.4,0.8,1.6,9.4,12.8,4.0,4.2,13.2,10.8,3,4,0.0909090909090909,0.5454545454545454,0.3636363636363636,11,0.6,1.0,0.4,0.8,1550.4812495539982,1556.9199319595964,-6.438682405598229,1533.0232544441646,1573.6892714985556,-40.66601705439098
E0,2020-07-15,Burnley,Wolves,D,8,10,9,10,0.4,0.5,0.6,1.2,1.2,0.6,6.2,10.6,2.2,3.2,20.2,10.6,4,3,0.3333333333333333,0.3333333333333333,0.3333333333333333,3,0.4,0.4,1.0,0.2,1510.7808272988966,1518.4788829880365,-7.698055689139892,1512.419111726338,1512.4235725893495,-0.0044608630114453
E0,2020-07-15,Man City,Bournemouth,H,6,0,15,0,0.8,0.1,1.4,1.0,0.8,2.6,17.6,7.8,5.0,2.6,9.6,15.0,4,3,1.0,0.0,0.0,9,1.0,0.4,0.2,1.4,1587.1162531269815,1446.0852138980647,141.03103922891682,1563.63877924835,1469.802218294646,93.83656095370408
E0,2020-07-15,Newcastle,Tottenham,A,6,5,7,5,0.4,0.2,1.2,1.8,1.2,1.6,9.6,11.8,4.2,3.4,15.2,14.4,4,3,0.2222222222222222,0.7777777777777778,0.0,9,0.6,1.2,0.8,0.8,1513.3937906894823,1490.9179689091031,22.475821780379192,1496.9257548999446,1521.302831566606,-24.377076666661424
E0,2020-07-16,Everton,Aston Villa,D,3,1,9,1,0.5,0.1,0.6,2.2,0.4,2.2,9.8,9.8,3.2,2.4,12.2,15.6,4,4,0.3333333333333333,0.6666666666666666,0.0,3,0.2,1.0,0.4,1.4,1534.8163052257544,1470.75349047358,64.06281475217452,1499.18998361276,1481.7633519715932,17.42663164116675
E0,2020-07-16,Leicester,Sheffield United,H,2,5,8,5,0.4,0.3,0.8,1.8,0.4,1.4,15.0,7.2,3.8,1.8,9.4,12.6,4,5,1.0,0.0,0.0,1,0.6,1.2,0.4,0.8,1524.429646029478,1500.1754192247447,24.254226804733207,1510.8435320921676,1523.2051698724206,-12.361637780252977
E0,2020-07-16,Crystal Palace,Man United,A,6,11,6,11,0.4,0.5,0.6,1.8,2.0,0.4,7.6,12.2,2.2,5.2,16.8,12.0,4,3,0.0909090909090909,0.8181818181818182,0.0909090909090909,11,0.2,1.2,0.8,0.0,1485.0941234211646,1540.3451462671171,-55.251022845952775,1487.935917281152,1546.2423716100457,-58.30645432889355
E0,2020-07-16,Southampton,Brighton,D,8,7,6,7,0.4,0.2,2.0,1.4,1.0,0.8,13.8,10.4,5.4,2.6,10.0,12.0,3,5,0.2857142857142857,0.0,0.7142857142857143,7,1.2,0.4,0.6,0.2,1456.9383073522845,1487.2653721197894,-30.327064767504908,1488.4271694162908,1475.6798965142957,12.747272901995302
E0,2020-07-17,West Ham,Watford,H,4,1,7,1,0.3,0.1,1.6,1.6,0.2,1.8,13.4,7.8,5.2,3.0,14.2,14.2,6,6,0.4444444444444444,0.4444444444444444,0.1111111111111111,9,0.8,1.2,0.0,1.0,1506.957109278116,1471.0740954325402,35.88301384557576,1500.895479526704,1490.8908021872471,10.004677339456975
E0,2020-07-18,Norwich,Burnley,A,0,8,3,8,0.2,0.5,0.2,2.2,0.6,1.2,8.0,6.2,2.8,2.2,14.6,20.2,4,3,0.0,1.0,0.0,1,0.0,0.8,0.4,0.4,1447.6127154824376,1514.0573961537796,-66.44468067134198,1447.3895697362686,1512.8075918342597,-65.41802209799107
E0,2020-07-19,Tottenham,Leicester,H,5,2,10,2,0.6,0.2,1.2,1.4,0.8,1.8,8.8,15.0,2.4,3.8,15.2,9.4,4,3,0.6363636363636364,0.2727272727272727,0.0909090909090909,11,1.0,0.8,0.6,1.2,1551.687694224109,1497.2574181548573,54.430276069251704,1527.6904692297062,1515.4397388019156,12.250730427790586
E0,2020-07-19,Bournemouth,Southampton,A,0,8,5,8,0.3,0.6,0.8,2.6,2.0,1.4,8.8,13.8,2.8,5.4,13.4,10.0,4,3,0.1111111111111111,0.3333333333333333,0.5555555555555556,9,0.4,1.2,1.2,0.4,1493.5192226912272,1519.916031480297,-26.396808789069837,1469.769421654852,1488.7685355649558,-18.999113910103688
E0,2020-07-20,Sheffield United,Everton,A,2,3,13,3,0.7,0.3,0.2,1.8,0.6,2.2,6.2,9.8,1.4,3.2,13.0,12.2,4,4,1.0,0.0,0.0,1,0.2,1.0,0.2,1.0,1546.2349205200965,1463.5636619997654,82.6712585203311,1518.6089631626728,1497.1431140405955,21.46584912207709
E0,2020-07-20,Wolves,Crystal Palace,H,10,6,10,6,0.4,0.2,1.4,0.8,0.6,1.8,10.6,7.6,3.6,2.2,9.4,16.8,5,4,0.3333333333333333,0.3333333333333333,0.3333333333333333,3,1.2,0.4,0.2,1.2,1506.3682621906628,1490.7777111411397,15.590551049523128,1512.035092481428,1485.2788506623058,26.75624181912235
E0,2020-07-20,Brighton,Newcastle,D,7,6,3,6,0.2,0.2,0.6,0.4,1.2,1.8,8.6,9.6,1.8,4.2,13.8,15.2,4,5,0.4285714285714285,0.0,0.5714285714285714,7,0.0,0.2,0.6,1.2,1464.0944209088016,1480.457719110407,-16.363298201605403,1475.3385303656305,1490.5381172368443,-15.199586871214024
E0,2020-07-21,Watford,Man City,A,0,6,10,6,0.6,0.5,0.2,2.2,1.4,1.0,9.6,17.6,3.2,5.0,14.2,9.6,4,6,0.0,1.0,0.0,9,0.2,0.8,1.0,0.4,1510.7075089419538,1540.161305369719,-29.453796427765155,1487.697627418538,1563.6715758881442,-75.97394846960606
E0,2020-07-21,Aston Villa,Arsenal,H,2,6,4,6,0.3,0.2,0.4,2.0,1.2,1.4,9.2,9.4,1.6,4.0,14.2,13.2,5,6,0.0,1.0,0.0,3,0.4,1.6,0.6,1.0,1492.7732134696064,1515.5652593343311,-22.79204586472474,1483.8102215437573,1536.3706461188792,-52.56042457512194
E0,2020-07-22,Man United,West Ham,D,11,4,13,4,0.6,0.2,2.0,0.4,1.6,1.6,13.8,13.4,5.6,5.2,11.2,14.2,6,5,0.4545454545454545,0.1818181818181818,0.3636363636363636,11,0.8,0.0,0.8,1.2,1552.139596952974,1494.8338497752925,57.30574717768173,1548.899438228892,1504.0886542954129,44.810783933479115
E0,2020-07-22,Liverpool,Chelsea,H,4,7,13,7,0.9,0.4,0.8,2.0,1.8,2.2,14.2,17.6,4.6,5.4,10.4,9.8,7,8,0.2727272727272727,0.2727272727272727,0.4545454545454545,11,0.2,0.8,1.0,1.2,1590.4586110375149,1498.5916618467968,91.86694919071806,1570.341879823841,1518.247937199158,52.093942624682995
E0,2020-07-26,Southampton,Sheffield United,H,11,2,7,2,0.3,0.2,2.2,0.8,0.2,1.8,15.0,6.2,6.6,1.4,9.4,13.0,7,6,1.0,0.0,0.0,1,1.4,0.2,0.2,1.0,1457.6210396496144,1490.983005805249,-33.36196615563449,1492.9689469906048,1512.0062569234046,-19.03730993279987
E0,2020-07-26,Newcastle,Liverpool,A,7,4,6,4,0.3,0.6,1.2,1.6,0.8,2.0,10.4,14.2,4.0,4.6,13.8,10.4,6,4,0.1111111111111111,0.6666666666666666,0.2222222222222222,9,0.6,1.2,0.2,0.8,1500.618515363282,1550.2251486101673,-49.60663324688517,1490.0532467843557,1573.7721902715937,-83.71894348723822
E0,2020-07-26,Man City,Norwich,H,6,0,15,0,0.9,0.0,2.0,1.0,0.2,2.2,19.2,8.0,5.6,2.8,8.0,14.6,5,8,0.0,1.0,0.0,1,1.2,0.4,0.0,0.8,1587.181846406569,1447.1664239900997,140.0154224164694,1569.6762950832,1442.0523206911232,127.62397439207666
E0,2020-07-26,Leicester,Man United,A,2,11,10,11,0.4,0.5,0.8,2.2,2.0,0.4,16.0,13.8,4.2,5.6,8.6,11.2,7,4,0.0909090909090909,0.7272727272727273,0.1818181818181818,11,0.6,1.0,0.8,0.0,1533.6220594489737,1545.65927950481,-12.037220055836316,1510.7428997500276,1546.846274009441,-36.103374259413386
E0,2020-07-26,West Ham,Aston Villa,D,5,2,9,2,0.4,0.1,1.4,1.2,0.4,2.0,14.4,9.2,5.0,1.6,11.4,14.2,4,5,0.0,0.3333333333333333,0.6666666666666666,3,0.6,1.0,0.4,1.6,1513.3434588155335,1474.8472296179082,38.496229197625325,1506.141818514864,1489.348970018858,16.792848496005945
E0,2020-07-26,Crystal Palace,Tottenham,D,3,5,6,5,0.3,0.3,0.4,2.2,1.2,1.4,6.6,8.8,2.2,2.4,14.2,15.2,6,7,0.0909090909090909,0.8181818181818182,0.0909090909090909,11,0.0,1.4,1.0,0.8,1479.779990183472,1503.6932442353034,-23.913254051831473,1481.9803388849682,1532.387308281594,-50.406969396625755
E0,2020-07-26,Chelsea,Wolves,H,6,10,15,10,0.6,0.5,2.0,2.8,1.4,0.8,15.0,10.6,5.2,3.6,10.0,9.4,4,6,0.3333333333333333,0.3333333333333333,0.3333333333333333,3,1.2,1.2,1.2,0.4,1537.9042125515195,1517.7019227721937,20.202289779326065,1514.8176267514054,1515.3336042587655,-0.5159775073602759
E0,2020-07-26,Burnley,Brighton,A,10,7,9,7,0.4,0.1,1.0,1.2,0.6,0.4,9.2,8.6,3.6,1.8,17.2,13.8,8,6,0.2857142857142857,0.0,0.7142857142857143,7,0.6,0.4,0.0,0.2,1511.5577875147396,1486.5826398224594,24.97514769228019,1518.144840879405,1475.8234008181196,42.32144006128533
E0,2020-07-26,Everton,Bournemouth,A,6,0,7,0,0.4,0.1,0.4,1.6,0.8,2.6,7.4,8.8,2.6,2.8,12.0,13.4,6,7,0.4444444444444444,0.4444444444444444,0.1111111111111111,9,0.4,0.8,0.4,1.2,1530.722566081426,1446.0196206184771,84.70294546294895,1503.745820279864,1465.569010229203,38.17681005066083
E0,2020-07-26,Arsenal,Watford,H,6,0,13,0,0.6,0.1,1.2,1.0,0.2,2.2,10.2,9.6,4.0,3.2,10.8,14.2,5,5,0.5555555555555556,0.3333333333333333,0.1111111111111111,9,0.6,0.6,0.2,0.8,1557.1760329034273,1464.6877458951226,92.48828700830472,1530.8318976437786,1481.6929082234824,49.138989420296184
E0,2020-09-12,West Ham,Newcastle,A,5,7,7,7,0.4,0.2,1.4,1.2,1.2,1.6,14.4,10.4,5.0,4.0,11.4,13.8,48,48,0.3,0.6,0.1,10,0.6,1.0,0.6,1.2,1507.7639973828254,1479.4879782054288,28.27601917739662,1503.3520877985095,1485.1622108640183,18.18987693449139
E0,2020-09-12,Fulham,Arsenal,A,3,6,6,6,0.4,0.2,0.6,2.0,1.2,1.0,12.0,10.2,4.2,4.0,16.2,10.8,489,48,0.0,1.0,0.0,2,0.4,1.2,0.6,0.6,1491.6347022309224,1504.4877623841298,-12.85306015320748,1478.6038807510372,1531.6693855984877,-53.06550484745048
E0,2020-09-12,Crystal Palace,Southampton,H,3,11,4,11,0.3,0.6,0.4,2.2,2.2,0.8,6.6,15.0,2.2,6.6,14.2,9.4,48,48,0.25,0.5833333333333334,0.1666666666666666,12,0.0,1.4,1.4,0.2,1480.660803092665,1528.316854331595,-47.65605123893033,1482.4207453395647,1496.733316697057,-14.312571357492288
E0,2020-09-12,Liverpool,Leeds,H,7,0,13,0,0.9,0.5,1.4,1.6,,,15.6,,5.6,,8.2,,48,7,0.5,0.5,0.0,0,0.6,0.2,,,1597.31923193302,1500.0,97.31923193302008,1578.6632261919308,1500.0,78.66322619193079
E0,2020-09-13,West Brom,Leicester,A,9,2,9,2,0.2,0.2,0.6,0.8,0.8,2.2,8.4,16.0,2.0,4.2,14.0,8.6,854,49,0.25,0.5,0.25,8,0.2,0.8,0.6,1.0,1489.8435720690347,1487.8637400510815,1.9798320179531856,1485.8554073968876,1505.3397204712865,-19.48431307439887
E0,2020-09-13,Tottenham,Everton,A,6,6,13,6,0.7,0.4,1.2,1.2,0.4,1.6,9.2,7.4,2.2,2.6,14.4,12.0,49,49,0.75,0.0,0.25,12,0.8,0.8,0.4,0.8,1561.0813723278848,1476.7690744783015,84.31229784958327,1531.9469018269974,1494.2485031067708,37.69839872022658
E0,2020-09-14,Sheffield United,Wolves,A,1,7,12,7,0.6,0.4,0.4,2.4,0.8,0.8,6.2,8.8,1.8,3.0,12.8,9.0,50,50,0.5,0.0,0.5,2,0.2,1.6,0.8,0.4,1533.0295080415603,1507.0520062145024,25.97750182705795,1508.2418872169524,1510.0086459799202,-1.766758762967811
E0,2020-09-14,Brighton,Chelsea,A,9,6,4,6,0.2,0.3,0.8,0.4,2.0,2.8,9.8,15.0,2.2,5.2,13.6,10.0,50,50,0.0,0.875,0.125,8,0.2,0.2,1.2,1.2,1465.0641618137795,1491.7310409512916,-26.66687913751184,1480.8019697372056,1520.1425850302512,-39.34061529304563
E0,2020-09-19,Everton,West Brom,H,9,9,6,9,0.4,0.4,0.6,0.8,0.6,0.8,9.8,8.4,3.2,2.0,10.4,14.0,6,6,0.375,0.0,0.625,8,0.6,0.4,0.2,0.8,1511.7279317352402,1481.867242724741,29.860689010499527,1499.8834596820209,1479.4448834195778,20.438576262442893
E0,2020-09-19,Leeds,Fulham,H,0,3,0,3,0.5,0.1,3.0,4.0,0.6,2.0,6.0,12.0,3.0,4.2,22.0,16.2,7,7,0.5,0.5,0.0,0,1.0,1.0,0.4,1.2,1500.0,1465.5730592711518,34.426940728848194,1498.4139140394232,1472.5112043299175,25.902709709505643
E0,2020-09-19,Man United,Crystal Palace,A,13,3,11,3,0.6,0.2,2.2,0.2,0.4,2.2,12.4,6.6,5.2,2.2,10.8,14.2,55,7,0.8333333333333334,0.0833333333333333,0.0833333333333333,12,1.2,0.0,0.0,1.4,1548.033268514072,1484.1806875864645,63.852580927607505,1552.2494532881822,1488.155685124944,64.09376816323811
E0,2020-09-19,Arsenal,West Ham,H,9,5,13,5,0.7,0.1,1.6,0.6,1.4,1.2,10.2,14.4,4.0,5.0,10.0,11.4,7,7,0.75,0.0833333333333333,0.1666666666666666,12,0.8,0.2,0.6,1.0,1558.8510088128455,1498.9401782141942,59.91083059865127,1537.7620620196071,1496.0051187862318,41.756943233375296
E0,2020-09-20,Leicester,Burnley,H,4,10,10,10,0.4,0.5,1.2,2.0,1.0,1.2,15.6,9.2,5.2,3.6,8.4,17.2,7,56,0.5,0.3333333333333333,0.1666666666666666,12,1.0,0.8,0.6,0.4,1522.8157008914914,1524.7318942440704,-1.916193352579057,1511.7502444485965,1513.1662719603191,-1.4160275117228591
E0,2020-09-20,Southampton,Tottenham,A,8,6,7,6,0.4,0.2,1.6,1.0,1.2,1.2,12.4,9.2,5.8,2.2,8.6,14.4,8,7,0.1666666666666666,0.5833333333333334,0.25,12,0.8,0.2,0.8,0.8,1465.1497790625187,1502.8124313261103,-37.66265226359155,1490.9983769116775,1526.3119452517476,-35.31356834006988
E0,2020-09-20,Newcastle,Brighton,A,7,9,5,9,0.2,0.2,1.4,1.6,0.8,0.4,10.6,9.8,3.0,2.2,15.6,13.6,8,6,0.0,0.375,0.625,8,0.8,1.2,0.2,0.2,1490.836443522608,1496.5397776606312,-5.703334138023365,1492.5091798762965,1475.8594636554558,16.649716220840673
E0,2020-09-20,Chelsea,Liverpool,A,6,7,15,7,0.7,0.6,2.2,2.8,1.4,1.6,13.2,15.6,5.2,5.6,11.0,8.2,6,8,0.25,0.3333333333333333,0.4166666666666667,12,1.2,1.4,0.6,0.2,1548.5541291092106,1560.0072204508415,-11.453091341630852,1525.0850911120006,1580.2493121525076,-55.16422104050707
E0,2020-09-21,Aston Villa,Sheffield United,H,3,1,6,1,0.4,0.1,0.6,1.8,0.4,2.4,11.0,6.2,2.2,1.8,10.6,12.8,57,7,0.0,0.5,0.5,2,0.6,1.6,0.2,1.6,1503.8507104198077,1483.4542663923446,20.396444027463076,1492.1387007352118,1502.1761258089982,-10.03742507378638
E0,2020-09-21,Wolves,Man City,A,7,6,10,6,0.5,0.5,0.8,0.8,2.0,1.0,9.0,19.2,2.6,5.6,9.4,8.0,7,57,0.5,0.25,0.25,4,0.4,0.4,1.2,0.4,1512.965285745338,1552.1707437598309,-39.20545801449293,1516.0744073878743,1570.2708072599812,-54.19639987210667
E0,2020-09-26,Burnley,Southampton,A,10,8,6,8,0.3,0.5,1.4,1.0,1.6,1.0,12.2,12.4,4.6,5.8,16.2,8.6,6,6,0.5,0.1666666666666666,0.3333333333333333,12,0.8,0.6,0.8,0.2,1501.600649676568,1516.8469747608367,-15.246325084268848,1509.3301715071732,1483.691730709731,25.638440797442172
E0,2020-09-26,Brighton,Man United,A,11,13,1,13,0.1,0.6,1.4,0.4,2.2,0.2,11.0,12.4,3.2,5.2,12.6,10.8,6,7,0.375,0.625,0.0,8,0.4,0.2,1.2,0.0,1455.1791496502806,1556.4656380622923,-101.28648841201176,1484.570831329519,1542.0865352623316,-57.515703932812585
E0,2020-09-26,Crystal Palace,Everton,A,3,9,4,9,0.3,0.4,0.6,2.4,0.6,0.8,8.0,9.8,2.8,3.2,14.4,10.4,7,7,0.0833333333333333,0.5,0.4166666666666667,12,0.4,1.6,0.6,0.4,1492.1306826634236,1488.0389876288011,4.091695034622489,1498.3186031507946,1504.569518169136,-6.250915018341402
E0,2020-09-26,West Brom,Chelsea,D,6,6,8,6,0.2,0.3,0.8,1.8,2.2,2.8,7.6,13.2,2.0,5.2,14.6,11.0,7,6,0.125,0.875,0.0,8,0.2,1.4,1.2,1.4,1477.0225241144149,1501.6160531147907,-24.59352900037584,1474.7588249324624,1519.482947919037,-44.724122986574685
E0,2020-09-27,Sheffield United,Leeds,A,1,3,9,0,0.6,0.0,0.4,2.0,3.5,3.5,5.6,8.0,1.8,5.0,14.0,18.0,6,8,0.5,0.5,0.0,0,0.2,1.2,1.5,1.5,1520.8979852256518,1496.827828078846,24.07015714680574,1499.5044457248716,1502.4180977698088,-2.91365204493718
E0,2020-09-27,Tottenham,Newcastle,D,8,7,12,7,0.6,0.3,2.0,1.4,1.4,1.6,8.4,10.6,3.0,3.0,13.0,15.6,7,7,0.8,0.2,0.0,10,1.4,1.0,0.8,1.2,1549.8114591773851,1494.181916229985,55.62954294740007,1533.6185914536943,1483.7978122022332,49.82077925146132
E0,2020-09-27,Man City,Leicester,A,9,4,15,4,0.9,0.2,2.6,0.8,1.2,2.0,20.6,15.6,7.0,5.2,7.6,8.4,6,7,0.8333333333333334,0.1666666666666666,0.0,12,1.4,0.4,1.0,0.8,1588.3708707601318,1500.6847880057014,87.68608275443034,1575.2765444467234,1515.5863449017425,59.69019954498094
E0,2020-09-27,West Ham,Wolves,H,5,7,7,7,0.3,0.5,1.6,1.4,0.8,0.8,14.4,9.0,4.4,2.6,11.0,9.4,8,6,0.0,1.0,0.0,4,0.6,1.0,0.4,0.4,1493.0700593582692,1519.183529030411,-26.11346967214172,1493.8675937011465,1511.0686702011324,-17.201076499985902
E0,2020-09-28,Liverpool,Arsenal,H,9,9,13,9,0.9,0.3,1.8,1.6,1.6,0.6,17.2,10.2,6.2,4.0,7.4,10.0,8,9,0.5,0.1666666666666666,0.3333333333333333,12,1.0,0.2,0.8,0.2,1600.491403854174,1516.673115226369,83.81828862780503,1585.851455345471,1539.8995871046925,45.951868240778595
E0,2020-09-28,Fulham,Aston Villa,A,3,3,6,3,0.3,0.1,1.2,2.4,0.6,1.8,12.0,11.0,4.6,2.2,15.4,10.6,9,7,0.5,0.5,0.0,0,0.8,1.6,0.6,1.6,1479.4493493886832,1480.4266910506162,-0.9773416619329964,1468.507020599532,1494.810380819339,-26.30336021980679
E0,2020-10-03,Chelsea,Crystal Palace,H,7,3,12,3,0.7,0.3,2.4,2.8,0.6,2.4,14.2,8.0,6.0,2.8,10.8,14.4,7,7,0.75,0.25,0.0,12,1.6,1.0,0.4,1.6,1537.3498427232837,1504.5065236381656,32.84331908511808,1519.1547682979094,1494.255710313962,24.899057983947387
E0,2020-10-03,Everton,Brighton,H,9,11,8,11,0.4,0.3,0.8,1.0,1.4,0.4,9.4,11.0,3.2,3.2,10.2,12.6,7,7,0.5,0.25,0.25,8,0.4,0.4,0.4,0.2,1521.100048709471,1513.9625130087577,7.137535700713215,1508.6324110059686,1483.2474116061612,25.384999399807384
E0,2020-10-03,Leeds,Man City,D,6,9,3,9,1.0,0.6,2.6666666666666665,2.3333333333333335,2.6,0.8,11.0,20.6,6.333333333333333,7.0,16.666666666666668,7.6,6,6,0.5,0.5,0.0,0,1.3333333333333333,1.0,1.4,0.4,1508.0083674607713,1562.182218133315,-54.17385067254372,1507.4796375943297,1563.438977942791,-55.95934034846164
E0,2020-10-03,Newcastle,Burnley,H,5,10,2,10,0.2,0.5,0.8,1.6,1.4,1.0,9.4,12.2,1.8,4.6,17.8,16.2,6,7,0.2,0.3,0.5,10,0.6,1.0,0.8,0.6,1473.4137081744814,1517.0596933377783,-43.645985163297155,1484.356627150922,1506.5452077070545,-22.188580556132365
E0,2020-10-04,Man United,Tottenham,A,15,8,8,8,0.5,0.3,2.6,0.4,2.0,1.4,11.4,8.4,4.6,3.0,12.4,13.0,8,7,0.5,0.3333333333333333,0.1666666666666666,12,1.4,0.2,1.4,1.0,1527.707432462371,1517.4257237300037,10.28170873236718,1543.4099549856896,1533.0597765050056,10.350178480684008
E0,2020-10-04,Aston Villa,Liverpool,H,6,9,9,9,0.4,0.6,1.2,1.0,1.8,1.6,12.6,17.2,3.0,6.2,10.8,7.4,6,6,0.25,0.75,0.0,4,0.8,1.0,1.0,0.2,1509.1940705880609,1571.2115068367684,-62.017436248707554,1501.9066895361193,1588.3038131756407,-86.3971236395214
E0,2020-10-04,Arsenal,Sheffield United,H,6,1,13,1,0.8,0.1,1.4,1.2,0.4,2.0,9.0,5.6,3.6,1.8,11.8,14.0,6,7,0.0,0.5,0.5,2,0.6,0.4,0.2,1.2,1563.126058983016,1478.1109062240914,85.01515275892461,1537.4472292745231,1494.4429059003503,43.0043233741726
E0,2020-10-04,Southampton,West Brom,H,8,6,7,6,0.4,0.4,1.2,0.8,0.8,1.8,11.2,7.6,4.6,2.0,9.0,14.6,8,8,0.625,0.25,0.125,8,0.4,0.0,0.2,1.4,1450.536486658625,1472.49512575051,-21.958639091884606,1486.47669450985,1475.08700455359,11.389689956259872
E0,2020-10-04,Leicester,West Ham,A,7,5,10,5,0.5,0.1,2.0,2.0,1.6,1.4,14.0,14.4,6.0,4.4,10.2,11.0,7,7,0.4166666666666667,0.25,0.3333333333333333,12,1.6,1.0,0.6,1.0,1530.4879017977833,1494.6651280440235,35.82277375375952,1527.4239114056743,1502.1574430092526,25.266468396421946
E0,2020-10-04,Wolves,Fulham,H,4,3,9,3,0.4,0.1,0.6,1.6,1.2,2.4,9.4,12.0,2.6,4.6,10.2,15.4,7,6,0.5,0.0,0.5,2,0.2,1.0,0.8,1.6,1502.9538113718538,1457.5646918103805,45.38911956147331,1502.7788208930262,1461.410711882751,41.36810901027525
E0,2020-10-17,Everton,Liverpool,D,9,9,8,9,0.4,0.5,0.8,1.0,2.2,2.2,9.4,17.8,3.2,7.2,10.2,8.2,14,13,0.0,0.3333333333333333,0.6666666666666666,12,0.4,0.4,1.2,0.6,1532.3557220642308,1548.217638094108,-15.861916029877191,1514.2602476833486,1576.8068788043104,-62.54663112096182
E0,2020-10-17,Chelsea,Southampton,D,7,8,12,8,0.7,0.5,2.4,2.8,1.2,0.8,14.2,11.2,6.0,4.6,10.8,9.0,14,13,0.6666666666666666,0.0833333333333333,0.25,12,1.6,1.0,0.4,0.0,1548.1607555844455,1522.4169023610746,25.743853223370937,1524.5602247284903,1491.8012346965625,32.75899003192808
E0,2020-10-17,Man City,Arsenal,H,10,6,12,6,0.8,0.3,2.6,0.6,1.4,1.2,23.0,9.0,7.0,3.6,7.0,11.8,14,13,0.75,0.0833333333333333,0.1666666666666666,12,1.2,0.4,0.6,0.4,1564.6957377522676,1511.7683995660302,52.92733818623742,1560.252003222234,1538.997589884404,21.2544133378301
E0,2020-10-17,Newcastle,Man United,A,5,15,4,15,0.3,0.6,0.8,1.6,2.6,0.4,9.4,11.4,1.8,4.6,17.8,12.4,14,13,0.3,0.7,0.0,10,0.6,1.0,1.4,0.2,1489.5144625679504,1559.1124775090082,-69.59801494105773,1492.4070043476563,1531.6538715920258,-39.24686724436947
E0,2020-10-18,Sheffield United,Fulham,D,1,3,6,3,0.5,0.1,0.6,1.8,1.0,2.0,6.0,12.8,2.0,4.4,12.2,14.6,14,14,0.5,0.5,0.0,0,0.4,1.4,0.6,1.4,1510.7749055766096,1452.1549281238215,58.619977452788135,1492.8925452904698,1458.7058300394715,34.186715250998304
E0,2020-10-18,Crystal Palace,Brighton,D,3,10,4,10,0.3,0.3,0.6,2.4,1.8,1.2,8.2,11.2,2.8,3.4,13.6,12.6,15,15,0.375,0.25,0.375,8,0.4,2.0,0.6,0.6,1484.004896989759,1502.7068396539978,-18.70194266423914,1488.8502538833814,1477.6195749287813,11.23067895460008
E0,2020-10-18,Tottenham,West Ham,D,11,8,10,8,0.6,0.2,3.0,1.0,2.2,1.0,11.0,15.2,4.2,5.2,12.6,8.8,14,14,0.5833333333333334,0.1666666666666666,0.25,12,1.6,0.6,0.8,0.6,1548.6938292800078,1516.566874486932,32.12695479307581,1544.8158598986695,1513.1083162307068,31.70754366796268
E0,2020-10-18,Leicester,Aston Villa,A,7,6,9,6,0.5,0.2,2.0,2.0,1.2,1.0,14.0,12.6,6.0,3.0,10.2,10.8,14,14,0.75,0.25,0.0,4,1.6,1.0,0.8,1.0,1508.586155354875,1494.6193084841775,13.966846870697282,1516.4730381842205,1513.4036239074494,3.0694142767708854
E0,2020-10-19,West Brom,Burnley,D,3,7,8,7,0.2,0.5,0.6,2.2,1.4,1.6,6.8,12.0,2.0,4.4,13.8,14.8,15,16,0.5,0.25,0.25,8,0.2,1.6,0.8,1.0,1477.6788833566702,1500.9589389443097,-23.280055587639257,1469.7624643668778,1498.4948305103198,-28.73236614344205
E0,2020-10-19,Leeds,Wolves,A,7,4,4,4,0.5,0.5,2.25,2.0,0.6,1.6,11.25,9.4,6.5,2.6,18.25,10.2,16,15,0.5,0.5,0.0,0,1.25,0.75,0.2,1.0,1514.382316901886,1502.603830414199,11.77848648768736,1510.666612314887,1505.4837027363058,5.182909578581302
E0,2020-10-23,Aston Villa,Leeds,A,8,7,12,3,0.5,0.5,1.2,0.8,1.8,1.8,11.8,11.6,3.4,5.6,10.4,16.0,5,4,0.5,0.5,0.0,0,0.8,0.8,1.0,0.8,1532.1879393307213,1506.9509077278883,25.237031602832985,1517.9041004728956,1506.3825021490625,11.521598323833132
E0,2020-10-24,Man United,Chelsea,D,15,7,5,7,0.4,0.3,2.8,0.6,2.4,2.8,14.6,14.2,6.2,6.0,12.2,10.8,7,7,0.4166666666666667,0.3333333333333333,0.25,12,1.8,0.2,1.6,1.0,1504.1952656750434,1500.9596938725354,3.235571802508048,1535.3210447097815,1523.5302462836894,11.790798426092351
E0,2020-10-24,Liverpool,Sheffield United,H,7,1,13,1,0.9,0.1,2.0,2.4,0.6,1.8,18.4,6.0,7.2,2.0,8.0,12.2,7,6,1.0,0.0,0.0,2,1.2,0.8,0.4,1.4,1605.3961195145127,1475.01018500433,130.38593451018278,1576.1750690659271,1491.8328657843126,84.34220328161473
E0,2020-10-24,West Ham,Man City,D,8,10,7,10,0.4,0.5,2.4,1.2,2.6,0.6,14.4,23.0,4.6,7.0,8.8,7.0,6,7,0.0833333333333333,0.9166666666666666,0.0,12,1.2,0.4,1.2,0.4,1509.6497579744814,1555.8082686922005,-46.158510717718855,1513.3974919328523,1561.2809550236902,-47.88346309083772
E0,2020-10-24,Fulham,Crystal Palace,A,4,3,6,3,0.3,0.3,1.0,1.4,0.6,2.4,12.4,8.2,4.2,2.8,13.6,13.6,6,6,0.0,1.0,0.0,2,0.8,1.0,0.4,2.0,1465.2567319551215,1493.6956107770038,-28.4388788218821,1459.765509545629,1489.1516340935464,-29.38612454791746
E0,2020-10-25,Wolves,Newcastle,D,7,5,9,5,0.5,0.3,0.8,1.4,0.8,1.6,9.6,9.4,3.0,1.8,11.4,17.8,6,8,0.25,0.0,0.75,4,0.4,0.8,0.6,1.0,1508.3635750584128,1495.2995461273624,13.064028931050416,1509.7678129021306,1488.7398312299006,21.02798167223
E0,2020-10-25,Southampton,Everton,H,8,9,10,9,0.4,0.5,1.6,1.2,0.8,1.0,10.4,9.4,5.0,3.2,9.0,10.2,8,8,0.4166666666666667,0.3333333333333333,0.25,12,0.8,0.2,0.4,0.4,1461.18556703205,1496.164773302466,-34.97920627041594,1492.8312131413636,1514.8920574217314,-22.060844280367743
E0,2020-10-25,Arsenal,Leicester,A,3,7,13,7,0.8,0.2,1.0,1.4,2.0,2.0,9.6,14.0,3.2,6.0,12.4,10.2,8,7,0.4166666666666667,0.3333333333333333,0.25,12,0.4,0.4,1.6,1.0,1566.2267802027775,1524.3599210135656,41.86685918921194,1537.9686380829476,1511.9725616187743,25.996076464173257
E0,2020-10-26,Brighton,West Brom,D,8,3,1,3,0.1,0.4,1.8,1.4,0.6,2.2,13.6,6.8,3.6,2.0,10.4,13.8,8,7,0.5,0.5,0.0,4,0.8,0.6,0.2,1.6,1452.5323102035647,1461.8460453770851,-9.3137351735204,1477.3181947186165,1470.828995898462,6.489198820154343
E0,2020-10-26,Burnley,Tottenham,A,5,11,5,11,0.3,0.4,1.2,1.6,3.0,1.0,12.2,11.0,4.4,4.2,13.2,12.6,7,8,0.0833333333333333,0.5833333333333334,0.3333333333333333,12,0.8,1.0,1.6,0.6,1496.03072207633,1540.9378905173312,-44.9071684410012,1497.4282989787357,1544.5266841965235,-47.09838521778806
E0,2020-10-30,Wolves,Crystal Palace,H,7,6,10,6,0.5,0.4,0.8,1.4,1.0,2.0,9.6,9.6,3.0,4.6,11.4,13.8,5,6,0.5,0.25,0.25,4,0.4,0.8,0.6,1.6,1506.175485551635,1503.0348501254346,3.1406354262003333,1508.6737681487416,1493.8212537677618,14.852514380979756
E0,2020-10-31,Sheffield United,Man City,A,0,11,4,11,0.5,0.4,0.6,2.0,2.8,0.6,6.6,20.6,1.8,7.2,13.8,6.6,7,7,0.0,1.0,0.0,2,0.2,1.6,1.4,0.4,1508.6555465642953,1553.8761036473409,-45.220557083045605,1491.3838817247165,1560.3148725012604,-68.93099077654392
E0,2020-10-31,Burnley,Chelsea,A,5,5,2,5,0.3,0.3,1.2,1.6,1.8,2.4,12.2,12.6,4.4,5.0,13.2,11.0,5,7,0.1666666666666666,0.5833333333333334,0.25,12,0.8,1.0,1.4,0.8,1490.88635159687,1501.3283013036478,-10.441949706777905,1494.8561137390054,1523.7145499992455,-28.85843626024007
E0,2020-10-31,Liverpool,West Ham,H,7,8,13,8,0.9,0.2,2.0,2.4,2.4,1.2,18.4,14.4,7.2,4.6,8.0,8.8,7,7,0.75,0.0833333333333333,0.1666666666666666,12,1.2,0.8,1.2,0.4,1606.2940876337052,1517.1452258912236,89.14886174248159,1576.6240531255237,1514.363574455282,62.26047867024158
E0,2020-11-01,Aston Villa,Southampton,A,8,8,12,8,0.4,0.4,1.2,0.8,1.6,1.2,11.8,10.4,3.4,5.0,10.4,9.0,9,7,0.0,0.75,0.25,4,0.8,0.8,0.8,0.2,1512.269285985854,1524.4768592506769,-12.207573264822711,1507.944773800462,1499.7404774564125,8.204296344049453
E0,2020-11-01,Newcastle,Everton,H,6,9,3,9,0.2,0.5,1.0,0.8,0.8,1.2,9.2,8.4,2.0,3.0,16.4,10.2,7,7,0.2,0.6,0.2,10,0.8,0.6,0.4,0.4,1482.1801163324387,1482.3462446723684,-0.166128339929628,1489.8338759832895,1507.9827931066825,-18.14891712339295
E0,2020-11-01,Man United,Arsenal,A,15,3,3,3,0.4,0.3,2.8,0.6,1.0,1.4,14.6,9.6,6.2,3.2,12.2,12.4,8,7,0.4166666666666667,0.25,0.3333333333333333,12,1.8,0.2,0.4,0.4,1503.826658243931,1509.710495963118,-5.883837719186886,1535.1367409942254,1534.255297720286,0.881443273939567
E0,2020-11-01,Tottenham,Brighton,H,13,8,8,8,0.5,0.3,3.2,1.0,1.8,1.4,11.0,13.6,4.8,3.6,13.4,10.4,6,6,0.625,0.125,0.25,8,1.8,0.6,0.8,0.6,1548.115477875716,1502.1040792336676,46.01139864204856,1547.0988694362536,1475.8805068177464,71.21836261850717
E0,2020-11-02,Fulham,West Brom,H,4,1,3,1,0.2,0.4,1.0,1.4,0.6,2.4,12.4,6.8,4.2,2.2,13.6,11.4,9,7,0.5,0.5,0.0,0,0.8,1.0,0.4,1.6,1455.917492606691,1464.7214211788246,-8.8039285721336,1455.0958898714134,1472.2666837993315,-17.170793927918112
E0,2020-11-02,Leeds,Leicester,A,7,9,4,9,0.3333333333333333,0.3,1.6,1.2,2.0,1.8,15.0,12.6,6.0,5.4,15.6,10.4,10,8,0.5,0.5,0.0,0,1.2,0.4,1.6,1.0,1505.8140965702366,1531.7866017388892,-25.97250516865256,1516.3418288214962,1515.685901981436,0.6559268400601468
E0,2020-11-06,Brighton,Burnley,D,7,5,2,5,0.1,0.4,1.8,1.6,1.2,1.6,12.8,12.2,3.6,4.4,8.0,13.2,5,6,0.125,0.25,0.625,8,1.0,0.6,0.8,1.0,1449.6569344018253,1498.825875881141,-49.16894147931566,1473.076136224753,1486.263759749057,-13.187623524303945
E0,2020-11-06,Southampton,Newcastle,H,10,6,10,6,0.5,0.3,2.0,1.4,1.0,0.8,10.4,9.2,4.8,2.0,11.2,16.4,5,5,0.2,0.5,0.3,10,0.8,0.8,0.8,0.6,1475.0040956621478,1497.4876356341404,-22.483539971992514,1503.0528033221103,1493.89199601858,9.160807303530191
E0,2020-11-07,West Ham,Fulham,H,5,4,8,4,0.4,0.1,1.8,1.6,1.0,1.4,11.4,12.4,3.8,4.2,8.4,13.6,7,5,1.0,0.0,0.0,2,0.8,0.6,0.8,1.0,1511.5819230193408,1454.274287136136,57.307635883204966,1512.67582255473,1460.9855309492648,51.69029160546529
E0,2020-11-07,Chelsea,Sheffield United,H,8,0,10,0,0.7,0.1,2.4,1.8,0.6,2.0,12.4,6.6,6.0,1.8,10.2,13.8,7,7,0.0,0.5,0.5,2,1.8,0.6,0.2,1.6,1546.1007986948432,1474.1122168851375,71.98858180970569,1532.306903989194,1489.5974493944022,42.70945459479162
E0,2020-11-07,Everton,Man United,A,9,15,8,15,0.4,0.7,1.0,1.0,2.8,0.6,10.2,14.6,3.4,6.2,9.6,12.2,6,6,0.1666666666666666,0.5,0.3333333333333333,12,0.6,0.4,1.8,0.2,1533.6193415409966,1566.44682374452,-32.82748220352323,1503.924673071392,1529.8636349789172,-25.938961907525258
E0,2020-11-07,Crystal Palace,Leeds,H,6,6,5,6,0.3,0.6666666666666666,1.0,2.0,1.6,1.8,10.0,14.8,4.0,5.4,14.4,13.0,8,5,0.5,0.5,0.0,0,0.6,1.4,1.2,0.8,1484.607657410089,1526.8695610727557,-42.261903662666555,1488.4727271299284,1510.049588304001,-21.57686117407252
E0,2020-11-08,West Brom,Tottenham,A,1,13,8,13,0.2,0.5,0.6,2.4,3.2,1.0,7.4,11.0,2.2,4.8,11.8,13.4,6,7,0.375,0.25,0.375,8,0.4,1.2,1.8,0.6,1479.8119464198387,1546.082260996791,-66.27031457695261,1466.3770427214804,1549.9032400292472,-83.52619730776678
E0,2020-11-08,Leicester,Wolves,H,12,7,6,7,0.4,0.5,2.6,1.2,0.8,1.4,12.0,9.6,6.0,3.0,10.6,11.4,6,9,0.25,0.25,0.5,4,2.0,0.4,0.4,0.8,1499.5852022239828,1511.172050745848,-11.58684852186525,1521.978142498931,1514.0222947865748,7.955847712356217
E0,2020-11-08,Man City,Liverpool,D,11,7,12,7,0.8,0.4,2.0,0.6,2.0,2.4,18.6,18.4,7.2,7.2,7.0,8.0,8,8,0.4166666666666667,0.4166666666666667,0.1666666666666666,12,0.8,0.4,1.2,0.8,1566.75364135518,1546.9540186173422,19.799622737837808,1562.101304831575,1578.3118050260755,-16.210500194501037
E0,2020-11-08,Arsenal,Aston Villa,A,6,8,12,8,0.8,0.2,1.0,1.0,1.2,0.8,8.4,11.8,2.8,3.4,11.0,10.4,7,7,0.75,0.25,0.0,4,0.6,0.2,0.8,0.8,1558.8000994774538,1503.62026161507,55.17983786238392,1539.528403735594,1504.632447934764,34.89595580083005
E0,2020-11-21,Newcastle,Chelsea,A,6,8,6,8,0.3,0.4,0.8,0.8,2.4,1.8,8.4,12.4,1.6,6.0,16.0,10.2,15,14,0.4,0.6,0.0,10,0.8,0.4,1.8,0.6,1490.29635640302,1518.5130092835448,-28.21665288052486,1488.2371030334937,1534.8575537063384,-46.620450672844754
E0,2020-11-21,Aston Villa,Brighton,A,11,7,9,7,0.4,0.3,1.8,0.4,1.8,1.6,13.0,12.8,4.0,3.6,11.8,8.0,13,15,0.5,0.0,0.5,2,1.2,0.4,1.0,0.6,1505.6446342544582,1496.495338047681,9.149296206777535,1514.0698028851257,1473.7125109339768,40.35729195114891
E0,2020-11-21,Tottenham,Man City,H,13,11,8,11,0.5,0.5,2.8,0.8,2.0,0.6,13.2,18.6,4.8,7.2,11.4,7.0,13,13,0.1666666666666666,0.6666666666666666,0.1666666666666666,12,1.6,0.4,0.8,0.4,1553.724219061703,1557.4489683079694,-3.724749246266356,1552.1635105075516,1560.6620294243878,-8.498518916836247
E0,2020-11-21,Man United,West Brom,H,15,1,2,1,0.4,0.4,2.8,0.8,0.6,2.4,14.4,7.4,6.0,2.2,11.8,11.8,14,13,0.375,0.375,0.25,8,1.8,0.2,0.4,1.2,1493.2804462133147,1452.942139023122,40.33830719019283,1535.3055519742277,1464.116772243176,71.18877973105168
E0,2020-11-22,Fulham,Everton,A,1,9,3,9,0.3,0.4,0.8,1.6,1.0,1.0,11.6,10.2,3.8,3.4,13.8,9.6,15,15,0.5,0.5,0.0,2,0.6,1.2,0.6,0.4,1467.6967747623935,1474.2300046017872,-6.533229839393471,1458.677271970569,1498.4827560760814,-39.80548410551228
E0,2020-11-22,Sheffield United,West Ham,A,0,5,1,5,0.4,0.2,0.8,2.4,1.8,1.6,6.8,11.4,2.2,3.8,14.8,8.4,15,15,0.5,0.0,0.5,2,0.2,1.8,0.8,0.6,1505.0826819036668,1513.7697220901196,-8.687040186452805,1487.0467996772577,1514.984081533426,-27.937281856168283
E0,2020-11-22,Leeds,Arsenal,D,6,6,4,6,0.25,0.4,1.8,2.4,1.0,1.0,14.0,8.4,5.6,2.8,13.6,11.0,15,14,0.5,0.5,0.0,0,1.2,0.8,0.6,0.2,1493.2296155352465,1520.2567079937342,-27.027092458487687,1500.8052885984796,1530.0910487852325,-29.28576018675267
E0,2020-11-22,Liverpool,Leicester,H,8,12,15,12,0.9,0.4,2.0,2.2,2.6,1.2,15.6,12.0,6.2,6.0,8.8,10.6,14,14,0.75,0.0833333333333333,0.1666666666666666,12,1.2,0.8,2.0,0.4,1609.6695914348093,1544.3710827738794,65.29850866092988,1579.7510804332626,1525.186409114136,54.564671319126546
E0,2020-11-23,Wolves,Southampton,D,6,10,10,10,0.6,0.5,0.6,1.4,2.0,1.4,8.2,10.4,2.4,4.8,11.6,11.2,15,17,0.5,0.25,0.25,4,0.2,0.6,0.8,0.8,1516.8725388273017,1531.1015109820728,-14.228972154771329,1510.81402817137,1508.7076963071968,2.106331864173171
E0,2020-11-23,Burnley,Crystal Palace,H,5,6,1,6,0.2,0.4,1.0,1.4,1.0,2.0,11.8,10.0,4.2,4.0,12.4,14.4,17,16,0.4166666666666667,0.5,0.0833333333333333,12,0.6,1.0,0.6,1.4,1473.701643616973,1492.337796849768,-18.636153232795095,1485.627385039833,1497.7170268354498,-12.0896417956169
E0,2020-11-27,Crystal Palace,Newcastle,A,6,6,8,6,0.4,0.3,1.0,1.8,0.8,0.8,11.6,8.4,4.4,1.6,14.2,16.0,4,6,0.2,0.3,0.5,10,0.6,1.2,0.8,0.4,1503.0962568211316,1486.1778496639674,16.91840715716421,1494.3678125966362,1483.5586204261826,10.80919217045357
E0,2020-11-28,Man City,Burnley,H,8,5,10,5,0.8,0.3,1.2,1.0,1.0,1.4,17.8,11.8,6.2,4.2,7.4,12.4,7,5,0.6666666666666666,0.0833333333333333,0.25,12,0.4,0.6,0.6,1.0,1563.8750905408062,1497.5531264626932,66.32196407811307,1555.1531847944832,1488.9765992786463,66.17658551583668
E0,2020-11-28,Everton,Leeds,A,9,7,7,6,0.3,0.5,1.4,1.4,1.6,1.6,11.0,16.8,4.4,5.6,10.8,13.4,6,6,0.5,0.5,0.0,0,0.4,0.6,1.0,0.4,1522.7355075503758,1508.3809616617127,14.354545888663097,1501.7517114825466,1501.1868475595115,0.5648639230350909
E0,2020-11-28,West Brom,Sheffield United,H,1,0,5,0,0.2,0.0,0.6,2.2,0.8,2.4,7.4,6.8,2.4,2.2,13.0,14.8,7,6,0.5,0.5,0.0,0,0.4,1.0,0.2,1.8,1475.29140546323,1469.0109174508484,6.280488012381738,1462.2810831648565,1484.7957661250484,-22.514682960191976
E0,2020-11-28,Brighton,Liverpool,D,7,8,3,8,0.1,0.3,1.8,1.6,2.0,2.2,11.4,15.6,3.4,6.2,8.4,8.8,7,6,0.0,1.0,0.0,8,1.0,0.8,1.2,0.8,1450.929683820273,1549.832569431716,-98.9028856114428,1477.8126189265806,1584.2486632221885,-106.43604429560789
E0,2020-11-29,Southampton,Man United,A,8,15,12,15,0.6,0.8,1.8,1.6,2.8,0.8,8.6,14.4,3.6,6.0,13.0,11.8,6,8,0.0833333333333333,0.4166666666666667,0.5,12,0.8,1.0,1.8,0.2,1486.3138816323208,1577.330657735141,-91.0167761028199,1507.4294750631004,1537.1412410525472,-29.711765989446803
E0,2020-11-29,Chelsea,Tottenham,D,11,13,10,13,0.8,0.5,2.2,0.8,2.8,0.8,13.2,13.2,5.6,4.8,9.8,11.4,8,8,0.5833333333333334,0.4166666666666667,0.0,12,1.6,0.2,1.6,0.4,1551.2020981291323,1550.6028019534,0.5992961757324338,1539.5360363136494,1557.6723551374562,-18.136318823806732
E0,2020-11-29,Arsenal,Wolves,A,7,6,9,6,0.7,0.5,1.0,0.8,0.6,1.4,8.8,8.2,3.2,2.4,14.4,11.6,7,6,0.25,0.25,0.5,4,0.6,0.2,0.2,0.6,1539.9253895767304,1504.7555175154382,35.16987206129215,1529.7094898242003,1512.092249415466,17.617240408734233
E0,2020-11-30,Leicester,Fulham,A,12,1,6,1,0.5,0.1,2.6,1.2,0.8,1.6,9.4,11.6,5.6,3.8,14.0,13.8,8,8,0.5,0.0,0.5,2,2.0,0.6,0.6,1.2,1506.0017354543927,1449.6577691787445,56.34396627564843,1520.6888263252104,1455.408316564104,65.28050976110649
E0,2020-11-30,West Ham,Aston Villa,H,7,11,8,11,0.5,0.3,1.8,1.4,1.8,0.4,12.0,13.0,3.8,4.0,8.0,11.8,8,9,0.0,0.25,0.75,4,1.0,0.4,1.2,0.4,1516.1984409767324,1522.4949715157934,-6.296530539060996,1517.2351150856352,1509.969694892522,7.265420193113187
E0,2020-12-05,Burnley,Everton,D,2,9,3,9,0.3,0.5,0.6,2.4,1.4,1.4,9.0,11.0,2.8,4.4,15.0,10.8,7,7,0.5,0.5,0.0,12,0.4,1.4,0.4,0.6,1480.4000720946,1480.7679154147174,-0.3678433201175721,1485.0466704170194,1497.5804911124037,-12.533820695384293
E0,2020-12-05,Man City,Fulham,H,8,4,10,4,0.8,0.2,1.2,1.0,1.2,1.6,17.8,12.4,6.2,4.4,7.4,13.2,7,5,1.0,0.0,0.0,2,0.4,0.6,0.6,1.2,1571.7349482640604,1461.808935517202,109.92601274685852,1559.0831136561103,1461.4838997333327,97.5992139227776
E0,2020-12-05,West Ham,Man United,A,7,15,10,15,0.5,0.8,1.8,1.4,3.0,1.2,12.0,14.0,3.8,6.2,8.0,11.2,5,6,0.1666666666666666,0.4166666666666667,0.4166666666666667,12,1.0,0.4,2.2,0.2,1522.0720173522832,1580.0794361173262,-58.007418765042985,1520.1719032734104,1538.51563024364,-18.343726970229454
E0,2020-12-05,Chelsea,Leeds,H,11,9,8,9,0.7,0.6,2.2,0.8,1.8,1.6,13.2,16.4,5.6,6.2,9.8,14.6,6,7,0.5,0.5,0.0,0,1.6,0.2,1.2,0.4,1551.7157180394197,1516.7234024019986,34.992315637420916,1539.792846268793,1505.358067929655,34.43477833913835
E0,2020-12-06,Liverpool,Wolves,H,6,9,15,9,0.9,0.5,1.6,2.2,1.0,1.2,14.0,9.4,5.4,3.2,10.4,12.0,8,7,1.0,0.0,0.0,4,1.0,1.0,0.2,0.6,1618.6647570126609,1515.3183475699284,103.34640944273248,1581.972606872116,1517.3736644427113,64.59894242940481
E0,2020-12-06,Tottenham,Arsenal,H,13,7,8,7,0.6,0.4,2.6,0.6,1.0,0.8,12.8,8.8,4.6,3.2,11.4,14.4,7,7,0.4166666666666667,0.25,0.3333333333333333,12,1.6,0.2,0.6,0.2,1564.7419083215125,1519.49359007167,45.248318249842214,1557.4155451823126,1524.4280747969551,32.98747038535748
E0,2020-12-06,West Brom,Crystal Palace,A,1,6,5,6,0.3,0.3,0.6,2.2,1.0,1.8,7.4,11.6,2.4,4.4,13.0,14.2,8,9,0.25,0.375,0.375,8,0.4,1.0,0.6,1.2,1481.4773022657391,1485.639368372141,-4.1620661064018805,1465.374031566111,1486.2955167420728,-20.92148517596183
E0,2020-12-06,Sheffield United,Leicester,A,0,12,1,12,0.4,0.4,0.6,2.0,2.6,1.2,10.0,9.4,2.6,5.6,15.6,14.0,8,6,0.0,1.0,0.0,2,0.2,1.2,2.0,0.6,1500.5806147992485,1535.3759171960278,-34.795302396779334,1481.702817723794,1514.6132431559813,-32.91042543218737
E0,2020-12-07,Brighton,Southampton,A,7,8,3,8,0.1,0.5,1.8,1.6,1.8,1.6,11.4,8.6,3.4,3.6,8.4,13.0,9,8,0.0,0.25,0.75,8,1.0,0.8,0.8,1.0,1455.481796520418,1528.54506849388,-73.06327197346218,1480.088675276653,1506.0550858720076,-25.966410595354542
E0,2020-12-11,Leeds,West Ham,A,9,7,5,7,0.2,0.3,1.4,1.4,1.8,1.4,16.8,12.0,6.2,3.8,14.8,8.0,6,6,0.5,0.5,0.0,0,1.0,0.6,1.0,0.4,1493.9927334573106,1518.271789194538,-24.27905573722728,1500.7420588936327,1516.5025982462091,-15.760539352576645
E0,2020-12-12,Wolves,Aston Villa,A,6,10,8,10,0.5,0.3,0.6,2.0,1.8,0.6,9.0,13.2,3.0,5.0,12.4,11.2,6,12,1.0,0.0,0.0,2,0.2,1.2,1.0,0.4,1519.4289813154942,1516.6213951402426,2.807586175251572,1514.490888192019,1507.032906704747,7.457981487272264
E0,2020-12-12,Newcastle,West Brom,H,8,1,6,1,0.3,0.3,1.2,0.8,0.6,2.2,8.8,7.4,2.8,2.4,16.2,13.0,15,6,0.1666666666666666,0.3333333333333333,0.5,6,1.2,0.4,0.4,1.0,1480.939391188398,1449.2707608664828,31.668630321915316,1491.6309162807463,1458.53200774393,33.09890853681645
E0,2020-12-12,Man United,Man City,D,15,8,4,8,0.4,0.4,3.2,1.4,1.2,1.0,15.6,17.8,6.8,6.2,12.2,7.4,7,7,0.4166666666666667,0.5,0.0833333333333333,12,2.4,0.2,0.4,0.6,1496.9518243699538,1546.43127904816,-49.479454678206366,1542.1849352708412,1561.063783590842,-18.878848320001
E0,2020-12-12,Everton,Chelsea,H,7,11,7,11,0.3,0.5,1.4,1.6,2.2,0.8,10.6,13.2,4.8,5.6,10.6,9.8,7,7,0.1666666666666666,0.5833333333333334,0.25,12,0.2,0.6,1.6,0.2,1514.39306681009,1527.8699744981666,-13.476907688076608,1497.2766450512308,1544.408855304815,-47.13221025358416
E0,2020-12-13,Leicester,Brighton,H,12,7,6,7,0.5,0.4,2.4,1.4,1.8,1.6,9.4,11.4,5.0,3.4,13.4,8.4,7,6,0.75,0.0,0.25,8,1.6,0.6,1.0,0.8,1493.850569115935,1504.695554032888,-10.84498491695308,1517.796707431879,1477.1075266868263,40.689180745052454
E0,2020-12-13,Arsenal,Burnley,A,4,2,6,2,0.6,0.3,0.4,1.2,0.6,2.4,8.4,9.0,2.4,2.8,14.6,15.0,7,8,0.9166666666666666,0.0,0.0833333333333333,12,0.2,0.2,0.4,1.4,1529.3625595222402,1489.693268739439,39.66929078280123,1521.7904812882748,1485.3505164781925,36.43996481008253
E0,2020-12-13,Southampton,Sheffield United,H,11,0,9,0,0.5,0.0,2.2,1.6,0.6,2.0,8.8,10.0,3.2,2.6,14.4,15.6,6,7,1.0,0.0,0.0,2,1.0,1.0,0.2,1.2,1483.5651032501353,1462.8250206483394,20.740082601795848,1509.0362344618345,1478.5193534478965,30.51688101393802
E0,2020-12-13,Crystal Palace,Tottenham,D,6,13,7,13,0.3,0.5,1.4,1.8,2.6,0.6,12.4,12.8,4.6,4.6,13.4,11.4,7,7,0.0833333333333333,0.75,0.1666666666666666,12,1.0,1.0,1.6,0.2,1486.9516651120043,1550.0891820431127,-63.137516931108394,1493.1375405642534,1560.053138690993,-66.9155981267395
E0,2020-12-13,Fulham,Liverpool,D,4,6,3,6,0.3,0.3,0.6,1.2,1.6,2.2,10.8,14.0,3.4,5.4,14.4,10.4,8,7,0.0,1.0,0.0,2,0.2,0.8,1.0,1.0,1461.1588639494637,1545.2804567315711,-84.12159278210765,1459.5032297986008,1584.8553831228082,-125.3521533242074
E0,2020-12-15,Wolves,Chelsea,H,6,8,8,8,0.5,0.4,0.6,2.0,1.6,0.8,9.0,13.2,3.0,5.2,12.4,9.0,3,3,0.25,0.5,0.25,4,0.2,1.2,1.2,0.0,1514.138546480199,1518.9182783729727,-4.779731892773725,1511.8456707743712,1539.933007242218,-28.087336467846853
E0,2020-12-15,Man City,West Brom,D,6,1,10,1,0.8,0.2,0.6,0.8,0.4,1.6,16.8,8.8,4.8,2.2,7.6,12.0,3,3,1.0,0.0,0.0,8,0.2,0.4,0.4,0.6,1575.696288133524,1443.4747039484644,132.22158418505978,1560.247181898771,1455.6339792849208,104.61320261385026
E0,2020-12-16,West Ham,Crystal Palace,D,10,6,10,6,0.5,0.3,2.0,1.2,1.4,1.8,13.0,12.4,4.8,4.6,9.2,13.4,5,3,0.3333333333333333,0.25,0.4166666666666667,12,1.2,0.2,1.0,1.0,1514.7334072978808,1499.3234160165027,15.409991281378096,1520.1130189991356,1494.6975522147636,25.41546678437203
E0,2020-12-16,Liverpool,Tottenham,H,4,11,15,11,0.9,0.5,1.4,2.4,1.8,0.4,12.8,13.8,5.4,4.6,11.4,11.8,3,3,0.5833333333333334,0.1666666666666666,0.25,12,0.8,1.0,0.8,0.2,1624.4303095140456,1546.9691587420923,77.46115077195327,1582.883418339835,1558.4931270404827,24.390291299352384
E0,2020-12-16,Fulham,Brighton,D,4,4,4,4,0.3,0.4,0.6,1.2,1.2,2.2,10.8,11.2,3.4,3.0,14.4,10.2,3,3,0.5,0.0,0.5,2,0.2,0.8,0.8,0.8,1465.10279351541,1490.1478851672005,-25.04509165179047,1461.4751945815742,1469.8336922539825,-8.358497672408248
E0,2020-12-16,Arsenal,Southampton,D,4,11,3,11,0.5,0.5,0.4,1.2,2.2,1.6,8.4,8.8,2.4,3.2,14.6,14.4,3,3,0.5833333333333334,0.1666666666666666,0.25,12,0.2,0.2,1.0,1.0,1520.4691126183145,1534.5073656735333,-14.038253055219002,1517.343757836312,1515.1004130799388,2.2433447563730624
E0,2020-12-16,Leicester,Everton,A,12,7,6,7,0.5,0.5,2.4,1.4,1.4,1.6,9.4,10.6,5.0,4.8,13.4,10.6,3,4,0.3333333333333333,0.5,0.1666666666666666,12,1.6,0.6,0.2,0.6,1508.3982379816227,1480.1602232923717,28.23801468925103,1525.0705418647228,1501.7524931138278,23.31804875089506
E0,2020-12-16,Leeds,Newcastle,H,9,8,2,8,0.1666666666666666,0.4,1.4,1.4,1.2,0.8,16.8,8.8,6.2,2.8,14.8,16.2,5,4,0.5,0.5,0.0,0,1.0,0.6,1.2,0.4,1486.771891951458,1502.3224413730948,-15.550549421636788,1497.1316381407064,1494.5289447397556,2.602693400950784
E0,2020-12-17,Aston Villa,Burnley,D,12,5,6,5,0.4,0.4,1.8,0.4,0.4,1.6,13.2,7.8,4.6,2.2,12.4,15.8,5,4,0.25,0.25,0.5,4,1.0,0.2,0.4,0.8,1497.4444182692507,1498.5867156433649,-1.1422973741141504,1509.6781241223944,1489.7972399301552,19.880884192239137
E0,2020-12-17,Sheffield United,Man United,A,0,15,1,15,0.3,0.9,0.6,2.4,3.2,1.4,9.8,15.6,2.4,6.8,15.2,12.2,4,5,0.0,0.5,0.5,2,0.2,1.4,2.4,0.2,1494.213686247453,1587.4180461717283,-93.2043599242752,1472.4551748297918,1543.0015369629125,-70.54636213312051
E0,2020-12-19,Crystal Palace,Liverpool,A,7,4,5,4,0.2,0.3,1.6,1.2,1.4,2.4,13.2,12.8,5.0,5.4,11.8,11.4,3,3,0.25,0.75,0.0,12,1.0,0.4,0.8,1.0,1490.0716884130247,1541.3365271656246,-51.26483875259987,1496.0842583303638,1586.1108328285848,-90.02657449822095
E0,2020-12-19,Southampton,Man City,A,9,6,12,6,0.6,0.4,2.2,1.8,0.6,0.8,10.4,16.8,3.6,4.8,14.2,7.6,3,4,0.0833333333333333,0.8333333333333334,0.0833333333333333,12,1.0,1.2,0.2,0.4,1495.6934604863443,1544.7980756640177,-49.10461517767317,1514.428249110782,1557.522706785517,-43.09445767473494
E0,2020-12-19,Everton,Arsenal,H,7,4,7,4,0.4,0.4,1.4,1.4,0.4,1.2,10.8,8.4,5.0,2.4,11.8,14.6,3,3,0.1666666666666666,0.6666666666666666,0.1666666666666666,12,0.4,0.6,0.2,0.2,1523.3447629352838,1514.2184030543094,9.126359880974404,1509.7461973214797,1518.015921805469,-8.269724483989194
E0,2020-12-19,Newcastle,Fulham,D,5,4,9,4,0.3,0.2,1.2,1.8,0.6,1.2,7.8,10.8,3.2,3.4,18.2,14.4,3,3,0.5,0.0,0.5,2,1.0,1.2,0.2,0.8,1486.7354481064165,1457.8475956477382,28.887852458678253,1488.6437928831208,1462.0515207181245,26.592272164996302
E0,2020-12-20,Brighton,Sheffield United,D,5,0,3,0,0.0,0.0,0.8,1.4,0.6,2.4,10.8,9.8,3.2,2.4,9.8,15.2,4,3,0.0,0.5,0.5,2,0.6,0.4,0.2,1.4,1449.5194993407647,1450.6966634121302,-1.177164071365496,1469.2573661174322,1471.5631849807396,-2.3058188633074224
E0,2020-12-20,Tottenham,Leicester,A,8,12,11,12,0.7,0.5,0.8,0.6,2.4,1.4,11.0,9.4,3.4,5.0,14.2,13.4,4,4,0.6666666666666666,0.25,0.0833333333333333,12,0.4,0.4,1.6,0.6,1570.0170953388729,1541.742845747823,28.27424959104997,1555.265712551733,1517.0768376570709,38.18887489466215
E0,2020-12-20,Man United,Leeds,H,15,9,5,9,0.3,0.5,3.2,1.4,1.4,1.4,17.0,16.8,7.8,6.2,11.0,14.8,3,4,0.5,0.5,0.0,0,2.2,0.2,1.0,0.6,1498.5850277540962,1507.4913843299548,-8.906356575858581,1543.8935268119644,1503.0167899973412,40.8767368146232
E0,2020-12-20,West Brom,Aston Villa,A,2,12,5,12,0.3,0.4,0.6,1.4,1.8,0.4,8.8,13.2,2.0,4.6,14.6,12.4,5,3,0.5,0.5,0.0,2,0.4,0.4,1.0,0.2,1467.7932546213774,1521.9118299755378,-54.118575354160384,1458.358454398175,1508.4025309711442,-50.04407657296929
E0,2020-12-21,Burnley,Wolves,H,6,6,4,6,0.2,0.4,0.2,1.0,0.6,2.0,7.6,9.0,2.4,3.0,19.2,12.4,4,6,0.25,0.25,0.5,4,0.2,0.4,0.2,1.2,1481.0077642169456,1509.5527950685437,-28.545030851598085,1491.0728330814052,1516.4064085615073,-25.333575480102127
E0,2020-12-21,Chelsea,West Ham,H,7,10,11,10,0.7,0.4,1.2,0.6,2.0,1.2,11.4,13.0,3.8,4.8,9.6,9.2,6,5,0.4166666666666667,0.3333333333333333,0.25,12,0.8,0.4,1.2,0.2,1560.9477361114632,1525.4926307003905,35.455105411072736,1535.372269455082,1518.7263128835357,16.64595657154632
E0,2020-12-26,Man City,Newcastle,H,8,5,11,5,0.7,0.3,0.6,0.6,1.2,1.8,14.4,7.8,5.4,3.2,7.0,18.2,7,7,0.8,0.1,0.1,10,0.2,0.2,1.0,1.2,1570.247337907016,1490.5521376598251,79.695200247191,1559.9893895773905,1488.359189331091,71.63020024629895
E0,2020-12-26,Sheffield United,Everton,A,1,7,1,7,0.2,0.5,0.6,2.2,1.4,1.4,9.6,10.8,2.6,5.0,18.2,11.8,6,7,0.5,0.5,0.0,2,0.2,1.2,0.4,0.6,1492.4297065493492,1496.1476317076754,-3.717925158326125,1472.504452171498,1512.2718764173624,-39.76742424586428
E0,2020-12-26,Arsenal,Chelsea,H,4,7,1,7,0.4,0.4,0.4,1.0,1.2,0.6,10.2,11.4,2.2,3.8,12.2,9.6,7,5,0.1666666666666666,0.3333333333333333,0.5,12,0.2,0.0,0.8,0.4,1521.813440556628,1509.796802798701,12.0166377579269,1515.4902427095858,1542.847760027421,-27.35751731783512
E0,2020-12-26,Aston Villa,Crystal Palace,H,12,7,4,7,0.4,0.3,1.8,0.4,1.6,1.2,14.6,13.2,5.6,5.0,9.4,11.8,6,7,0.5,0.25,0.25,4,1.2,0.2,1.0,0.4,1494.8932319667508,1502.096828247703,-7.203596280951842,1513.252372035872,1487.4728607136562,25.77951132221574
E0,2020-12-26,Leicester,Man United,D,12,15,6,15,0.5,1.0,1.8,1.0,3.2,1.4,11.4,17.0,4.4,7.8,11.8,11.0,6,6,0.0833333333333333,0.75,0.1666666666666666,12,1.0,0.4,2.2,0.2,1492.410829566319,1589.2020258698326,-96.79119630351352,1524.087140714029,1550.618332404002,-26.531191689973184
E0,2020-12-26,Fulham,Southampton,D,5,9,5,9,0.3,0.4,0.8,1.2,2.2,1.8,11.0,10.4,3.8,3.6,14.0,14.2,7,7,0.5,0.5,0.0,2,0.2,0.8,1.0,1.2,1466.2554457885108,1533.1630377352196,-66.90759194670886,1462.336124270154,1511.9615663189086,-49.62544204875462
E0,2020-12-27,Leeds,Burnley,H,6,6,4,6,0.2857142857142857,0.3,1.6,2.6,0.2,1.0,16.8,7.6,5.0,2.4,17.2,19.2,7,6,0.5,0.5,0.0,0,1.0,1.0,0.2,0.4,1498.5421956647276,1501.1379019458648,-2.5957062811371543,1496.2919844053035,1495.961581532583,0.3304028727204695
E0,2020-12-27,West Ham,Brighton,D,7,5,8,5,0.4,0.4,1.4,1.8,0.8,1.4,11.4,10.8,3.6,3.2,10.6,9.8,6,7,0.0,0.625,0.375,8,1.0,0.6,0.6,0.4,1511.959995066681,1488.9952328940997,22.96476217258123,1511.2508223111968,1468.3160989266737,42.93472338452307
E0,2020-12-27,Liverpool,West Brom,D,7,2,15,2,0.9,0.1,2.4,1.0,0.6,1.4,12.8,8.8,5.4,2.0,8.8,14.6,8,7,0.375,0.0,0.625,8,1.4,0.4,0.4,0.4,1630.885138491545,1448.9236541749724,181.96148431657252,1594.7222304452923,1453.508613333447,141.21361711184522
E0,2020-12-27,Wolves,Tottenham,D,6,8,8,8,0.5,0.5,0.8,1.6,0.8,0.6,9.8,11.0,3.2,3.4,11.4,14.2,6,7,0.5,0.5,0.0,4,0.4,0.8,0.4,0.4,1523.2600220544707,1540.514329764593,-17.254307710122248,1511.5176601103294,1548.255409494775,-36.73774938444558
E0,2020-12-28,Crystal Palace,Leicester,D,4,12,5,12,0.2,0.6,1.2,1.6,1.8,1.0,13.0,11.4,4.2,4.4,12.8,11.8,2,2,0.6666666666666666,0.25,0.0833333333333333,12,0.8,0.6,1.0,0.4,1472.8488931796096,1555.763451861739,-82.91455868212938,1481.940823973384,1525.9938581541787,-44.05303418079484
E0,2020-12-28,Chelsea,Aston Villa,D,6,12,11,12,0.7,0.5,1.4,1.2,1.8,0.4,14.0,14.6,4.2,5.6,9.8,9.4,2,2,1.0,0.0,0.0,4,1.0,0.6,1.2,0.2,1575.898717256141,1531.6115121049932,44.28720515114787,1536.5253192228374,1518.7844087761443,17.74091044669308
E0,2020-12-29,Man United,Wolves,H,13,6,8,6,0.3,0.3,2.8,1.6,0.8,1.6,13.2,9.8,5.8,3.2,11.6,11.4,3,2,0.0,0.25,0.75,4,1.8,0.4,0.4,0.8,1512.0346389381716,1499.775298166188,12.259340771983716,1548.7116149638523,1511.9591629288052,36.75245203504733
E0,2020-12-29,West Brom,Leeds,A,2,6,4,6,0.3,0.4285714285714285,0.6,1.4,1.6,2.6,8.0,16.8,2.0,5.0,17.0,17.2,2,2,0.5,0.5,0.0,0,0.4,0.4,1.0,1.0,1458.093572491922,1494.0417731458797,-35.94820065395743,1457.7734134464415,1498.5060918115803,-40.73267836513878
E0,2020-12-29,Brighton,Arsenal,A,5,4,4,4,0.0,0.3,1.0,1.6,0.4,1.0,9.4,10.2,3.4,2.2,11.8,12.2,2,3,0.5,0.25,0.25,8,0.6,0.8,0.2,0.0,1447.6369649592475,1509.167044862544,-61.530079903296155,1469.2745050030717,1521.8126835141695,-52.538178511098295
E0,2020-12-29,Burnley,Sheffield United,H,5,1,7,1,0.3,0.0,0.2,1.2,0.6,2.2,8.6,9.6,2.8,2.6,18.8,18.2,2,3,0.0,0.5,0.5,2,0.2,0.4,0.2,1.2,1490.7852611193014,1452.5791977936472,38.20606332565421,1493.747474126306,1469.3480608471566,24.399413279149485
E0,2020-12-29,Southampton,West Ham,D,9,7,9,7,0.6,0.4,1.6,1.2,1.4,1.8,8.4,11.4,2.8,3.6,14.0,10.6,3,2,0.3333333333333333,0.5833333333333334,0.0833333333333333,12,0.6,1.0,1.0,0.6,1490.7600949025975,1510.5416495557126,-19.78155465311511,1511.123537357077,1510.292416234799,0.8311211222783186
E0,2020-12-30,Newcastle,Liverpool,D,4,7,7,7,0.3,0.4,1.0,2.0,2.4,1.0,8.0,12.8,3.4,5.4,15.8,8.8,4,3,0.1,0.7,0.2,10,0.8,1.4,1.4,0.4,1486.1662410023573,1558.5593223990395,-72.39308139668242,1486.6877865706024,1590.457430332298,-103.76964376169552
E0,2021-01-01,Everton,West Ham,A,10,7,7,7,0.4,0.4,1.6,1.0,0.8,1.2,11.0,10.4,5.2,3.4,11.4,10.0,6,3,0.5833333333333334,0.25,0.1666666666666666,12,0.6,0.6,0.4,0.6,1528.3961211270494,1509.5692762106446,18.826844916404752,1515.428267741704,1509.806229562265,5.622038179439187
E0,2021-01-01,Man United,Aston Villa,H,13,10,10,10,0.3,0.5,2.8,1.6,1.8,0.6,13.2,14.6,5.8,5.2,11.6,10.4,3,4,0.5,0.0,0.5,4,1.8,0.4,1.2,0.2,1516.1180246012052,1532.0985544716466,-15.980529870441387,1550.7533077953694,1519.027929959471,31.72537783589837
E0,2021-01-02,West Brom,Arsenal,A,2,7,3,7,0.3,0.3,0.6,1.4,0.6,0.8,8.0,10.2,2.0,2.2,17.0,12.2,4,4,0.125,0.625,0.25,8,0.4,0.4,0.4,0.0,1445.1345846456031,1515.34015966925,-70.20557502364682,1451.2939195232825,1524.8992409175223,-73.60532139424026
E0,2021-01-02,Tottenham,Leeds,H,6,6,10,6,0.6,0.5,0.8,0.8,2.0,2.6,10.4,14.2,3.4,4.4,13.8,15.6,6,4,0.5,0.5,0.0,0,0.2,0.6,0.6,1.0,1555.9964892249568,1507.0007609921984,48.99572823275844,1547.813906676299,1504.98558573474,42.828320941559014
E0,2021-01-02,Crystal Palace,Sheffield United,H,4,1,5,1,0.2,0.0,1.2,1.6,0.4,2.0,13.0,8.4,4.2,2.8,12.8,15.8,5,4,0.0,1.0,0.0,2,0.8,0.6,0.2,1.0,1475.2525031607695,1447.644490334262,27.608012826507547,1483.1426289639635,1466.880707117464,16.261921846499718
E0,2021-01-02,Brighton,Wolves,D,5,3,3,3,0.0,0.3,1.0,1.6,0.6,1.8,9.4,10.2,3.4,3.6,11.8,11.0,4,4,0.25,0.0,0.75,4,0.6,0.8,0.2,1.0,1441.4638501525417,1495.6919125031543,-54.22806235061262,1466.1879475997184,1509.9174700972883,-43.72952249757009
E0,2021-01-03,Chelsea,Man City,A,6,8,11,8,0.6,0.5,1.4,1.2,0.6,0.6,14.0,14.4,4.2,5.4,9.8,7.0,6,8,0.3333333333333333,0.5,0.1666666666666666,12,1.0,0.6,0.2,0.2,1575.4116748894876,1549.731441247765,25.680233641722907,1536.2817980395107,1561.6607923378792,-25.378994298368525
E0,2021-01-03,Newcastle,Leicester,A,4,10,8,10,0.3,0.6,1.0,2.0,1.8,1.2,8.0,13.6,3.4,4.6,15.8,10.2,4,6,0.4,0.6,0.0,10,0.8,1.4,1.0,0.6,1490.0069830501795,1553.359841880579,-63.352858830399555,1488.6081575945136,1524.792053163599,-36.18389556908505
E0,2021-01-04,Southampton,Liverpool,H,9,7,7,7,0.5,0.3,1.6,1.2,2.0,0.6,8.4,10.6,2.8,4.6,14.0,8.2,6,5,0.0,0.8333333333333334,0.1666666666666666,12,0.6,1.0,1.2,0.2,1491.7324682476656,1554.7185803512175,-62.98611210355193,1511.6097240296112,1588.5370593083867,-76.92733527877544
E0,2021-01-12,Sheffield United,Newcastle,H,1,4,0,4,0.1,0.2,0.2,1.6,1.0,2.0,8.6,8.0,2.6,3.4,13.6,15.8,10,9,0.0,1.0,0.0,2,0.2,0.6,0.8,1.4,1486.116923900666,1487.2093321388477,-1.0924082381816334,1463.3182929559457,1486.8804271580152,-23.5621342020695
E0,2021-01-12,Burnley,Man United,A,5,13,10,13,0.3,0.9,0.2,1.2,2.8,1.6,8.6,13.2,2.8,5.8,18.8,11.6,14,11,0.0833333333333333,0.5,0.4166666666666667,12,0.2,0.4,1.8,0.4,1495.7199685786866,1585.3885909895334,-89.66862241084687,1496.2148278559987,1554.8815565667287,-58.66672871073001
E0,2021-01-12,Wolves,Everton,A,4,10,8,10,0.5,0.6,1.2,2.2,1.6,1.0,11.0,11.0,4.0,5.2,11.6,11.4,10,11,0.5,0.25,0.25,4,0.2,1.4,0.6,0.6,1524.1430276914225,1502.4604143563586,21.682613335063937,1509.1311884463437,1510.237191950589,-1.1060035042453364
E0,2021-01-13,Man City,Brighton,H,10,5,11,5,0.7,0.3,1.0,0.6,1.0,1.6,15.2,9.4,5.2,3.4,7.6,11.8,10,11,1.0,0.0,0.0,8,0.0,0.4,0.6,0.8,1573.5901434279936,1490.9120450468952,82.67809838109838,1568.9661252405265,1466.974229250663,101.99189598986322
E0,2021-01-13,Tottenham,Fulham,D,6,5,12,5,0.6,0.2,0.8,0.8,0.8,1.2,10.4,11.0,3.4,3.8,13.8,14.0,11,18,1.0,0.0,0.0,2,0.2,0.6,0.2,0.8,1565.5864686250095,1458.4168027517974,107.16966587321213,1552.6088963763254,1463.1741532319852,89.43474314434025
E0,2021-01-14,Arsenal,Crystal Palace,D,7,4,4,4,0.5,0.3,1.2,0.8,1.2,1.6,13.0,13.0,4.2,4.2,12.0,12.8,12,12,0.5833333333333334,0.1666666666666666,0.25,12,0.6,0.0,0.8,0.6,1534.4583221657954,1491.032754767158,43.42556739863744,1529.5845379632165,1486.705043125482,42.879494837734455
E0,2021-01-16,Wolves,West Brom,A,4,2,5,2,0.4,0.0,1.2,2.2,0.6,1.4,11.0,8.0,4.0,2.0,11.6,17.0,4,14,0.5,0.5,0.0,0,0.2,1.4,0.4,0.4,1515.9179239768196,1457.4532544009614,58.464669575858125,1505.0186365890422,1446.6086224775886,58.41001411145362
E0,2021-01-16,Leeds,Brighton,A,6,5,7,5,0.375,0.3,1.8,2.4,0.8,1.4,16.0,9.2,4.8,3.2,17.6,13.2,14,3,0.5,0.5,0.0,0,0.6,1.0,0.4,0.6,1502.9704104772816,1487.533962398077,15.436448079204638,1500.1905960347135,1465.285187926254,34.905408108459596
E0,2021-01-16,West Ham,Burnley,H,10,5,8,5,0.4,0.2,0.8,0.8,0.2,1.2,11.8,8.6,3.8,2.8,10.2,18.8,15,4,0.4166666666666667,0.4166666666666667,0.1666666666666666,12,0.6,0.4,0.2,0.4,1510.0431829138854,1496.7096871333108,13.333495780574594,1514.99730535338,1494.0547187408756,20.94258661250433
E0,2021-01-16,Fulham,Chelsea,A,5,6,6,6,0.2,0.3,0.8,1.2,1.4,1.2,11.0,14.0,3.4,4.2,15.0,9.8,3,13,0.0,1.0,0.0,2,0.2,0.6,1.0,0.6,1467.9315037121733,1497.1519211895336,-29.220417477360343,1465.3874236470338,1528.9764651368637,-63.5890414898297
E0,2021-01-16,Leicester,Southampton,H,10,9,7,9,0.4,0.4,1.4,1.2,1.6,1.2,13.4,8.4,3.6,2.8,9.6,14.0,13,12,0.4166666666666667,0.3333333333333333,0.25,12,1.0,0.6,0.6,1.0,1496.2242644466182,1531.4869798115571,-35.26271536493891,1526.519783600097,1517.546640360679,8.97314323941805
E0,2021-01-17,Man City,Crystal Palace,H,10,5,13,5,0.7,0.3,1.0,0.6,1.2,1.2,15.2,13.2,5.2,4.2,7.6,12.0,4,3,0.5833333333333334,0.1666666666666666,0.25,12,0.0,0.4,0.8,0.6,1576.9682260768118,1493.2624563687918,83.70576970801994,1570.6551665649354,1487.819893926299,82.8352726386363
E0,2021-01-17,Liverpool,Man United,D,6,13,13,13,0.8,0.9,1.8,0.6,2.4,1.4,12.0,13.2,4.2,6.2,8.2,12.4,13,5,0.1666666666666666,0.3333333333333333,0.5,12,1.2,0.2,1.8,0.4,1622.355538265556,1589.7088092197798,32.646729045776056,1582.6001429773191,1557.041665681852,25.558477295467128
E0,2021-01-17,Sheffield United,Tottenham,A,1,6,3,6,0.1,0.5,0.2,1.6,0.8,0.8,8.6,10.4,2.6,3.4,13.6,13.8,5,4,0.5,0.0,0.5,2,0.2,0.6,0.2,0.6,1493.2104178403338,1539.6313241276412,-46.42090628730739,1466.8650399257797,1550.395625961277,-83.53058603549744
E0,2021-01-18,Arsenal,Newcastle,H,7,3,5,3,0.4,0.2,1.2,0.8,0.8,2.0,13.0,8.4,4.2,3.6,12.0,16.0,4,6,0.8,0.2,0.0,10,0.6,0.0,0.6,1.4,1532.2286205641617,1480.11583819918,52.11278236498151,1528.4696871623996,1483.3336801881817,45.13600697421816
E0,2021-01-19,West Ham,West Brom,H,10,5,8,5,0.4,0.1,0.8,0.8,1.2,1.4,11.8,8.4,3.8,2.8,10.2,19.0,3,3,0.375,0.125,0.5,8,0.6,0.4,0.8,0.4,1514.4652534804336,1469.355266892251,45.109986588182664,1517.2083406366542,1452.5596287232331,64.64871191342081
E0,2021-01-19,Leicester,Chelsea,H,10,6,7,6,0.4,0.4,1.4,1.2,1.0,1.2,13.4,15.4,3.6,3.6,9.6,10.8,3,3,0.0833333333333333,0.5,0.4166666666666667,12,1.0,0.6,0.8,0.6,1506.8597613586862,1503.3501686426314,3.50959271605484,1531.8375320561308,1532.0755888634123,-0.2380568072815094
E0,2021-01-20,Man City,Aston Villa,H,10,7,13,7,0.7,0.5,1.0,0.6,1.4,1.0,15.2,12.6,5.2,5.0,7.6,11.6,3,19,1.0,0.0,0.0,4,0.0,0.4,1.0,0.4,1585.4709400130646,1523.8420569289278,61.62888308413676,1574.9065235330618,1514.8996811881116,60.0068423449502
E0,2021-01-20,Fulham,Man United,A,5,11,3,11,0.1,0.8,0.8,1.2,1.8,1.0,11.0,11.8,3.4,5.8,15.0,13.8,4,3,0.0,1.0,0.0,2,0.2,0.6,1.2,0.4,1461.7332562590757,1591.798076853424,-130.06482059434848,1462.2882999204849,1558.086299498674,-95.79799957818908
E0,2021-01-21,Liverpool,Burnley,A,6,4,11,4,0.8,0.2,1.8,0.6,0.2,1.4,12.0,9.8,4.2,3.0,8.2,18.0,4,5,0.6666666666666666,0.0833333333333333,0.25,12,1.2,0.2,0.2,0.4,1620.2662706319118,1492.2876165667626,127.97865406514916,1581.555509160497,1491.8436834576014,89.71182570289557
E0,2021-01-23,Aston Villa,Newcastle,H,7,3,4,3,0.5,0.2,1.2,1.0,0.8,2.2,11.6,8.4,4.6,3.4,16.0,17.0,3,5,0.25,0.25,0.5,4,1.0,0.6,0.6,1.8,1505.9573054472955,1472.1450052997209,33.81230014757466,1512.0033711198546,1479.3482637384518,32.655107381402786
E0,2021-01-26,Crystal Palace,West Ham,A,5,10,5,10,0.3,0.4,1.2,1.8,0.8,0.8,10.6,11.8,3.2,3.8,12.6,10.2,9,7,0.2307692307692307,0.3076923076923077,0.4615384615384615,13,0.8,1.2,0.6,0.4,1482.3773314838063,1519.9514277928747,-37.57409630906841,1483.568536958173,1519.070127061459,-35.50159010328639
E0,2021-01-26,Newcastle,Leeds,A,0,6,5,6,0.3,0.4444444444444444,0.4,2.6,1.8,2.4,7.0,16.0,2.2,4.8,17.4,17.6,3,10,0.0,1.0,0.0,1,0.2,1.8,0.6,1.0,1486.551522177183,1497.4107815921457,-10.859259414962708,1475.0353416843304,1495.4893063617203,-20.453964677389877
E0,2021-01-26,Southampton,Arsenal,A,6,7,7,7,0.6,0.4,0.8,1.0,1.2,0.8,8.2,13.0,2.6,4.2,13.4,12.0,10,8,0.1538461538461538,0.5384615384615384,0.3076923076923077,13,0.4,0.6,0.6,0.0,1503.606300909801,1524.7107537606375,-21.10445285083665,1512.228891904645,1532.455103612129,-20.226211707484023
E0,2021-01-26,West Brom,Man City,A,5,10,3,10,0.2,0.6,1.4,1.6,1.0,0.6,8.2,15.2,2.8,5.2,18.4,7.6,7,6,0.0,0.8888888888888888,0.1111111111111111,9,1.0,0.4,0.0,0.4,1435.7639905542155,1564.342107053059,-128.57811649884343,1450.6978422984284,1577.802833601319,-127.10499130289054
E0,2021-01-27,Burnley,Aston Villa,H,7,7,10,7,0.3,0.5,0.4,0.4,1.2,1.0,9.2,11.6,3.6,4.6,19.6,16.0,6,4,0.2,0.2,0.6,5,0.4,0.0,1.0,0.6,1491.3997503484402,1518.0494367924136,-26.64968644397345,1498.873394971291,1516.3162931739762,-17.442898202685228
E0,2021-01-27,Chelsea,Wolves,D,3,4,8,4,0.5,0.3,0.6,1.6,1.2,2.2,14.4,11.0,4.0,4.0,10.8,11.6,8,11,0.4,0.4,0.2,5,0.6,0.6,0.2,1.4,1560.8010090841933,1494.1193492012649,66.68165988292844,1527.229142443209,1499.0676303433977,28.16151209981149
E0,2021-01-27,Man United,Sheffield United,A,11,1,13,1,0.4,0.0,1.6,1.0,0.2,1.6,11.8,8.6,5.6,2.6,12.4,13.6,7,10,0.6666666666666666,0.0,0.3333333333333333,3,0.8,0.4,0.2,0.6,1524.374522143924,1440.5196620112251,83.85486013269883,1559.1301278063038,1462.9333122758026,96.19681553050124
E0,2021-01-27,Everton,Leicester,D,13,10,6,10,0.4,0.7,1.8,0.8,1.4,1.2,9.0,13.4,5.0,3.6,11.6,9.6,15,8,0.5384615384615384,0.3076923076923077,0.1538461538461538,13,0.6,0.2,1.0,0.6,1518.0139695448192,1556.8153027535757,-38.80133320875643,1514.3497438078905,1536.6839784763342,-22.33423466844397
E0,2021-01-27,Brighton,Fulham,D,5,5,3,5,0.0,0.2,0.6,1.2,0.8,1.2,9.2,11.0,3.0,3.4,11.6,15.0,11,7,0.0,0.3333333333333333,0.6666666666666666,3,0.2,0.4,0.2,0.6,1443.036413454431,1462.8433435818945,-19.806930127463374,1469.986477599247,1461.2444716128552,8.742005986392087
E0,2021-01-28,Tottenham,Liverpool,A,6,6,10,6,0.5,0.3,1.2,1.0,1.8,0.6,9.4,12.0,3.4,4.2,14.4,8.2,11,7,0.1538461538461538,0.6153846153846154,0.2307692307692307,13,0.2,0.8,1.2,0.2,1561.1599277949124,1542.8447476890822,18.315180105830223,1554.3273536112536,1574.5257976468074,-20.198444035553848
E0,2021-01-30,Everton,Newcastle,A,13,0,7,0,0.4,0.2,1.8,0.8,0.4,2.6,9.0,7.0,5.0,2.2,11.6,17.4,3,4,0.5454545454545454,0.2727272727272727,0.1818181818181818,11,0.6,0.2,0.2,1.8,1518.4177726335242,1463.5191611914777,54.89861144204656,1514.5516453522428,1472.9109670508576,41.64067830138515
E0,2021-01-30,Crystal Palace,Wolves,H,5,2,5,2,0.3,0.3,1.2,1.8,0.8,2.0,10.6,9.6,3.2,3.0,12.6,11.8,4,3,0.2,0.6,0.2,5,0.8,1.2,0.2,1.4,1476.0723783060655,1495.595678058398,-19.523299752332377,1480.4160603693024,1499.805794771964,-19.38973440266159
E0,2021-01-30,Man City,Sheffield United,H,10,4,13,4,0.7,0.1,1.8,0.6,0.6,1.6,15.6,5.4,5.0,2.2,7.4,13.4,4,3,1.0,0.0,0.0,3,0.2,0.4,0.4,0.8,1591.2635601495788,1453.4067435030267,137.85681664655203,1580.1654763900551,1469.3768530217037,110.78862336835164
E0,2021-01-30,West Brom,Fulham,D,5,6,0,6,0.1,0.1,1.4,1.6,0.8,1.0,8.2,10.4,2.8,3.4,18.4,15.0,4,3,0.0,1.0,0.0,1,1.0,0.4,0.2,0.4,1431.038704976743,1462.3635637353098,-31.324858758566737,1448.335199509692,1461.0045816895629,-12.669382179870809
E0,2021-01-30,Arsenal,Man United,D,9,11,8,11,0.4,0.8,1.8,1.0,1.6,1.0,13.0,11.8,4.8,5.6,9.6,12.4,4,3,0.3076923076923077,0.3846153846153846,0.3076923076923077,13,0.8,0.0,0.8,0.4,1540.1994534636206,1593.8857334686834,-53.68628000506283,1536.9775420879498,1552.6865870604029,-15.709044972453055
E0,2021-01-30,Southampton,Aston Villa,A,6,4,7,4,0.5,0.5,0.8,1.0,1.4,1.6,8.2,12.6,2.6,6.2,13.4,14.8,4,3,0.8,0.0,0.2,5,0.4,0.6,1.0,1.2,1494.5614239581594,1509.869831066453,-15.308407108293522,1507.7064534288245,1512.2264903109958,-4.520036882171553
E0,2021-01-31,Chelsea,Burnley,H,3,7,8,7,0.4,0.2,0.6,1.6,0.4,0.4,14.4,9.2,4.0,3.6,10.8,19.6,4,4,0.6153846153846154,0.1538461538461538,0.2307692307692307,13,0.6,0.6,0.4,0.0,1559.32468022706,1506.3470395941415,52.977640632918565,1526.4909780146422,1502.963197834271,23.527780180370883
E0,2021-01-31,Leicester,Leeds,A,11,6,10,6,0.5,0.5,1.6,0.8,2.0,2.6,15.0,13.2,4.0,3.8,6.4,19.0,4,5,1.0,0.0,0.0,1,1.2,0.4,0.6,1.2,1516.552654199093,1501.659530859091,14.89312334000192,1536.4820769319815,1497.6136809951931,38.8683959367886
E0,2021-01-31,West Ham,Liverpool,A,10,8,8,8,0.5,0.3,1.2,1.2,2.2,0.6,12.2,13.6,4.6,5.2,9.6,6.6,5,3,0.0769230769230769,0.7692307692307693,0.1538461538461538,13,0.6,0.6,1.4,0.2,1518.1888263300434,1555.922625418071,-37.73379908802758,1522.2226036503291,1581.0647365113018,-58.84213286097247
E0,2021-01-31,Brighton,Tottenham,H,5,6,3,6,0.0,0.5,0.6,1.2,1.2,1.0,9.2,9.4,3.0,3.4,11.6,14.4,4,3,0.1111111111111111,0.6666666666666666,0.2222222222222222,9,0.2,0.4,0.2,0.8,1443.5161933010158,1547.4947794275947,-103.97858612657888,1470.2263675225397,1547.7884147467591,-77.56204722421944
E0,2021-02-02,Newcastle,Crystal Palace,A,3,5,5,5,0.3,0.3,0.4,1.6,1.2,1.8,7.6,10.6,2.0,3.2,14.6,12.6,3,3,0.3636363636363636,0.1818181818181818,0.4545454545454545,11,0.4,1.0,0.8,1.2,1482.3027729102375,1484.759742432539,-2.456969522301506,1482.7668086526555,1483.5735939494784,-0.806785296822909
E0,2021-02-02,Sheffield United,West Brom,H,4,5,3,5,0.1,0.1,0.6,1.2,1.4,1.6,5.6,8.2,2.4,2.8,12.2,18.4,3,3,0.0,1.0,0.0,1,0.4,0.4,1.0,0.4,1485.3469625403802,1465.6316940426411,19.71526849773909,1468.6983357519832,1448.7092784517529,19.98905730023057
E0,2021-02-02,Wolves,Arsenal,H,2,9,4,9,0.3,0.5,0.8,1.4,1.8,1.0,9.0,13.0,3.2,4.8,11.8,9.6,3,3,0.4,0.2,0.4,5,0.2,1.0,0.8,0.0,1504.01591148553,1533.755630712279,-29.739719226749003,1496.6482611917882,1537.5218923142986,-40.87363112251046
E0,2021-02-02,Man United,Southampton,H,9,6,10,6,0.4,0.4,1.0,0.6,0.8,1.0,11.8,8.2,4.6,2.6,13.4,13.4,3,3,0.4615384615384615,0.0769230769230769,0.4615384615384615,13,0.6,0.2,0.4,0.6,1511.4874406521224,1520.8514828994892,-9.364042247366797,1552.142236834054,1504.20526770399,47.93696913006397
E0,2021-02-03,Burnley,Man City,A,4,10,10,10,0.4,0.6,0.2,0.8,1.8,0.6,7.4,15.6,3.2,5.0,19.8,7.4,3,4,0.0769230769230769,0.6923076923076923,0.2307692307692307,13,0.2,0.2,0.2,0.4,1499.579356074401,1569.0673926305317,-69.48803655613051,1498.8948042862062,1580.8439936597754,-81.9491893735692
E0,2021-02-03,Aston Villa,West Ham,A,4,10,7,10,0.6,0.5,1.0,1.6,1.2,1.2,10.4,12.2,5.0,4.6,18.6,9.6,4,3,0.2,0.2,0.6,5,0.6,1.2,0.6,0.6,1514.5831495555387,1526.2563809706153,-11.673231415076543,1515.72767603583,1516.940680774342,-1.2130047385121543
E0,2021-02-03,Liverpool,Brighton,A,10,5,8,5,0.7,0.3,2.6,0.6,0.6,1.2,14.0,9.2,5.0,3.0,6.2,11.6,3,3,0.8888888888888888,0.0,0.1111111111111111,9,1.8,0.4,0.2,0.4,1606.2068476045329,1496.9365417440636,109.2703058604693,1586.346659387289,1475.7670915108229,110.57956787646616
E0,2021-02-03,Fulham,Leicester,A,4,11,3,11,0.1,0.7,0.8,1.2,1.6,0.8,10.8,15.0,3.8,4.0,12.8,6.4,4,3,0.3333333333333333,0.3333333333333333,0.3333333333333333,3,0.4,0.6,1.2,0.4,1459.645599643816,1556.4114996648707,-96.76590002105468,1460.6305027475023,1527.6836377799957,-67.05313503249317
E0,2021-02-03,Leeds,Everton,A,9,13,7,13,0.3333333333333333,0.7,2.4,2.2,1.8,0.8,13.2,9.0,4.6,5.0,18.0,11.6,3,4,1.0,0.0,0.0,1,1.0,0.8,0.6,0.2,1493.567831131295,1510.6855180709615,-17.117686939666555,1506.4121201471794,1504.695803750445,1.716316396734328
E0,2021-02-04,Tottenham,Chelsea,A,5,3,7,3,0.4,0.4,1.2,1.2,0.6,1.6,10.0,14.4,4.0,4.0,15.0,10.8,4,4,0.3846153846153846,0.5384615384615384,0.0769230769230769,13,0.2,0.8,0.6,0.6,1548.0820500659236,1493.6572758022246,54.42477426369896,1542.247690758476,1530.5593715627074,11.6883191957686
E0,2021-02-06,Aston Villa,Arsenal,H,4,9,7,9,0.5,0.4,1.0,1.6,2.0,1.0,10.4,12.6,5.0,5.0,18.6,10.6,3,4,0.4,0.6,0.0,5,0.6,1.2,0.8,0.2,1504.5939864747884,1522.6390471231807,-18.045060648392337,1510.733094495455,1531.9636005197494,-21.230506024294527
E0,2021-02-06,Burnley,Brighton,D,4,8,9,8,0.4,0.3,0.2,0.8,0.8,0.6,7.4,9.4,3.2,3.0,19.8,10.8,3,3,0.2222222222222222,0.1111111111111111,0.6666666666666666,9,0.2,0.2,0.4,0.4,1493.5382940432094,1512.6133893499775,-19.07509530676816,1495.8742732706105,1483.60551531378,12.26875795683054
E0,2021-02-06,Newcastle,Southampton,H,3,5,2,5,0.3,0.3,0.4,1.6,0.6,2.6,7.6,7.4,2.0,2.4,14.6,14.2,4,4,0.4545454545454545,0.2727272727272727,0.2727272727272727,11,0.4,1.0,0.2,1.4,1476.0195111573028,1500.1756308488652,-24.15611969156248,1479.625177776188,1493.867341678678,-14.242163902489892
E0,2021-02-06,Fulham,West Ham,D,4,10,2,10,0.1,0.6,0.8,1.2,1.4,1.2,10.8,12.4,3.8,5.0,12.8,8.8,3,3,0.0,1.0,0.0,3,0.4,0.6,1.0,0.8,1454.2971545461726,1536.2455440513656,-81.94838950519306,1457.9562801986806,1521.9352623147174,-63.97898211603683
E0,2021-02-06,Man United,Everton,D,9,13,12,13,0.5,0.7,1.0,0.6,1.6,0.6,11.8,9.2,4.6,4.8,13.4,12.0,4,3,0.5384615384615384,0.1538461538461538,0.3076923076923077,13,0.6,0.2,0.6,0.2,1532.1632927027465,1517.0153402954604,15.147952407285857,1562.480162859366,1507.8607148626943,54.6194479966714
E0,2021-02-07,Sheffield United,Chelsea,A,4,6,6,6,0.2,0.4,0.6,1.2,0.8,1.4,5.6,16.0,2.4,3.8,12.2,10.4,5,3,0.3333333333333333,0.3333333333333333,0.3333333333333333,3,0.4,0.4,0.6,0.6,1491.3146825192064,1502.9470828247297,-11.632400305523332,1471.6821957413963,1535.2042750739597,-63.52207933256341
E0,2021-02-07,Liverpool,Man City,A,10,13,5,13,0.6,0.6,2.6,0.6,2.2,0.2,14.0,14.6,5.0,5.2,6.2,7.0,4,4,0.3846153846153846,0.3846153846153846,0.2307692307692307,13,1.8,0.4,0.2,0.2,1590.529999998619,1575.108454661723,15.42154533689586,1578.5082355843322,1583.8645246753713,-5.356289091039116
E0,2021-02-07,Wolves,Leicester,D,2,11,7,11,0.4,0.7,0.8,1.4,1.6,0.6,9.0,14.2,3.2,4.2,11.8,7.2,5,4,0.2,0.4,0.4,5,0.2,1.0,1.0,0.4,1515.1324950746284,1561.759944762514,-46.6274496878857,1502.206552986337,1530.357860328817,-28.151307342479868
E0,2021-02-07,Tottenham,West Brom,H,5,5,4,5,0.4,0.1,1.2,1.2,1.4,1.6,10.0,7.2,4.0,3.0,15.0,18.8,3,5,0.3333333333333333,0.3333333333333333,0.3333333333333333,9,0.2,0.8,0.8,0.6,1538.7922430434185,1459.663974063815,79.12826897960349,1537.6027872472234,1445.7254184623396,91.87736878488386
E0,2021-02-08,Leeds,Crystal Palace,H,9,5,6,5,0.3,0.3,2.4,2.2,0.6,1.8,13.2,8.2,4.6,2.6,18.0,15.0,5,6,0.0,1.0,0.0,1,1.0,0.8,0.0,1.2,1487.238008906796,1491.0430041854738,-3.804995278677779,1503.2472090349302,1486.7152248259458,16.53198420898434
E0,2021-02-13,Leicester,Liverpool,H,9,10,7,10,0.4,0.3,1.2,0.6,2.6,0.6,13.4,14.0,4.0,5.0,8.2,6.2,6,6,0.0769230769230769,0.7692307692307693,0.1538461538461538,13,0.8,0.4,1.8,0.4,1498.95577589512,1566.4864711700454,-67.53069527492539,1528.9439074033874,1570.503824300747,-41.5599168973597
E0,2021-02-13,Crystal Palace,Burnley,A,4,4,7,4,0.3,0.2,0.4,2.0,0.2,0.8,8.2,7.4,2.8,3.2,16.6,19.8,5,7,0.4615384615384615,0.4615384615384615,0.0769230769230769,13,0.0,1.2,0.2,0.2,1482.3874454664178,1498.2102524980116,-15.822807031593811,1481.4842642772878,1497.8709931049702,-16.38672882768242
E0,2021-02-13,Man City,Tottenham,H,15,5,15,5,0.8,0.5,3.0,0.4,1.2,1.2,14.4,10.0,5.8,4.0,6.4,15.0,6,6,0.6153846153846154,0.2307692307692307,0.1538461538461538,13,1.0,0.4,0.2,0.8,1592.6205946890193,1536.4133314510284,56.2072632379909,1591.8689359589564,1540.9166474863669,50.952288472589544
E0,2021-02-13,Brighton,Aston Villa,D,8,4,6,4,0.1,0.5,1.0,0.8,1.0,1.6,9.6,10.4,2.6,5.0,13.0,18.6,7,7,0.3333333333333333,0.3333333333333333,0.3333333333333333,3,0.4,0.6,0.6,1.2,1454.5976412775822,1516.8722025161214,-62.27456123853926,1481.6087954794202,1516.349872942641,-34.74107746322079
E0,2021-02-14,Southampton,Wolves,A,2,2,4,2,0.5,0.2,0.6,3.0,0.8,1.4,8.2,9.0,2.8,3.2,13.0,11.8,8,7,0.2,0.4,0.4,5,0.2,1.4,0.2,1.0,1487.5590525084908,1489.280610898046,-1.7215583895551845,1489.9799098630824,1503.620505911767,-13.640596048684529
E0,2021-02-14,Arsenal,Leeds,H,9,9,9,9,0.3,0.6,1.8,0.8,2.4,2.2,12.8,13.2,5.2,4.6,11.2,18.0,8,6,0.0,0.0,1.0,1,0.8,0.2,1.0,0.8,1541.2881539163182,1519.256409163064,22.031744753254088,1526.346822072563,1508.4781695835882,17.868652488975158
E0,2021-02-14,Everton,Fulham,A,13,4,7,4,0.4,0.1,2.0,1.0,0.8,1.2,7.8,10.8,4.2,3.8,13.2,12.8,8,8,0.6666666666666666,0.3333333333333333,0.0,3,1.2,0.4,0.4,0.6,1498.7060894299286,1461.6154058511886,37.09068357874003,1508.0587622334906,1460.5300006137509,47.528761619739726
E0,2021-02-14,West Brom,Man United,D,4,9,1,9,0.1,0.7,1.2,1.8,1.0,0.6,7.0,11.8,3.0,4.6,16.2,13.4,7,8,0.3333333333333333,0.4444444444444444,0.2222222222222222,9,0.8,1.0,0.6,0.2,1431.7868628608642,1592.7970330159858,-161.0101701551216,1442.4115582231962,1562.2821154885698,-119.87055726537368
E0,2021-02-15,West Ham,Sheffield United,H,11,4,8,4,0.5,0.1,1.4,0.6,0.6,1.2,12.8,5.6,5.2,2.4,10.6,12.2,9,8,0.3333333333333333,0.3333333333333333,0.3333333333333333,3,1.0,0.4,0.4,0.4,1507.624980578069,1452.0497089635862,55.575271614482745,1519.361541899647,1469.041745110119,50.3197967895278
E0,2021-02-15,Chelsea,Newcastle,H,9,3,8,3,0.5,0.2,1.0,1.2,0.4,1.6,15.2,7.6,3.8,2.0,9.6,14.6,8,9,0.6363636363636364,0.3636363636363636,0.0,11,0.6,0.4,0.4,1.0,1567.46146732319,1483.2308443950733,84.23062292811665,1537.8447257052371,1483.5126095917835,54.332116113453594
E0,2021-02-17,Burnley,Fulham,D,6,7,7,7,0.4,0.2,0.8,0.8,1.2,0.8,9.4,12.0,3.2,4.2,17.0,11.0,4,3,0.5,0.5,0.0,2,0.4,0.2,0.8,0.6,1497.5317337119286,1477.9167666255876,19.61496708634104,1505.3656908462974,1468.6806810009505,36.68500984534694
E0,2021-02-17,Everton,Man City,A,13,15,4,15,0.3,0.6,2.0,1.0,3.0,0.4,7.8,14.4,4.2,5.8,13.2,6.4,3,4,0.0833333333333333,0.5833333333333334,0.3333333333333333,12,1.2,0.4,1.0,0.4,1482.4047286555297,1591.1172772288935,-108.71254857336385,1499.9080818462912,1593.8959149315683,-93.98783308527707
E0,2021-02-19,Wolves,Leeds,H,5,9,5,9,0.3,0.5,1.0,1.2,2.4,1.8,8.0,11.6,3.4,5.0,11.2,15.4,5,5,1.0,0.0,0.0,1,0.4,0.8,1.2,0.6,1517.960400925488,1512.204169576487,5.756231349000927,1507.6300876793462,1504.9520497902995,2.6780378890466636
E0,2021-02-20,Fulham,Sheffield United,H,7,3,2,3,0.1,0.1,1.2,0.8,0.4,1.6,11.4,6.2,4.0,2.8,10.2,10.6,3,5,0.0,0.0,1.0,1,1.0,0.6,0.2,0.6,1459.4445953763134,1446.687735121387,12.756860254926323,1468.599362589288,1466.3607581890196,2.2386044002682866
E0,2021-02-20,Liverpool,Everton,A,7,13,2,13,0.5,0.6,1.4,1.2,2.0,1.0,14.2,7.8,4.2,4.2,7.4,13.2,7,3,0.3076923076923077,0.0,0.6923076923076923,13,1.2,1.0,1.2,0.4,1574.5211774314485,1517.4114350370528,57.10974239439565,1562.416100966648,1497.639787608116,64.77631335853198
E0,2021-02-20,Burnley,West Brom,D,6,4,5,4,0.4,0.1,0.8,0.8,1.2,1.8,9.4,7.0,3.2,3.0,17.0,16.2,3,6,0.2222222222222222,0.4444444444444444,0.3333333333333333,9,0.4,0.2,0.8,1.0,1497.6943705352537,1453.036253585528,44.65811694972581,1505.44700925796,1445.300872337947,60.14613692001285
E0,2021-02-20,Southampton,Chelsea,D,2,9,4,9,0.4,0.5,0.6,3.0,1.0,1.2,8.2,15.2,2.8,3.8,13.0,9.6,6,5,0.0769230769230769,0.6153846153846154,0.3076923076923077,13,0.2,1.4,0.6,0.4,1479.5398889733326,1508.227984087284,-28.688095113951476,1485.9703280955034,1538.9336522958642,-52.96332420036083
E0,2021-02-21,West Ham,Tottenham,H,11,4,10,4,0.5,0.4,1.4,0.6,1.0,1.6,12.8,8.6,5.2,3.4,10.6,14.8,6,8,0.1538461538461538,0.5384615384615384,0.3076923076923077,13,1.0,0.4,0.2,1.0,1512.986954420268,1532.3593735058046,-19.37241908553642,1522.0425288207466,1538.8896685137552,-16.847139693008558
E0,2021-02-21,Aston Villa,Leicester,A,4,9,10,9,0.5,0.6,0.8,1.4,1.2,0.6,9.2,13.4,4.8,4.0,20.6,8.2,8,8,0.4,0.6,0.0,5,0.4,1.2,0.8,0.4,1515.8275433691606,1558.932038911655,-43.10449554249408,1515.1036133211028,1537.0316307374865,-21.92801741638368
E0,2021-02-21,Arsenal,Man City,A,9,15,11,15,0.3,0.7,1.8,0.8,3.4,0.6,12.8,15.4,5.2,6.2,11.2,5.2,7,4,0.0769230769230769,0.7692307692307693,0.1538461538461538,13,0.8,0.2,1.4,0.4,1548.3403935028953,1595.6538657052442,-47.313472202348976,1529.8729418658518,1596.1642091697436,-66.2912673038918
E0,2021-02-21,Man United,Newcastle,H,9,3,10,3,0.5,0.2,0.8,0.4,0.4,1.6,12.0,8.2,5.2,2.4,12.8,16.0,7,6,0.7272727272727273,0.2727272727272727,0.0,11,0.4,0.0,0.4,0.8,1531.767197961154,1481.052991213819,50.714206747334856,1559.3928013738189,1482.4236830011564,76.96911837266248
E0,2021-02-22,Brighton,Crystal Palace,A,8,4,6,4,0.1,0.3,1.0,0.8,0.4,2.0,9.6,8.2,2.6,2.8,13.0,16.6,9,9,0.2222222222222222,0.3333333333333333,0.4444444444444444,9,0.4,0.6,0.0,1.2,1457.0901605206589,1480.5810830881576,-23.49092256749873,1482.8550551009585,1473.9895665359604,8.865488564998032
E0,2021-02-23,Leeds,Southampton,H,6,2,9,2,0.3,0.3,1.4,2.0,0.6,3.0,12.4,8.2,5.2,2.8,17.6,13.0,4,3,0.5,0.5,0.0,0,1.0,0.8,0.2,1.4,1497.6999300041125,1492.4007672176742,5.299162786438046,1501.6616700545,1487.0061945274886,14.655475527011504
E0,2021-02-27,Man City,West Ham,H,15,11,15,11,0.8,0.5,3.0,0.4,1.4,0.6,14.8,12.8,5.6,5.2,4.8,10.6,6,6,0.8461538461538461,0.0769230769230769,0.0769230769230769,13,1.4,0.2,1.0,0.4,1596.6745526342431,1531.0981032212248,65.57644941301828,1598.7395311923674,1524.6021171748675,74.13741401749985
E0,2021-02-27,West Brom,Brighton,H,4,8,2,8,0.1,0.3,1.0,1.6,1.0,0.8,8.0,9.6,3.0,2.6,14.0,13.0,7,5,0.4,0.4,0.2,5,0.6,1.0,0.4,0.6,1437.565491090366,1508.6199496812585,-71.05445859089218,1447.4847013293283,1479.0107732082663,-31.526071878937955
E0,2021-02-27,Leeds,Aston Villa,A,6,4,9,4,0.4,0.4,1.4,2.0,0.8,1.4,12.4,9.2,5.2,4.8,17.6,20.6,4,6,1.0,0.0,0.0,1,1.0,0.8,0.4,1.2,1508.9263979554694,1514.3796832730447,-5.453285317575364,1507.2749040301787,1512.9170466927353,-5.64214266255658
E0,2021-02-27,Newcastle,Wolves,D,3,5,4,5,0.3,0.3,0.6,2.0,1.0,1.2,8.8,8.0,3.0,3.4,15.6,11.2,6,8,0.0,0.2,0.8,5,0.4,1.0,0.4,0.8,1483.7943747884938,1497.2997744332042,-13.505399644710453,1480.1463339801626,1510.9204674151456,-30.774133434983018
E0,2021-02-28,Sheffield United,Liverpool,A,3,7,6,7,0.2,0.3,0.4,1.6,1.4,1.2,5.6,14.2,2.6,4.2,12.6,7.4,8,8,0.0,1.0,0.0,3,0.2,0.8,1.2,1.0,1486.033781256652,1550.3110245018474,-64.27724324519545,1463.3335767171566,1553.603850913763,-90.27027419660637
E0,2021-02-28,Chelsea,Man United,D,10,9,8,9,0.5,0.6,1.0,0.8,0.8,0.4,13.2,12.0,3.8,5.2,7.4,12.8,8,7,0.3076923076923077,0.3846153846153846,0.3076923076923077,13,0.6,0.2,0.4,0.0,1569.6393205044442,1587.018404786484,-17.379084282039685,1537.897785863879,1561.6701503948127,-23.7723645309336
E0,2021-02-28,Crystal Palace,Fulham,D,7,7,7,7,0.3,0.2,0.8,1.6,1.2,0.8,6.2,11.4,2.0,4.0,17.4,10.2,6,8,1.0,0.0,0.0,3,0.2,1.0,1.0,0.6,1467.3980499837633,1477.7541298022625,-10.35607981849921,1477.8338484286528,1471.626544061151,6.20730436750182
E0,2021-02-28,Leicester,Arsenal,A,11,9,10,9,0.5,0.4,1.4,0.6,1.8,0.8,13.2,12.8,4.8,5.2,9.6,11.2,7,7,0.3846153846153846,0.3846153846153846,0.2307692307692307,13,0.6,0.4,0.8,0.2,1515.131222563318,1511.4054902288085,3.72573233450953,1539.2181973658537,1527.2976198432282,11.920577522625308
E0,2021-02-28,Tottenham,Burnley,H,4,6,7,6,0.5,0.3,1.0,1.6,0.8,0.8,11.0,9.4,3.8,3.2,12.2,17.0,7,8,0.6153846153846154,0.0769230769230769,0.3076923076923077,13,0.4,1.0,0.4,0.2,1545.4199635217055,1513.1996479806662,32.22031554103933,1536.3300801596338,1503.2631802665787,33.06689989305505
E0,2021-03-01,Everton,Southampton,H,13,1,1,1,0.2,0.2,2.0,1.0,0.4,3.4,7.4,8.2,4.2,3.2,13.4,13.4,9,6,0.3076923076923077,0.4615384615384615,0.2307692307692307,13,1.2,0.4,0.2,1.8,1477.868140179179,1481.1742992663171,-3.3061590871382123,1506.4520376610008,1481.39296055181,25.05907710919064
E0,2021-03-02,Man City,Wolves,H,15,6,15,6,0.9,0.2,3.0,0.4,1.2,1.2,14.8,9.0,5.6,3.2,4.8,12.8,3,3,0.4,0.4,0.2,5,1.4,0.2,0.6,0.8,1599.1098188935923,1495.7737771751142,103.33604171847831,1599.957164322042,1510.1574687861007,89.79969553594128
E0,2021-03-03,Crystal Palace,Man United,D,7,7,7,7,0.3,0.5,0.8,1.6,0.6,0.4,6.2,11.6,2.0,4.6,17.4,14.2,3,3,0.1538461538461538,0.7692307692307693,0.0769230769230769,13,0.2,1.0,0.2,0.0,1466.9210727932907,1587.8045172680672,-120.88344447477652,1477.5953598334163,1562.0632066356045,-84.46784680218798
E0,2021-03-03,Sheffield United,Aston Villa,H,3,7,6,7,0.2,0.4,0.4,1.6,0.8,1.0,5.6,10.0,2.6,4.6,12.6,19.4,3,4,0.3333333333333333,0.3333333333333333,0.3333333333333333,3,0.2,0.8,0.2,1.0,1479.636124735555,1524.0938711205513,-44.4577463849962,1460.134748456608,1517.7741406164887,-57.63939215988057
E0,2021-03-03,Burnley,Leicester,D,6,11,6,11,0.4,0.6,0.8,1.4,1.4,0.6,8.6,13.2,2.6,4.8,18.0,9.6,3,3,0.3076923076923077,0.5384615384615384,0.1538461538461538,13,0.4,0.4,0.6,0.4,1493.326712552491,1563.3051721683892,-69.97845961589815,1497.9933485150636,1532.2157612042265,-34.222412689162866
E0,2021-03-04,Fulham,Tottenham,A,7,4,4,4,0.2,0.3,1.0,0.6,1.0,1.6,11.6,11.0,4.0,3.8,7.8,12.2,4,4,0.0,0.6666666666666666,0.3333333333333333,3,0.8,0.6,0.4,1.0,1465.4989583200395,1527.2401967975622,-61.74123847752276,1471.8650326563873,1541.5999119111489,-69.73487925476161
E0,2021-03-04,West Brom,Everton,A,4,13,5,13,0.2,0.6,1.0,1.6,2.0,1.0,8.0,7.4,3.0,4.2,14.0,13.4,5,3,0.0,0.4444444444444444,0.5555555555555556,9,0.6,1.0,1.2,0.4,1447.0571904777646,1535.0359351428228,-87.97874466505823,1452.2305510230276,1509.0930780676008,-56.8625270445732
E0,2021-03-04,Liverpool,Chelsea,A,9,10,1,10,0.4,0.5,1.8,1.2,1.0,0.8,15.2,13.2,5.0,3.8,7.4,7.4,4,4,0.3846153846153846,0.2307692307692307,0.3846153846153846,13,1.6,1.0,0.6,0.2,1556.8966773256784,1506.1562512233138,50.74042610236461,1556.8026791743114,1537.504729623087,19.297949551224065
E0,2021-03-06,Brighton,Leicester,A,7,9,6,9,0.1,0.5,0.6,0.6,1.2,0.6,10.0,14.4,3.0,5.0,12.0,10.4,7,3,0.0,0.7777777777777778,0.2222222222222222,9,0.2,0.2,0.2,0.2,1449.4015967352743,1557.71348029334,-108.3118835580658,1474.264923514567,1529.419915266702,-55.15499175213495
E0,2021-03-06,Burnley,Arsenal,D,6,9,4,9,0.3,0.5,0.8,1.4,2.2,1.0,8.6,13.0,2.6,5.4,18.0,10.2,3,6,0.0769230769230769,0.8461538461538461,0.0769230769230769,13,0.4,0.4,0.8,0.2,1498.91840442754,1525.410362552063,-26.491958124522625,1500.7891944525882,1534.3000560048554,-33.510861552267215
E0,2021-03-06,Sheffield United,Southampton,A,3,0,6,0,0.3,0.2,0.4,1.6,0.4,3.6,5.6,9.4,2.6,3.0,12.6,12.8,3,5,0.0,1.0,0.0,3,0.2,0.8,0.2,1.8,1487.6210555573005,1475.892218453117,11.728837104183413,1464.1272138674808,1478.75192014521,-14.624706277729274
E0,2021-03-06,Aston Villa,Wolves,D,7,5,9,5,0.4,0.2,0.8,0.8,0.8,1.4,11.0,8.0,4.6,2.6,15.6,14.6,3,4,0.3333333333333333,0.6666666666666666,0.0,3,0.2,0.6,0.8,1.0,1511.454410112426,1491.592598377594,19.861811734832145,1513.781675205616,1508.0668793873406,5.714795818275434
E0,2021-03-07,West Brom,Newcastle,D,4,3,5,3,0.2,0.2,1.0,1.6,0.6,2.0,8.0,8.8,3.0,3.0,14.0,15.6,3,8,0.2857142857142857,0.2857142857142857,0.4285714285714285,7,0.6,1.0,0.4,1.0,1443.6240549924437,1476.4982931718314,-32.8742381793877,1450.513983280367,1480.9093326092077,-30.39534932884044
E0,2021-03-07,Liverpool,Fulham,A,9,7,0,7,0.3,0.2,1.8,1.2,1.0,0.6,15.2,11.6,5.0,4.0,7.4,7.8,3,3,0.6666666666666666,0.0,0.3333333333333333,3,1.6,1.0,0.8,0.6,1544.681386062976,1478.231106992735,66.45027907024087,1550.69503354296,1468.6399281644372,82.05510537852297
E0,2021-03-07,Man City,Man United,A,15,7,15,7,0.9,0.4,3.0,0.4,0.6,0.4,14.8,12.2,5.6,4.0,4.8,12.4,5,4,0.4615384615384615,0.3846153846153846,0.1538461538461538,13,1.4,0.2,0.2,0.0,1603.2909976911128,1581.549875956266,21.74112173484673,1602.047753720802,1558.935885979704,43.111867741098195
E0,2021-03-07,Tottenham,Crystal Palace,H,6,7,7,7,0.6,0.3,1.0,1.4,0.8,1.6,11.6,6.2,3.6,2.0,12.2,17.4,3,4,0.6923076923076923,0.0769230769230769,0.2307692307692307,13,0.4,0.8,0.2,1.0,1555.9596270247353,1488.269646873542,67.68998015119314,1544.825016403099,1480.722680489317,64.10233591378187
E0,2021-03-08,West Ham,Leeds,H,10,6,12,6,0.6,0.4,1.6,1.0,1.4,2.0,13.0,12.4,5.2,5.2,11.0,17.6,9,9,1.0,0.0,0.0,1,1.0,0.6,1.0,0.8,1518.1061311285105,1505.623410104888,12.482721023622616,1523.384484045193,1502.4178101064251,20.9666739387676
E0,2021-03-08,Chelsea,Everton,H,10,13,8,13,0.5,0.7,1.0,0.8,2.0,1.0,11.2,8.2,3.6,4.2,6.8,13.6,4,4,0.5384615384615384,0.2307692307692307,0.2307692307692307,13,0.4,0.2,1.2,0.4,1568.8532080228608,1538.4690706281438,30.384137394717072,1543.6123752544386,1510.8096458102614,32.8027294441772
E0,2021-03-10,Man City,Southampton,H,15,3,12,3,0.8,0.2,3.0,0.4,0.8,3.2,14.8,10.8,5.6,3.4,4.8,11.2,3,4,0.8461538461538461,0.0769230769230769,0.0769230769230769,13,1.4,0.2,0.4,1.6,1585.4659908952642,1490.3853835638492,95.08060733141495,1593.135250322878,1485.998502700576,107.13674762230198
E0,2021-03-12,Newcastle,Aston Villa,D,4,7,4,7,0.3,0.4,0.6,1.4,0.8,0.8,9.8,11.0,3.8,4.6,14.2,15.6,5,6,0.2,0.4,0.4,5,0.4,0.4,0.2,0.6,1485.3203720465838,1516.108940298806,-30.78856825222215,1481.049578160092,1512.2658023270033,-31.21622416691116
E0,2021-03-13,Crystal Palace,West Brom,H,6,4,5,4,0.2,0.1,1.0,2.4,1.0,1.6,4.8,8.0,1.8,3.0,17.6,14.0,6,6,0.4444444444444444,0.2222222222222222,0.3333333333333333,9,0.2,1.6,0.6,1.0,1473.175714105092,1457.4039115682906,15.77180253680126,1477.040379007669,1450.3737377294826,26.666641278186265
E0,2021-03-13,Leeds,Chelsea,D,6,10,6,10,0.4,0.5,1.4,1.8,1.0,0.8,12.2,11.2,4.6,3.6,16.8,6.8,5,5,0.0,1.0,0.0,1,1.0,0.6,0.4,0.2,1499.2122101079628,1518.3715424860163,-19.159332378053477,1498.2853830461722,1548.3101442529974,-50.02476120682513
E0,2021-03-13,Fulham,Man City,A,9,15,4,15,0.1,0.8,1.2,0.6,3.0,0.4,11.6,14.8,4.0,5.6,7.8,4.8,6,3,0.0,1.0,0.0,3,0.8,0.6,1.4,0.2,1459.048749336139,1600.8045097504917,-141.7557604143526,1474.5238626707085,1594.167023064962,-119.64316039425351
E0,2021-03-13,Everton,Burnley,A,10,6,4,6,0.3,0.3,1.6,1.2,0.8,1.4,8.6,8.6,3.8,2.6,15.0,18.0,5,7,0.4615384615384615,0.4615384615384615,0.0769230769230769,13,1.0,0.6,0.4,0.4,1483.150220992379,1502.6599844776365,-19.50976348525751,1506.1118768117026,1502.6184796143834,3.4933971973191547
E0,2021-03-14,Arsenal,Tottenham,H,7,6,8,6,0.3,0.3,1.6,1.2,1.0,1.4,11.8,11.6,3.6,3.6,10.6,12.2,8,7,0.2307692307692307,0.4615384615384615,0.3076923076923077,13,0.4,0.2,0.4,0.8,1543.1897494576478,1533.6904057814627,9.499343676185164,1532.47077084306,1548.507317884747,-16.036547041686845
E0,2021-03-14,Leicester,Sheffield United,H,11,3,9,3,0.5,0.1,1.4,0.6,0.4,1.6,12.2,5.6,4.6,2.6,10.2,12.6,8,8,1.0,0.0,0.0,3,0.4,0.2,0.2,0.8,1501.126350240064,1440.633372177661,60.492978062402926,1531.158607648508,1456.8806313121145,74.27797633639352
E0,2021-03-14,Man United,West Ham,H,7,10,10,10,0.6,0.5,0.6,0.2,1.6,1.0,10.8,13.0,4.2,5.2,14.6,11.0,7,6,0.4615384615384615,0.1538461538461538,0.3846153846153846,13,0.2,0.0,1.0,0.6,1536.3218960031415,1528.6628369618754,7.659059041266119,1567.848389377628,1527.516911105446,40.33147827218204
E0,2021-03-14,Southampton,Brighton,A,3,7,4,7,0.3,0.3,1.2,2.4,0.6,0.6,12.4,10.0,4.4,3.0,9.8,12.0,4,8,0.3333333333333333,0.0,0.6666666666666666,9,0.6,1.0,0.2,0.2,1481.611621837303,1499.1282502938598,-17.516628456556873,1484.966729958492,1472.526231132761,12.440498825731083
E0,2021-03-15,Wolves,Liverpool,A,5,9,7,9,0.4,0.4,0.8,1.4,1.8,1.2,9.2,15.2,3.0,5.0,13.6,7.4,9,8,0.0,1.0,0.0,5,0.8,1.0,1.6,1.0,1524.541160397087,1556.7086810229443,-32.16752062585738,1509.582752265953,1544.8110990366886,-35.22834677073547
E0,2021-03-19,Fulham,Leeds,A,9,6,4,6,0.1,0.4,1.2,0.6,1.4,1.8,11.6,12.2,4.0,4.6,7.8,16.8,6,6,0.0,1.0,0.0,1,0.8,0.6,1.0,0.6,1452.5364779719864,1497.3585559843816,-44.822078012395195,1471.267726988632,1498.9953840648957,-27.727657076263313
E0,2021-03-20,Brighton,Newcastle,H,10,4,5,4,0.1,0.2,1.0,0.6,0.6,1.4,10.6,9.8,4.0,3.8,10.6,14.2,6,8,0.4444444444444444,0.0,0.5555555555555556,9,0.4,0.2,0.4,0.4,1445.9242119716623,1476.7787842736004,-30.854572301938106,1476.6346233451147,1481.1306311818262,-4.496007836711442
E0,2021-03-21,Aston Villa,Tottenham,A,8,3,7,3,0.3,0.2,0.6,0.4,0.6,1.6,10.4,10.0,3.8,3.2,16.0,11.8,9,7,0.25,0.75,0.0,4,0.2,0.2,0.2,0.8,1508.4226643552008,1527.811618739812,-19.388954384611225,1512.1847493052692,1545.5679243639215,-33.38317505865234
E0,2021-03-21,West Ham,Arsenal,D,7,7,12,7,0.6,0.4,1.4,1.2,1.6,1.2,12.2,11.8,4.2,3.6,12.0,10.6,7,7,0.0769230769230769,0.7692307692307693,0.1538461538461538,13,0.8,0.8,0.4,0.2,1526.3709852490167,1521.7517922284724,4.619193020544344,1522.3116026298903,1535.4101643638855,-13.098561733995211
E0,2021-04-03,Chelsea,West Brom,A,11,1,11,1,0.5,0.1,1.0,0.4,0.4,1.4,12.4,8.0,4.2,2.2,6.6,10.6,21,21,0.7777777777777778,0.1111111111111111,0.1111111111111111,9,0.4,0.2,0.2,1.0,1578.2487460199782,1448.7690386269423,129.47970739303582,1547.600143234274,1446.0563012588086,101.54384197546528
E0,2021-04-03,Leeds,Sheffield United,H,6,3,7,3,0.4,0.1,1.4,1.8,0.4,2.2,13.0,4.4,5.0,2.2,15.0,14.6,15,20,1.0,0.0,0.0,1,1.0,0.4,0.2,1.6,1500.6322121454095,1431.535333778004,69.09687836740545,1502.8896931145564,1452.3316121122862,50.55808100227023
E0,2021-04-03,Leicester,Man City,A,11,15,9,15,0.5,0.8,1.4,0.6,2.6,0.4,12.2,12.8,4.6,5.6,10.2,4.6,20,21,0.2307692307692307,0.7692307692307693,0.0,13,0.4,0.2,1.8,0.2,1510.2243886397207,1607.3167811146443,-97.0923924749236,1535.7076268483363,1597.423158747038,-61.71553189870155
E0,2021-04-03,Arsenal,Liverpool,A,5,12,10,12,0.4,0.5,1.6,1.6,2.0,1.0,13.2,14.2,4.0,5.6,11.0,8.0,13,19,0.1538461538461538,0.5384615384615384,0.3076923076923077,13,0.6,0.2,1.6,1.0,1549.0685364992985,1560.592121665608,-11.523585166309658,1535.9795735163611,1546.7528193580206,-10.773245841659444
E0,2021-04-04,Man United,Brighton,H,7,10,10,10,0.7,0.4,0.6,0.2,1.0,0.6,10.8,10.6,4.2,4.0,14.6,10.6,21,15,0.6666666666666666,0.3333333333333333,0.0,9,0.2,0.0,0.4,0.2,1546.732512954253,1507.3450347185671,39.38747823568587,1573.0536978531838,1483.8298118871364,89.22388596604742
E0,2021-04-04,Southampton,Burnley,H,3,9,1,9,0.2,0.4,1.2,2.4,1.2,1.4,12.4,9.4,4.4,3.2,9.8,17.8,21,22,0.2307692307692307,0.4615384615384615,0.3076923076923077,13,0.6,1.0,0.4,0.4,1473.3948374125955,1511.4577364225838,-38.062899009988314,1480.8583377461384,1507.017355586857,-26.15901784071866
E0,2021-04-04,Newcastle,Tottenham,D,4,6,5,6,0.2,0.3,0.6,1.6,1.0,1.4,9.0,10.2,3.8,3.0,13.6,10.2,15,14,0.1818181818181818,0.7272727272727273,0.0909090909090909,11,0.4,0.8,0.4,0.8,1485.482478090052,1540.8293893722312,-55.346911282179235,1473.9354426398045,1552.0768096801312,-78.14136704032671
E0,2021-04-04,Aston Villa,Fulham,H,8,9,4,9,0.3,0.3,0.6,0.4,1.2,0.6,10.4,11.6,3.8,4.0,16.0,7.8,14,16,1.0,0.0,0.0,1,0.2,0.2,0.8,0.6,1495.4048937227817,1489.998976005278,5.405917717503826,1505.6758639890595,1467.3734179389714,38.30244605008829
E0,2021-04-05,Everton,Crystal Palace,D,10,6,3,6,0.3,0.3,1.6,1.2,1.0,2.4,8.6,4.8,3.8,1.8,15.0,17.6,23,23,0.5384615384615384,0.0769230769230769,0.3846153846153846,13,1.0,0.6,0.2,1.6,1474.3524690474317,1480.905043910246,-6.552574862814481,1501.7130008392292,1481.3578154783431,20.355185360886026
E0,2021-04-05,Wolves,West Ham,A,5,7,7,7,0.3,0.5,0.8,1.4,1.4,1.2,9.2,12.2,3.0,4.2,13.6,12.0,21,15,0.8,0.2,0.0,5,0.8,1.0,0.8,0.8,1520.6577197544232,1518.252220010764,2.4054997436592203,1507.641031944621,1521.7421934774147,-14.101161532793412
E0,2021-04-09,Fulham,Wolves,A,8,5,4,5,0.1,0.1,1.0,0.8,0.8,1.4,12.2,9.2,4.0,3.0,9.6,13.6,5,4,0.0,0.6666666666666666,0.3333333333333333,3,0.8,0.8,0.8,1.0,1444.747859872665,1494.6243441348192,-49.87648426215424,1461.5796782947937,1503.9456691042433,-42.36599080944961
E0,2021-04-10,Crystal Palace,Chelsea,A,7,11,8,11,0.3,0.4,1.2,1.8,1.0,0.4,7.0,12.4,3.0,4.2,18.0,6.6,5,7,0.2307692307692307,0.7692307692307693,0.0,13,0.4,1.2,0.4,0.2,1481.81058704644,1516.9515404485696,-35.140953402129526,1482.365500265063,1534.8383752818422,-52.4728750167792
E0,2021-04-10,Man City,Leeds,A,15,6,12,6,0.9,0.4,2.6,0.4,1.4,1.8,11.6,13.0,5.2,5.0,5.2,15.0,7,7,0.0,0.0,1.0,1,2.2,0.2,1.0,0.4,1587.529536379432,1505.147174083703,82.38236229572908,1600.1113488786846,1505.0514820749331,95.05986680375122
E0,2021-04-10,Liverpool,Aston Villa,H,12,8,0,8,0.2,0.3,2.0,0.8,0.6,0.4,14.6,10.4,5.6,3.8,8.0,16.0,7,6,0.6,0.4,0.0,5,1.8,0.8,0.2,0.2,1532.913517050433,1515.9468342553378,16.966682795095267,1553.259528345589,1511.4696036332375,41.78992471235142
E0,2021-04-11,Burnley,Newcastle,A,6,4,5,4,0.3,0.1,1.4,2.0,0.6,1.6,9.6,9.0,3.4,3.8,17.2,13.6,7,7,0.2727272727272727,0.2727272727272727,0.4545454545454545,11,0.2,0.6,0.4,0.8,1502.5769747511304,1462.388407189557,40.188567561573336,1503.035400519629,1475.4045995298673,27.63080098976184
E0,2021-04-11,Sheffield United,Arsenal,A,0,5,6,5,0.3,0.4,0.2,2.4,1.6,1.6,5.2,13.2,1.8,4.0,16.0,11.0,8,8,0.3333333333333333,0.3333333333333333,0.3333333333333333,3,0.0,1.6,0.6,0.2,1473.1278904465682,1522.8906105334238,-49.76272008685555,1450.169823151909,1529.4728645287928,-79.30304137688381
E0,2021-04-11,West Ham,Leicester,H,7,11,10,11,0.5,0.6,1.4,1.2,1.4,0.6,10.6,12.2,4.0,4.6,14.8,10.2,6,8,0.3076923076923077,0.3846153846153846,0.3076923076923077,13,0.6,0.8,0.4,0.2,1525.2321669440653,1561.190865056952,-35.95869811288685,1525.4375563177928,1533.01943671669,-7.581880398897283
E0,2021-04-11,Tottenham,Man United,A,7,7,9,7,0.6,0.4,1.4,1.2,0.6,0.2,11.0,10.8,3.4,4.2,11.6,14.6,7,7,0.3846153846153846,0.4615384615384615,0.1538461538461538,13,0.4,0.6,0.2,0.0,1563.3242299880312,1599.374882752115,-36.05065276408345,1550.6076527900684,1576.6515417619337,-26.043888971865044
E0,2021-04-12,Brighton,Everton,D,7,10,7,10,0.2,0.7,1.0,1.0,1.6,1.2,10.2,8.6,4.2,3.8,12.2,15.0,8,7,0.2222222222222222,0.5555555555555556,0.2222222222222222,9,0.4,0.6,1.0,0.6,1460.3145890557057,1529.0735326310264,-68.7589435753207,1480.2319679783868,1500.705316052509,-20.473348074122217
E0,2021-04-12,West Brom,Southampton,H,4,3,6,3,0.1,0.2,1.2,1.4,1.2,2.4,9.6,12.4,3.2,4.4,11.4,9.8,9,8,0.2222222222222222,0.6666666666666666,0.1111111111111111,9,0.6,1.0,0.6,1.0,1443.343563890675,1488.3218380796814,-44.9782741890067,1458.81806921124,1484.8402928133664,-26.02222360212636
E0,2021-04-16,Everton,Tottenham,D,8,7,4,7,0.3,0.3,1.2,1.0,1.4,1.2,8.2,11.0,2.8,3.4,16.4,11.6,4,5,0.0769230769230769,0.6923076923076923,0.2307692307692307,13,1.0,0.4,0.4,0.6,1472.3370994739917,1537.8910755921056,-65.55397611811395,1499.1734086089564,1544.420281092152,-45.2468724831956
E0,2021-04-17,Newcastle,West Ham,H,4,7,6,7,0.2,0.5,0.6,1.8,1.4,1.2,8.4,10.6,4.2,4.0,16.2,14.8,6,6,0.6363636363636364,0.2727272727272727,0.0909090909090909,11,0.4,0.8,0.6,0.8,1488.4207918701777,1525.64294569152,-37.222153821342545,1480.3660744669146,1530.2720886519146,-49.906014185
E0,2021-04-17,Wolves,Sheffield United,H,8,0,7,0,0.3,0.1,1.0,1.2,0.2,2.4,9.4,5.2,2.8,1.8,14.2,16.0,8,6,0.3333333333333333,0.3333333333333333,0.3333333333333333,3,1.0,0.8,0.0,1.6,1513.266994073667,1427.21175585725,86.05523821641714,1507.8479611616372,1446.4070936194528,61.44086754218438
E0,2021-04-18,Arsenal,Fulham,D,8,8,7,8,0.4,0.2,2.0,1.2,1.0,0.8,14.2,12.2,4.4,4.0,10.2,9.6,7,9,1.0,0.0,0.0,3,1.0,0.0,0.8,0.8,1536.0551185241618,1478.4114967169223,57.64362180723947,1533.2355940612492,1457.6773862373996,75.55820782384967
E0,2021-04-18,Man United,Burnley,H,9,6,13,6,0.7,0.4,1.2,0.4,1.4,2.0,10.4,9.6,5.0,3.4,13.6,17.2,7,7,0.5384615384615384,0.0769230769230769,0.3846153846153846,13,0.8,0.0,0.2,0.6,1553.9282007717522,1503.4938262881276,50.43437448362465,1582.83891345985,1498.0739255825818,84.76498787726837
E0,2021-04-19,Leeds,Liverpool,D,6,12,10,12,0.5,0.6,1.2,1.8,2.0,0.8,11.8,14.6,4.0,5.6,17.2,8.0,9,9,0.0,1.0,0.0,1,0.8,0.6,1.8,0.8,1504.9557900661637,1573.6055396407448,-68.64974957458116,1511.1634526080006,1555.4213579646091,-44.25790535660872
E0,2021-04-20,Chelsea,Brighton,D,11,7,10,7,0.5,0.3,1.6,0.6,1.0,1.0,13.4,10.2,5.8,4.2,5.4,12.2,10,8,0.8888888888888888,0.0,0.1111111111111111,9,0.6,0.4,0.4,0.6,1552.7252101151148,1500.149346901068,52.57586321404688,1539.5500153351632,1481.7638754219397,57.78613991322345
E0,2021-04-21,Tottenham,Southampton,H,8,3,9,3,0.5,0.1,1.6,1.2,0.8,2.4,9.4,12.4,3.2,4.2,14.4,11.6,5,9,0.6153846153846154,0.1538461538461538,0.2307692307692307,13,0.4,0.6,0.4,1.2,1550.949486592198,1471.1975343775414,79.75195221465674,1542.31503905791,1476.278140962297,66.0368980956132
E0,2021-04-21,Aston Villa,Man City,A,5,15,7,15,0.4,0.9,0.6,0.8,2.6,0.4,10.6,11.6,4.0,5.2,16.6,5.2,11,11,0.0,1.0,0.0,5,0.2,0.6,2.2,0.2,1506.9923730111373,1612.6931613779368,-105.70078836679954,1509.307774014217,1593.9993783456173,-84.69160433140019
E0,2021-04-22,Leicester,West Brom,H,8,4,6,4,0.5,0.2,1.4,1.2,1.2,1.4,13.4,9.6,4.6,3.2,9.4,11.4,11,10,0.5555555555555556,0.2222222222222222,0.2222222222222222,9,0.8,0.4,0.6,1.0,1504.8480083764282,1474.2925745318057,30.555433844622485,1528.1849043825682,1467.3802210623105,60.804683320257936
E0,2021-04-23,Arsenal,Everton,A,8,8,7,8,0.4,0.6,2.0,1.2,1.2,1.0,14.2,8.2,4.4,2.8,10.2,16.4,5,7,0.6153846153846154,0.2307692307692307,0.1538461538461538,13,1.0,0.0,1.0,0.4,1534.374410452847,1526.0097177439209,8.364692708926214,1532.3952400255916,1501.2786506431985,31.11658938239316
E0,2021-04-24,Sheffield United,Brighton,H,0,5,3,5,0.3,0.3,0.2,2.4,0.8,1.0,6.0,9.8,2.0,3.8,16.0,11.4,7,4,0.3333333333333333,0.0,0.6666666666666666,3,0.0,1.8,0.2,0.6,1465.6024313816556,1504.2209828480527,-38.61855146639709,1445.0319504342851,1483.799693395432,-38.76774296114672
E0,2021-04-24,Liverpool,Newcastle,D,10,4,3,4,0.2,0.2,1.6,0.8,0.6,1.8,15.2,8.4,6.0,4.2,8.8,16.2,5,7,0.6363636363636364,0.0909090909090909,0.2727272727272727,11,1.2,0.8,0.4,0.8,1537.2371762884738,1472.3113570636517,64.92581922482236,1553.2059399468153,1485.2844948634192,67.92144508339607
E0,2021-04-24,West Ham,Chelsea,A,4,11,13,11,0.6,0.5,1.2,1.6,1.6,0.6,9.8,13.4,3.2,5.8,16.2,5.4,7,4,0.3076923076923077,0.4615384615384615,0.2307692307692307,13,0.4,0.8,0.6,0.4,1534.901231612309,1526.3748205552115,8.526411057097448,1525.3536682554095,1537.5141973616708,-12.160529106261263
E0,2021-04-25,Wolves,Burnley,A,8,6,7,6,0.4,0.3,1.0,1.2,1.6,2.2,9.4,11.4,2.8,4.0,14.2,16.8,8,7,0.2,0.4,0.4,5,1.0,0.8,0.4,1.0,1516.0172804440026,1496.2701140972551,19.747166346747463,1509.223104346805,1494.4620694871455,14.761034859659503
E0,2021-04-25,Aston Villa,West Brom,D,5,4,4,4,0.4,0.2,0.6,0.8,1.0,1.6,10.6,8.8,4.0,2.6,16.6,12.0,4,3,0.6666666666666666,0.3333333333333333,0.0,3,0.2,0.6,0.6,0.6,1505.8478633578131,1463.9661273682846,41.88173598952858,1508.735519187555,1462.2169974805497,46.51852170700522
E0,2021-04-25,Leeds,Man United,D,6,9,8,9,0.5,0.4,1.2,1.8,1.2,0.4,11.8,10.4,4.0,5.0,17.2,13.6,6,7,0.0,1.0,0.0,1,0.8,0.6,0.8,0.0,1509.3866261017515,1611.7496261479478,-102.36300004619623,1513.3788706257944,1586.450769555286,-73.07189892949168
E0,2021-04-26,Leicester,Crystal Palace,H,8,7,9,7,0.5,0.3,1.4,1.2,1.2,1.8,13.4,7.0,4.6,3.0,9.4,18.0,4,16,0.2307692307692307,0.6153846153846154,0.1538461538461538,13,0.8,0.4,0.4,1.2,1515.1744555399491,1482.9204134836862,32.25404205626319,1533.3481279643288,1477.653860211742,55.69426775258671
E0,2021-04-30,Southampton,Leicester,D,3,8,4,8,0.3,0.5,1.0,2.2,1.4,1.2,11.8,13.4,4.2,4.6,11.8,9.4,9,4,0.3076923076923077,0.4615384615384615,0.2307692307692307,13,0.4,1.0,0.8,0.4,1481.3587475470515,1551.5218003887085,-70.16305284165674,1474.6819291888653,1535.311034778951,-60.62910559008537
E0,2021-05-01,Everton,Aston Villa,A,10,5,5,5,0.2,0.2,0.8,0.4,0.6,0.8,8.6,10.6,2.4,4.0,16.4,16.6,8,6,0.25,0.5,0.25,4,0.6,0.2,0.2,0.6,1476.547583542476,1511.623175017297,-35.07559147482107,1506.014122362502,1508.2573060105494,-2.243183648047534
E0,2021-05-01,Chelsea,Fulham,H,11,6,8,6,0.4,0.2,1.4,0.4,0.8,1.0,15.0,10.4,6.4,3.6,5.6,11.8,7,13,1.0,0.0,0.0,3,0.4,0.2,0.6,1.0,1548.65357416813,1480.092204788237,68.561369379893,1540.6455526224609,1458.517740273057,82.12781234940394
E0,2021-05-01,Brighton,Leeds,H,4,6,5,6,0.2,0.5,0.6,1.0,1.2,1.8,11.2,11.8,4.2,4.0,8.8,17.2,7,6,1.0,0.0,0.0,1,0.2,0.4,0.8,0.6,1463.3784039428112,1517.3711151498374,-53.992711207026105,1478.6609343498744,1515.3229429099192,-36.6620085600448
E0,2021-05-01,Crystal Palace,Man City,A,4,15,5,15,0.3,1.0,1.0,2.0,2.2,0.4,6.6,12.6,2.8,4.8,16.4,5.2,5,10,0.1538461538461538,0.6153846153846154,0.2307692307692307,13,0.4,1.6,1.4,0.0,1472.3873069397982,1613.837671031261,-141.4503640914627,1475.6909533971204,1594.5716331722792,-118.8806797751588
E0,2021-05-02,Newcastle,Arsenal,A,5,8,9,8,0.2,0.5,0.8,1.6,2.0,1.2,7.8,14.2,4.2,4.4,17.0,10.2,8,9,0.1818181818181818,0.8181818181818182,0.0,11,0.6,0.8,1.0,0.0,1498.2576326631872,1530.4160695983364,-32.15843693514921,1487.8230836601565,1527.6597683062882,-39.836684646131744
E0,2021-05-02,Tottenham,Sheffield United,H,8,0,12,0,0.5,0.1,1.6,1.2,0.2,2.4,9.4,6.0,3.2,2.0,14.4,16.0,11,8,0.3333333333333333,0.3333333333333333,0.3333333333333333,3,0.4,0.6,0.0,1.8,1554.1419101390609,1424.4614694869144,129.68044065214622,1543.911250831341,1450.1707094798426,93.74054135149844
E0,2021-05-03,West Brom,Wolves,D,5,8,8,8,0.2,0.2,1.4,1.6,1.0,1.2,10.0,9.4,3.2,2.8,14.2,14.2,8,8,1.0,0.0,0.0,1,0.8,0.4,1.0,0.8,1460.4678675928146,1502.4289282496077,-41.961060656792824,1462.6952106575552,1499.076875653041,-36.381664995485835
E0,2021-05-03,Burnley,West Ham,A,6,4,4,4,0.2,0.4,1.8,2.2,1.2,1.6,11.0,9.8,4.6,3.2,16.6,16.2,8,9,0.3846153846153846,0.4615384615384615,0.1538461538461538,13,0.4,1.0,0.4,0.8,1492.654024877036,1515.8061048985105,-23.152080021474376,1504.6082981809095,1522.2223129946196,-17.614014813710128
E0,2021-05-07,Leicester,Newcastle,A,8,5,9,5,0.6,0.2,1.6,1.4,0.8,1.6,15.4,7.8,5.8,4.2,7.8,17.0,7,5,0.6363636363636364,0.3636363636363636,0.0,11,1.0,0.6,0.6,0.8,1519.1002691691929,1477.3885346571258,41.711734512067096,1534.142052583093,1483.5016426895022,50.640409893590686
E0,2021-05-08,Sheffield United,Crystal Palace,A,0,4,6,4,0.4,0.2,0.2,2.6,1.0,2.0,6.0,6.6,1.2,2.8,17.4,16.4,6,7,0.6666666666666666,0.3333333333333333,0.0,3,0.0,2.0,0.4,1.6,1475.879949472771,1478.9945998544426,-3.1146503816717086,1447.603984092583,1476.06248793749,-28.458503844907
E0,2021-05-08,Leeds,Tottenham,H,6,8,6,8,0.4,0.3,0.8,1.4,1.6,1.2,12.2,9.4,3.4,3.2,18.0,14.4,7,6,0.0,1.0,0.0,1,0.4,0.6,0.4,0.6,1513.274770670001,1533.6805915236214,-20.40582085362007,1508.582974398758,1546.4779762186008,-37.895001819842946
E0,2021-05-08,Man City,Chelsea,A,15,11,9,11,0.8,0.6,2.0,0.2,1.4,0.4,13.4,15.0,4.0,6.4,6.4,5.6,7,7,0.5384615384615384,0.3076923076923077,0.1538461538461538,13,1.4,0.0,0.4,0.2,1575.3055953132978,1532.6375310767917,42.6680642365061,1594.2000986319097,1542.5263123559062,51.67378627600351
E0,2021-05-08,Liverpool,Southampton,H,10,3,4,3,0.1,0.1,1.6,0.8,1.0,2.2,15.2,11.8,6.0,4.2,8.8,11.8,14,8,0.7692307692307693,0.0769230769230769,0.1538461538461538,13,1.2,0.8,0.4,1.0,1532.1599986949996,1468.0051108306789,64.1548878643207,1550.6673511500785,1475.850911384723,74.8164397653552
E0,2021-05-09,Arsenal,West Brom,H,11,5,4,5,0.4,0.2,2.4,1.0,1.4,1.6,15.2,10.0,4.8,3.2,8.8,14.2,7,6,0.6666666666666666,0.1111111111111111,0.2222222222222222,9,1.2,0.0,0.8,0.4,1524.90346701424,1464.9225537222958,59.98091329194426,1531.9812092769423,1462.8312300462264,69.1499792307161
E0,2021-05-09,Wolves,Brighton,H,6,4,6,4,0.3,0.3,0.8,1.2,0.6,1.0,11.4,11.2,4.0,4.2,14.8,8.8,6,8,0.0,0.2,0.8,5,0.6,1.0,0.2,0.4,1495.7248230564749,1493.9434647569374,1.7813582995374873,1498.9408562643698,1485.4009028610358,13.53995340333404
E0,2021-05-09,Aston Villa,Man United,A,7,9,5,9,0.4,0.4,1.0,1.0,1.0,0.2,12.4,11.6,4.8,4.4,14.6,13.4,8,14,0.0,0.6,0.4,5,0.4,0.6,0.8,0.0,1504.891437003802,1607.861481579698,-102.97004457589604,1512.110904082304,1584.506697271161,-72.3957931888574
E0,2021-05-09,West Ham,Everton,A,6,10,10,10,0.6,0.7,1.6,1.8,0.8,0.4,12.6,8.6,3.8,2.4,13.8,16.4,6,8,0.3076923076923077,0.5384615384615384,0.1538461538461538,13,0.4,0.8,0.6,0.2,1528.6385210907288,1535.480661182528,-6.842140091799138,1526.220653153548,1502.1605242907474,24.06012886280064
E0,2021-05-10,Fulham,Burnley,A,5,6,3,6,0.1,0.4,0.6,1.2,1.8,2.2,10.8,11.0,3.6,4.6,12.0,16.6,9,7,0.3333333333333333,0.3333333333333333,0.3333333333333333,3,0.4,1.0,0.4,1.0,1436.9432757578768,1516.562571484783,-79.6192957269061,1456.6369805396116,1500.609958021981,-43.97297748236929
E0,2021-05-11,Southampton,Crystal Palace,H,3,7,5,7,0.2,0.3,1.0,2.4,1.4,1.6,12.4,9.2,5.2,3.8,13.2,14.4,3,3,0.5384615384615384,0.3076923076923077,0.1538461538461538,13,0.4,1.2,0.6,1.4,1483.6967119387673,1493.5237974483894,-9.827085509622066,1474.0670634654143,1483.3270867344636,-9.26002326904927
E0,2021-05-11,Man United,Leicester,A,11,8,13,8,0.8,0.4,1.6,0.4,1.6,1.4,13.0,15.4,5.0,5.8,12.0,7.8,2,4,0.6923076923076923,0.0769230769230769,0.2307692307692307,13,1.4,0.0,1.0,0.6,1561.1519129626247,1549.183835996993,11.96807696563178,1587.5616648815972,1524.8592873005457,62.70237758105168
E0,2021-05-12,Chelsea,Arsenal,A,13,11,8,11,0.4,0.6,1.6,0.4,2.4,1.0,15.6,15.2,6.8,4.8,8.0,8.8,4,3,0.3076923076923077,0.2307692307692307,0.4615384615384615,13,0.6,0.2,1.2,0.0,1552.4150936350206,1539.0589515396452,13.35614209537539,1547.72427220668,1534.93451969948,12.789752507199864
E0,2021-05-13,Aston Villa,Everton,D,7,10,4,10,0.3,0.7,1.0,1.0,0.6,0.4,12.4,8.6,4.8,1.8,14.6,15.6,4,4,0.6,0.2,0.2,5,0.4,0.6,0.4,0.2,1498.7815017829305,1546.549158409314,-47.76765662638377,1509.055936471868,1507.6947729041403,1.3611635677277718
E0,2021-05-13,Man United,Liverpool,A,11,10,12,10,0.7,0.6,1.6,0.4,1.6,0.8,13.0,15.2,5.0,6.0,12.0,8.8,2,5,0.3076923076923077,0.1538461538461538,0.5384615384615384,13,1.4,0.0,1.2,0.8,1551.9091625812175,1569.174703605157,-17.265541023939477,1582.9402896908937,1552.4511990693868,30.489090621506875
E0,2021-05-14,Newcastle,Man City,A,8,15,6,15,0.2,1.0,1.4,1.4,2.0,0.2,8.6,13.4,4.2,4.0,19.0,6.4,7,6,0.0909090909090909,0.8181818181818182,0.0909090909090909,11,1.0,0.8,1.4,0.0,1489.6147507218784,1613.0946019505216,-123.47985122864316,1492.7844079720494,1589.0021387811355,-96.21773080908632
E0,2021-05-15,Burnley,Leeds,A,9,6,3,6,0.1,0.5,2.2,1.4,0.8,1.4,11.8,12.2,5.0,3.4,17.6,18.0,5,7,0.0,1.0,0.0,1,0.4,0.8,0.4,0.6,1484.657344559179,1503.8911781275142,-19.233833568335285,1505.2042151954795,1515.4255551566496,-10.22133996116986
E0,2021-05-15,Southampton,Fulham,H,3,5,8,5,0.3,0.2,1.0,2.4,0.6,1.2,12.4,10.8,5.2,3.6,13.2,12.0,4,5,0.3333333333333333,0.3333333333333333,0.3333333333333333,3,0.4,1.2,0.4,1.0,1494.945266878848,1476.3306853213464,18.614581557501424,1479.6913409354547,1452.0427233661126,27.64861756934215
E0,2021-05-15,Brighton,West Ham,D,4,6,7,6,0.3,0.5,0.8,1.2,1.6,1.8,9.2,12.6,3.6,3.8,10.8,13.8,6,6,0.5555555555555556,0.0,0.4444444444444444,9,0.2,0.8,0.4,0.8,1476.8583409651344,1523.8027852163673,-46.94444425123288,1481.2375999134488,1520.6864045401549,-39.44880462670608
E0,2021-05-16,West Brom,Liverpool,A,4,13,8,13,0.2,0.6,1.6,2.2,2.2,0.6,10.4,15.6,2.8,6.8,16.0,10.2,7,3,0.0,0.3333333333333333,0.6666666666666666,9,1.0,0.6,1.4,0.4,1460.739906370157,1580.8790789821703,-120.13917261201344,1459.8779196236892,1558.3033867578938,-98.4254671342046
E0,2021-05-16,Crystal Palace,Aston Villa,H,4,7,5,7,0.3,0.3,1.2,2.0,1.0,1.0,10.8,12.4,4.2,4.8,12.0,14.6,5,3,0.2,0.6,0.2,5,0.4,1.6,0.4,0.6,1473.1303760205376,1519.330371160806,-46.19999514026835,1477.7028092644232,1508.9440114066265,-31.241202142203292
E0,2021-05-16,Tottenham,Wolves,H,5,6,12,6,0.6,0.2,1.6,1.8,0.8,1.2,9.8,11.4,3.4,4.0,15.4,14.8,8,7,0.4,0.4,0.2,5,0.4,0.8,0.6,1.0,1559.27536091358,1502.156889472265,57.11847144131502,1539.6353954607089,1503.1041592119573,36.53123624875161
E0,2021-05-16,Everton,Sheffield United,A,8,0,5,0,0.1,0.1,0.4,0.4,0.2,2.6,9.4,6.0,2.2,1.2,16.0,17.4,3,8,0.6666666666666666,0.3333333333333333,0.0,3,0.2,0.2,0.0,2.0,1468.8403873989669,1419.328018712395,49.51236868657179,1507.8066979693822,1440.3393852956096,67.46731267377254
E0,2021-05-18,Man United,Fulham,D,11,4,9,4,0.6,0.2,1.6,0.4,0.8,1.8,13.0,9.6,5.0,3.4,12.0,13.6,5,3,1.0,0.0,0.0,3,1.4,0.0,0.6,1.4,1540.204787204204,1465.4866589421474,74.71812826205655,1577.088102002387,1446.620710176513,130.46739182587362
E0,2021-05-18,Southampton,Leeds,A,3,9,10,9,0.4,0.5,1.0,2.4,1.6,1.2,12.4,11.8,5.2,3.2,13.2,18.2,3,3,0.0,1.0,0.0,1,0.4,1.2,1.0,0.4,1505.7892932580469,1519.6161563605058,-13.8268631024589,1485.1133541250542,1523.2880442731453,-38.17469014809103
E0,2021-05-18,Brighton,Man City,H,4,15,8,15,0.3,1.0,0.8,1.2,2.6,0.8,9.2,13.4,3.6,4.6,10.8,7.2,3,4,0.0,1.0,0.0,9,0.2,0.8,1.8,0.2,1477.973747248999,1613.7844008466598,-135.8106535976608,1481.7953030553808,1589.3470382292048,-107.551735173824
E0,2021-05-18,Chelsea,Leicester,H,13,8,7,8,0.4,0.5,1.6,0.4,1.6,1.4,15.6,14.6,6.8,5.0,8.0,6.4,6,7,0.4615384615384615,0.1538461538461538,0.3846153846153846,13,0.6,0.2,1.2,0.4,1544.2498928502057,1558.4265863784,-14.17669352819462,1543.6416718142725,1529.4806624912492,14.161009323023109
E0,2021-05-19,Newcastle,Sheffield United,H,8,3,5,3,0.2,0.2,1.4,1.4,0.4,2.4,8.6,7.2,4.2,1.4,19.0,17.6,5,3,0.6666666666666666,0.3333333333333333,0.0,3,1.0,0.8,0.0,1.8,1488.9249518257402,1430.550762664989,58.37418916075126,1492.4395085239803,1445.9507572719067,46.4887512520736
E0,2021-05-19,Everton,Wolves,H,8,5,2,5,0.1,0.2,0.4,0.4,0.6,1.4,9.4,11.6,2.2,3.8,16.0,15.8,3,3,0.4,0.4,0.2,5,0.2,0.2,0.4,1.0,1457.617643446373,1492.437125633649,-34.81948218727598,1502.1953259930851,1498.2442772926493,3.951048700435877
E0,2021-05-19,West Brom,West Ham,A,4,7,5,7,0.2,0.5,1.6,2.2,1.6,1.6,10.4,13.8,2.8,3.8,16.0,13.8,3,4,0.1111111111111111,0.4444444444444444,0.4444444444444444,9,1.0,0.6,0.6,0.8,1458.895091769952,1522.6873789325027,-63.79228716255079,1458.9555123235866,1520.1287013982228,-61.173189074636184
E0,2021-05-19,Burnley,Liverpool,A,9,13,2,13,0.1,0.7,2.2,1.4,2.2,0.8,11.8,17.6,5.0,6.4,17.6,10.6,4,3,0.1538461538461538,0.6153846153846154,0.2307692307692307,13,0.4,0.8,1.2,0.4,1468.932366326187,1582.7238935823757,-113.79152725618836,1497.341726078984,1559.2257940579962,-61.88406797901211
E0,2021-05-19,Tottenham,Aston Villa,A,5,4,12,4,0.6,0.3,1.6,1.8,1.2,1.6,9.8,14.4,3.4,5.0,15.4,16.6,3,3,0.8,0.2,0.0,5,0.4,0.8,0.4,1.0,1568.995124752196,1509.7477863756358,59.247338376560265,1544.495277380017,1504.1527190140414,40.34255836597549
E0,2021-05-19,Crystal Palace,Arsenal,A,4,11,7,11,0.4,0.6,1.2,2.0,2.0,0.8,10.8,13.8,4.2,4.4,12.0,11.0,3,7,0.1538461538461538,0.5384615384615384,0.3076923076923077,13,0.4,1.6,1.0,0.0,1482.7129608057078,1547.2241523244604,-64.51119151875264,1482.4941016570083,1539.0171200918876,-56.523018434879305
E0,2021-05-23,Liverpool,Crystal Palace,H,13,4,7,4,0.2,0.3,2.6,0.8,1.2,2.0,19.2,10.8,6.2,4.2,10.6,12.0,4,4,0.7692307692307693,0.2307692307692307,0.0,13,1.6,0.4,0.4,1.6,1535.7276945336168,1482.2752425083088,53.45245202530805,1560.1725961930554,1480.212257764506,79.96033842854945
E0,2021-05-23,Leicester,Tottenham,A,7,5,9,5,0.6,0.3,1.6,1.6,1.6,1.8,13.0,9.8,4.8,3.4,7.4,15.4,5,4,0.3076923076923077,0.6153846153846154,0.0769230769230769,13,1.4,0.8,0.4,0.8,1500.5347386040985,1519.9954300078375,-19.46069140373947,1525.675874097913,1539.3913879517845,-13.715513853871473
E0,2021-05-23,Leeds,West Brom,H,12,4,9,4,0.4,0.2,2.0,0.8,1.6,2.2,11.4,10.4,4.2,2.8,18.6,16.0,5,4,1.0,0.0,0.0,1,1.4,0.4,1.0,0.6,1526.959932185785,1459.0159328772213,67.94399930856366,1529.849544537568,1455.0983191805622,74.75122535700575
E0,2021-05-23,Fulham,Newcastle,A,2,8,0,8,0.1,0.3,0.8,2.0,1.4,1.4,9.2,8.6,3.8,4.2,13.0,19.0,5,4,0.0,0.3333333333333333,0.6666666666666666,3,0.8,1.4,1.0,0.8,1427.754761410879,1495.9540652222204,-68.19930381134145,1449.147195200183,1495.1256853246532,-45.97849012447023
E0,2021-05-23,West Ham,Southampton,H,10,3,7,3,0.6,0.1,2.2,1.6,1.0,2.4,16.6,12.4,5.6,5.2,13.6,13.2,4,5,0.5384615384615384,0.3076923076923077,0.1538461538461538,13,1.0,0.6,0.4,1.2,1517.5700238639429,1464.4374149920616,53.132608871881075,1523.9858945412473,1478.5518538606318,45.43404068061545
E0,2021-05-23,Arsenal,Brighton,H,13,4,7,4,0.4,0.3,2.4,0.8,0.8,1.2,12.0,9.2,4.4,3.6,11.6,10.8,4,5,0.3333333333333333,0.4444444444444444,0.2222222222222222,9,1.4,0.2,0.2,0.8,1530.8100878593143,1485.616858861763,45.193228997551614,1541.2989639843895,1489.1353231345577,52.16364084983206
E0,2021-05-23,Man City,Everton,H,12,8,6,8,0.7,0.6,2.4,1.4,0.4,0.4,13.4,9.4,4.0,2.2,10.4,16.0,5,4,0.6153846153846154,0.0769230769230769,0.3076923076923077,13,1.4,0.8,0.2,0.2,1564.90967561175,1546.7730085397973,18.136667071952843,1582.0070181500282,1506.502617133172,75.50440101685626
E0,2021-05-23,Wolves,Man United,A,5,11,6,11,0.4,0.4,0.4,0.8,1.6,0.4,12.2,13.0,4.2,5.0,14.2,12.0,4,5,0.2,0.2,0.6,5,0.2,0.6,1.4,0.0,1504.0514289516493,1613.9714168005696,-109.9199878489203,1493.9369861525624,1574.5616169787172,-80.62463082615477
E0,2021-05-23,Aston Villa,Chelsea,H,7,13,5,13,0.2,0.7,1.6,1.6,1.6,0.4,15.2,15.6,5.0,6.8,16.8,8.0,4,5,0.0,0.8,0.2,5,0.4,1.0,0.6,0.2,1498.557651652447,1543.033450778339,-44.47579912589231,1509.2566084422738,1547.4464602076084,-38.18985176533465
E0,2021-05-23,Sheffield United,Burnley,H,3,9,6,9,0.4,0.5,0.4,1.6,2.2,1.4,9.2,11.8,1.6,5.0,17.0,17.6,4,4,0.3333333333333333,0.3333333333333333,0.3333333333333333,3,0.0,1.0,0.4,0.8,1461.3507518788242,1525.7510858317808,-64.40033395295654,1443.2645804712336,1496.3949239439248,-53.130343472691266
E0,2021-08-13,Brentford,Arsenal,H,0,13,0,13,0.5,0.6,,,2.4,0.8,,12.0,,4.4,,11.6,7,82,0.5,0.5,0.0,0,,,1.4,0.2,1500.0,1534.6978528733414,-34.69785287334139,1500.0,1530.2314948296914,-30.231494829691428
E0,2021-08-14,Burnley,Brighton,A,6,1,1,1,0.0,0.3,1.8,1.4,0.4,1.4,11.0,8.6,4.6,2.6,17.2,12.2,83,83,0.2,0.1,0.7,10,0.4,0.8,0.0,1.2,1477.9159705775662,1485.2409175170803,-7.32494693951412,1494.0032399900788,1490.159477540003,3.843762450075701
E0,2021-08-14,Chelsea,Crystal Palace,H,10,4,7,4,0.5,0.3,1.6,0.8,1.0,1.6,18.0,10.8,7.2,4.8,7.8,13.4,83,83,0.7857142857142857,0.2142857142857142,0.0,14,0.8,0.4,0.4,1.2,1534.745844656708,1485.796374290558,48.94947036615008,1528.4233032149746,1485.5781936072144,42.84510960776015
E0,2021-08-14,Everton,Southampton,H,8,0,5,0,0.2,0.1,0.4,1.0,0.6,3.0,9.6,12.8,2.6,5.2,16.4,14.4,83,83,0.3571428571428571,0.4285714285714285,0.2142857142857142,14,0.2,0.6,0.2,1.4,1477.3755912367862,1472.0534977180562,5.322093518730071,1500.8195205743864,1483.5699569233109,17.249563651075732
E0,2021-08-14,Leicester,Wolves,H,7,5,6,5,0.5,0.2,1.6,1.6,0.4,0.8,13.0,12.2,4.8,4.2,7.4,14.2,83,83,0.3333333333333333,0.1666666666666666,0.5,6,1.4,0.8,0.2,0.6,1491.1500306397252,1489.1611040468283,1.9889265928966324,1512.5987135330915,1495.0776375009884,17.52107603210311
E0,2021-08-14,Watford,Aston Villa,H,0,7,7,7,0.5,0.4,0.6,2.2,1.6,1.6,12.0,15.2,4.0,5.0,12.6,16.8,384,83,0.5,0.5,0.0,2,0.4,0.4,0.4,1.0,1499.1277072697342,1513.370228705507,-14.242521435772916,1487.173131580078,1509.5677527804464,-22.39462120036842
E0,2021-08-14,Norwich,Liverpool,A,0,13,0,13,0.2,0.8,0.2,2.6,2.6,0.8,7.8,19.2,2.8,6.2,17.0,10.6,384,83,0.0,1.0,0.0,2,0.0,1.2,1.6,0.4,1457.7486056527382,1556.6937235611708,-98.94511790843262,1460.7767317046091,1541.4796585443514,-80.7029268397423
E0,2021-08-14,Man United,Leeds,H,13,12,7,12,0.5,0.6,2.0,0.6,2.0,0.8,12.6,11.4,5.6,4.2,13.2,18.6,83,83,0.5,0.0,0.5,2,1.4,0.0,1.4,0.4,1523.5517174950992,1521.935235115865,1.616482379234185,1550.8164265969688,1522.0109017212717,28.80552487569707
E0,2021-08-15,Newcastle,West Ham,A,10,10,7,10,0.3,0.5,1.8,1.4,2.2,1.6,8.8,16.6,4.0,5.6,19.2,13.6,84,84,0.6666666666666666,0.25,0.0833333333333333,12,1.2,0.8,1.0,0.6,1496.1791946361477,1520.3691826964298,-24.189988060282076,1500.8383133995926,1518.1303345059482,-17.292021106355605
E0,2021-08-15,Tottenham,Man City,H,8,12,9,12,0.6,0.9,2.2,1.8,2.4,1.4,10.8,13.4,3.6,4.0,14.8,10.4,84,84,0.2142857142857142,0.6428571428571429,0.1428571428571428,14,1.0,0.8,1.4,0.8,1539.3875217501402,1566.3999216611653,-27.012399911025113,1530.996352040206,1558.481935065358,-27.485583025151755
E0,2021-08-21,Liverpool,Burnley,H,13,6,10,6,0.3,0.5,2.6,0.8,1.8,1.4,19.8,11.0,6.4,4.6,12.8,17.2,7,7,0.6428571428571429,0.1428571428571428,0.2142857142857142,14,1.4,0.4,0.4,0.8,1526.2655935275322,1510.0905094025911,16.175084124941122,1542.654161507102,1489.3460786769742,53.30808283012789
E0,2021-08-21,Brighton,Watford,H,4,0,11,0,0.4,0.1,0.6,1.2,0.6,2.2,10.4,12.0,3.6,4.0,12.0,12.6,7,7,0.375,0.125,0.5,8,0.4,0.8,0.4,0.4,1495.078037562926,1475.2185558904218,19.859481672504216,1494.8166388531076,1492.2573261484715,2.5593127046361133
E0,2021-08-21,Aston Villa,Newcastle,H,6,10,5,10,0.3,0.4,1.8,2.0,1.8,1.4,14.4,8.8,4.2,4.0,17.0,19.2,7,6,0.3333333333333333,0.1666666666666666,0.5,6,0.6,1.0,1.2,0.8,1505.7652768553858,1505.4974321630373,0.2678446923484898,1504.483558212053,1496.2954004953515,8.188157716701198
E0,2021-08-21,Leeds,Everton,D,9,8,11,8,0.5,0.5,1.8,1.6,0.4,1.0,10.8,9.6,4.0,2.6,19.2,16.4,7,7,0.5,0.5,0.0,2,1.4,1.2,0.2,0.6,1522.0865683266784,1524.2634499119863,-2.1768815853079104,1515.884383885816,1506.2011168203612,9.683267065454856
E0,2021-08-21,Crystal Palace,Brentford,D,3,3,6,0,0.3,0.5,0.8,2.0,2.0,0.0,9.0,8.0,3.8,3.0,13.0,22.0,7,8,0.5,0.5,0.0,0,0.2,1.2,1.0,0.0,1485.3600129238712,1500.0,-14.639987076128818,1482.1595445227267,1507.0587380682628,-24.899193545536036
E0,2021-08-21,Man City,Norwich,H,9,0,6,0,0.7,0.0,2.0,1.6,0.2,2.6,14.8,7.8,4.0,2.8,12.0,17.0,6,7,0.5,0.5,0.0,2,1.0,1.0,0.0,1.2,1550.5639484695505,1463.8048577564798,86.75909071307069,1553.7971892489013,1459.6022287418584,94.19496050704288
E0,2021-08-22,Southampton,Man United,D,0,13,10,13,0.3,0.5,0.4,2.6,2.0,0.6,11.8,12.6,4.6,5.6,13.8,13.2,8,8,0.0714285714285714,0.5,0.4285714285714285,14,0.0,1.6,1.4,0.0,1495.0864161285654,1578.0811356988384,-82.99471957027299,1478.1883606773358,1556.9429444324242,-78.75458375508833
E0,2021-08-22,Wolves,Tottenham,A,4,8,6,8,0.4,0.3,0.4,1.0,2.2,1.8,13.6,10.8,4.4,3.6,14.2,14.8,8,7,0.3333333333333333,0.5,0.1666666666666666,6,0.2,0.6,1.0,0.8,1500.9941709551483,1522.605182330272,-21.61101137512378,1492.2275714433413,1535.6810978566627,-43.45352641332147
E0,2021-08-22,Arsenal,Chelsea,A,12,10,7,10,0.5,0.6,1.8,0.6,1.6,0.8,13.2,18.0,3.8,7.2,10.2,7.8,9,8,0.2857142857142857,0.2857142857142857,0.4285714285714285,14,1.0,0.4,0.8,0.4,1525.7651367860417,1522.1007617732412,3.664375012800292,1523.1727567614284,1531.8419522994625,-8.669195538034046
E0,2021-08-23,West Ham,Leicester,H,10,7,7,7,0.6,0.4,2.4,1.6,1.6,1.6,16.4,13.0,6.2,4.8,13.0,7.4,8,9,0.3571428571428571,0.3571428571428571,0.2857142857142857,14,1.6,0.4,1.4,0.8,1515.8914863154666,1534.0473964264577,-18.155910110991044,1522.673247410189,1515.4487795907387,7.22446781945041
E0,2021-08-28,Liverpool,Chelsea,D,13,12,13,12,0.4,0.7,2.6,0.8,2.0,0.8,19.8,19.4,6.4,6.6,12.8,7.6,7,6,0.3571428571428571,0.2857142857142857,0.3571428571428571,14,1.4,0.4,0.8,0.4,1532.6797235481074,1534.068962202596,-1.3892386544885085,1545.8612265173897,1537.82605251414,8.035174003249722
E0,2021-08-28,West Ham,Crystal Palace,D,10,3,9,3,0.6,0.3,2.4,1.6,0.8,2.0,16.4,9.0,6.2,3.8,13.0,13.0,5,7,0.3571428571428571,0.2142857142857142,0.4285714285714285,14,1.6,0.4,0.2,1.2,1532.313411782812,1478.959076121582,53.354335661229925,1530.8842101438618,1481.066866499269,49.81734364459271
E0,2021-08-28,Norwich,Leicester,A,0,4,0,4,0.2,0.4,0.2,3.4,1.4,2.2,5.6,12.4,1.8,4.2,18.2,8.6,7,5,0.5,0.0,0.5,2,0.0,1.8,1.2,1.4,1455.399599727237,1517.6254709591124,-62.22587123187532,1456.2236465199444,1507.237816857066,-51.01417033712164
E0,2021-08-28,Newcastle,Southampton,D,10,0,6,0,0.3,0.1,1.8,1.2,0.4,2.6,10.0,11.8,4.0,4.6,19.0,13.8,7,6,0.5,0.25,0.25,12,1.2,0.6,0.0,1.6,1487.0933688276662,1461.2903052261065,25.80306360155987,1491.227032465471,1480.323337567641,10.903694897830064
E0,2021-08-28,Brighton,Everton,A,4,8,11,8,0.5,0.4,0.6,1.2,0.8,1.4,10.4,11.4,3.6,4.0,12.0,15.2,7,7,0.2,0.5,0.3,10,0.4,0.8,0.4,0.8,1505.279594163953,1525.617156820691,-20.33756265673765,1499.9174171536213,1506.8779702747136,-6.960553121092289
E0,2021-08-28,Aston Villa,Brentford,D,6,4,8,1,0.3,0.0,1.8,2.0,1.0,0.0,14.4,11.0,4.2,3.0,17.0,14.5,7,7,0.5,0.5,0.0,0,0.6,1.0,0.5,0.0,1515.9020129151472,1502.1853560469149,13.716656868232349,1509.5519262419336,1508.1514160917204,1.400510150213222
E0,2021-08-28,Man City,Arsenal,H,9,12,9,12,0.7,0.5,2.0,1.6,1.8,0.6,14.8,13.2,4.0,3.8,12.0,10.2,7,6,0.7857142857142857,0.0714285714285714,0.1428571428571428,14,1.0,1.0,1.0,0.4,1557.3211129133788,1520.5803767368157,36.74073617656313,1557.1757714708156,1517.1886565467512,39.98711492406437
E0,2021-08-29,Burnley,Leeds,D,6,9,0,9,0.0,0.5,1.4,1.2,1.8,1.6,11.4,10.8,4.2,4.0,17.8,19.2,8,8,0.0,1.0,0.0,2,0.4,0.8,1.4,1.2,1468.601647951357,1509.682199444954,-41.08055149359666,1486.1390136666869,1515.207530431464,-29.06851676477731
E0,2021-08-29,Tottenham,Watford,H,8,0,12,0,0.7,0.1,2.0,1.8,0.6,2.4,10.6,12.0,4.2,3.4,18.2,13.2,7,8,0.5,0.1,0.4,10,0.8,0.8,0.4,0.4,1548.7570133830534,1465.0169992893946,83.74001409365883,1539.3450148822612,1487.156547847958,52.18846703430336
E0,2021-08-29,Wolves,Man United,A,4,11,6,11,0.4,0.4,0.4,1.0,1.8,0.8,13.6,14.0,4.4,5.2,14.2,10.2,7,7,0.1666666666666666,0.3333333333333333,0.5,6,0.2,0.6,1.4,0.0,1493.666336903951,1573.8111819182282,-80.14484501427683,1488.5636544177428,1554.807967542119,-66.24431312437628
E0,2021-09-11,Chelsea,Aston Villa,H,10,6,10,6,0.6,0.4,1.4,0.8,1.8,2.0,16.0,14.4,5.2,4.2,12.2,17.0,14,14,0.6666666666666666,0.1666666666666666,0.1666666666666666,6,0.6,0.2,0.6,1.0,1541.5831428256838,1503.20183956872,38.38130325696375,1537.3048588840338,1509.2698865252137,28.03497235882014
E0,2021-09-11,Watford,Wolves,A,0,4,9,4,0.5,0.2,0.6,2.4,0.4,1.0,11.8,13.6,3.0,4.4,14.4,14.2,13,13,0.5,0.5,0.0,4,0.4,0.2,0.2,0.6,1509.2960964065212,1483.460971931534,25.835124474987197,1484.687112514779,1487.347166493388,-2.6600539786088575
E0,2021-09-11,Southampton,West Ham,D,1,10,8,10,0.3,0.5,0.8,2.4,2.4,1.6,13.4,16.4,5.0,6.2,12.8,13.0,14,14,0.2857142857142857,0.5714285714285714,0.1428571428571428,14,0.4,1.8,1.6,0.4,1499.3563699091756,1529.4550085049111,-30.098638595735792,1481.440882290122,1528.8389944931378,-47.3981122030159
E0,2021-09-11,Man United,Newcastle,H,11,10,7,10,0.6,0.4,1.4,0.6,1.8,1.2,13.6,10.0,4.4,4.0,10.8,19.0,13,14,0.75,0.25,0.0,12,1.0,0.0,1.2,0.6,1535.8047531660102,1495.3606961032758,40.44405706273437,1556.024455466474,1490.10948774299,65.91496772348387
E0,2021-09-11,Leicester,Man City,A,7,9,9,9,0.5,0.8,1.4,1.8,2.0,1.6,11.2,14.8,3.8,4.0,10.6,12.0,14,14,0.2142857142857142,0.7857142857142857,0.0,14,1.0,1.2,1.0,1.0,1496.8501627550197,1557.030430028252,-60.1802672732324,1508.2689397081626,1565.3862531160726,-57.11731340790993
E0,2021-09-11,Brentford,Brighton,A,5,4,3,4,1.0,0.3,1.0,0.3333333333333333,0.6,1.2,10.333333333333334,10.4,2.6666666666666665,3.6,12.0,12.0,14,14,0.5,0.5,0.0,0,0.3333333333333333,0.0,0.4,0.8,1514.1174761365255,1494.5552401432892,19.562235993236527,1508.4334558084402,1494.024019745349,14.409436063091109
E0,2021-09-11,Crystal Palace,Tottenham,H,4,8,4,8,0.3,0.4,1.0,2.0,2.0,1.8,10.0,10.6,3.8,4.2,13.2,18.2,14,13,0.0714285714285714,0.7142857142857143,0.2142857142857142,14,0.6,1.0,0.8,0.8,1483.1746568769563,1529.933016381469,-46.75835950451278,1483.112082149993,1541.81445021544,-58.70236806544699
E0,2021-09-11,Arsenal,Norwich,H,9,0,7,0,0.4,0.0,1.2,1.6,0.2,3.4,10.6,5.6,2.8,1.8,13.8,18.2,14,14,0.5,0.0,0.5,2,0.6,0.8,0.0,1.8,1513.7969363566867,1457.0476933126515,56.74924304403521,1508.9781749014942,1455.1925236688476,53.785651232646615
E0,2021-09-12,Leeds,Liverpool,A,7,13,9,13,0.5,0.8,1.6,1.6,2.6,0.8,12.8,19.8,4.0,6.4,15.8,12.8,14,15,0.0,0.5,0.5,2,1.4,1.2,1.4,0.4,1520.7328614179737,1559.042729486672,-38.30986806869828,1514.429719743403,1546.3824201474958,-31.952700404092862
E0,2021-09-13,Everton,Burnley,H,8,6,7,6,0.3,0.4,1.0,1.4,1.4,1.2,12.6,11.4,4.8,4.2,15.2,17.8,16,15,0.4285714285714285,0.5,0.0714285714285714,14,0.4,0.8,0.4,0.8,1488.138783728736,1503.676379382016,-15.537595653279825,1512.7713676829858,1486.9168243547476,25.85454332823815
E0,2021-09-17,Newcastle,Leeds,D,7,7,4,7,0.3,0.4,1.6,1.8,1.6,1.6,10.4,12.8,3.6,4.0,18.4,15.8,6,5,0.0,1.0,0.0,2,1.0,1.2,1.4,1.2,1484.858279382704,1508.126578068832,-23.26829868612799,1486.5334430310777,1510.0700006145985,-23.53655758352079
E0,2021-09-18,Aston Villa,Everton,H,6,8,8,8,0.3,0.5,1.6,2.2,1.0,1.4,16.2,12.6,4.4,4.8,14.8,15.2,7,5,0.5,0.1666666666666666,0.3333333333333333,6,0.6,1.0,0.4,0.8,1515.3379334817073,1537.4039516372354,-22.066018155528127,1506.541751960075,1517.6739702541363,-11.132218294061204
E0,2021-09-18,Norwich,Watford,A,0,0,0,0,0.2,0.0,0.2,2.8,0.6,2.4,6.0,11.8,1.6,3.0,21.6,14.4,7,7,0.0,1.0,0.0,2,0.0,1.6,0.4,0.2,1453.337354025044,1460.0781286230367,-6.740774597992868,1453.2641423402251,1477.6141819067282,-24.35003956650303
E0,2021-09-18,Man City,Southampton,D,9,1,9,1,0.7,0.1,1.8,1.4,0.8,2.4,17.2,13.4,5.0,5.0,11.6,12.8,7,7,0.8571428571428571,0.0714285714285714,0.0714285714285714,14,1.2,1.0,0.4,1.8,1573.7420762038928,1463.5253946710684,110.2166815328244,1568.8546679797146,1482.6197311131332,86.23493686658139
E0,2021-09-18,Liverpool,Crystal Palace,H,15,4,11,4,0.4,0.2,3.0,0.6,1.0,2.0,22.4,10.0,6.8,3.8,12.2,13.2,6,7,0.7857142857142857,0.2142857142857142,0.0,14,1.8,0.2,0.6,1.0,1533.7221108083197,1483.0495074230298,50.67260338528968,1550.7421392763003,1491.9265579752882,58.81558130101212
E0,2021-09-18,Burnley,Arsenal,A,6,9,1,9,0.0,0.5,1.4,1.2,1.2,1.6,11.6,10.6,4.8,2.8,17.2,13.8,5,7,0.0714285714285714,0.7857142857142857,0.1428571428571428,14,0.4,0.8,0.6,0.8,1470.1572693274793,1504.1594134463016,-34.00214411882234,1482.0142217835971,1510.9065562301166,-28.89233444651927
E0,2021-09-18,Wolves,Brentford,A,4,5,3,2,0.3,0.0,0.6,1.0,0.75,0.5,15.0,9.5,4.8,2.25,12.6,10.0,7,7,0.5,0.5,0.0,0,0.4,0.6,0.25,0.25,1491.233361055242,1502.7494354803548,-11.516074425112947,1494.4200971014388,1503.3961456448733,-8.976048543434445
E0,2021-09-19,Brighton,Leicester,H,6,7,10,7,0.4,0.4,0.8,1.2,1.4,1.8,9.0,11.2,3.6,3.8,12.0,10.6,8,8,0.0,0.8,0.2,10,0.6,0.8,1.0,1.2,1493.492799347409,1519.6877166613056,-26.194917313896667,1499.061329908916,1504.8005248445206,-5.739194935604701
E0,2021-09-19,West Ham,Man United,A,11,11,7,11,0.6,0.5,2.0,1.0,1.4,0.6,15.8,13.6,5.6,4.4,12.0,10.8,8,8,0.1428571428571428,0.5,0.3571428571428571,14,1.2,0.2,1.0,0.0,1528.2229804813642,1576.2441577669376,-48.02117728557346,1527.660145670127,1559.600500178386,-31.94035450825936
E0,2021-09-19,Tottenham,Chelsea,A,7,10,12,10,0.8,0.6,1.6,2.0,1.4,0.8,8.8,16.0,3.4,5.2,17.4,12.2,8,8,0.3571428571428571,0.5714285714285714,0.0714285714285714,14,0.8,1.2,0.6,0.2,1553.6958840494112,1533.0265749423838,20.6693091070274,1532.999974390145,1540.0329934491724,-7.0330190590273105
E0,2021-09-25,Watford,Newcastle,D,3,7,9,7,0.4,0.3,1.2,2.0,1.6,1.8,12.8,10.4,4.0,3.6,12.6,18.4,7,8,0.625,0.125,0.25,8,0.8,0.0,1.0,1.2,1495.1502351904196,1488.2086066794516,6.94162851096803,1482.2038268071592,1486.9726476161973,-4.768820809038061
E0,2021-09-25,Leicester,Burnley,D,6,6,6,6,0.5,0.4,1.4,2.0,1.4,1.2,9.4,11.6,2.6,4.8,12.0,17.2,6,7,0.5,0.2857142857142857,0.2142857142857142,14,1.0,1.2,0.4,0.8,1489.9133330277357,1493.8711742397152,-3.957841211979712,1500.1498590033875,1479.0150694593085,21.13478954407924
E0,2021-09-25,Brentford,Liverpool,D,8,15,3,15,0.5,0.8,1.0,0.4,3.0,0.6,9.4,22.4,2.4,6.8,10.2,12.2,7,7,0.5,0.5,0.0,0,0.2,0.2,1.8,0.2,1504.042855809392,1567.762167744281,-63.71931193488899,1511.333000485377,1553.4862543960644,-42.153253910687454
E0,2021-09-25,Everton,Norwich,H,5,0,9,0,0.4,0.0,0.8,2.0,0.2,2.8,13.0,6.0,4.4,1.6,16.0,21.6,7,7,0.5,0.5,0.0,2,0.4,1.4,0.0,1.6,1497.943988871037,1453.1909306554066,44.75305821563029,1510.217948422213,1448.6744974397943,61.54345098241879
E0,2021-09-25,Chelsea,Man City,A,10,9,12,9,0.6,0.8,1.8,0.8,1.8,1.4,16.6,17.2,6.0,5.0,12.0,11.6,6,7,0.3571428571428571,0.5,0.1428571428571428,14,1.2,0.2,1.2,1.0,1547.039411955961,1563.9672597555364,-16.927847799575375,1547.0896812893989,1565.259131420789,-18.169450131390025
E0,2021-09-25,Leeds,West Ham,A,8,11,8,11,0.4,0.4,1.8,1.4,2.0,1.0,15.0,15.8,5.4,5.6,15.8,12.0,8,6,0.0,1.0,0.0,2,1.4,1.0,1.2,0.2,1512.0134231603647,1527.0973108588892,-15.08388769852445,1509.630796029479,1523.9393233836713,-14.308527354192393
E0,2021-09-25,Man United,Aston Villa,A,13,6,7,6,0.6,0.3,1.8,0.8,1.6,2.2,13.8,16.2,5.6,4.4,12.2,14.8,6,7,0.6666666666666666,0.0,0.3333333333333333,6,1.2,0.0,0.6,1.0,1542.9568425898344,1497.7455704384429,45.21127215139154,1563.3213224648416,1513.997773791998,49.32354867284357
E0,2021-09-26,Arsenal,Tottenham,H,9,7,9,7,0.5,0.4,1.0,1.6,1.6,2.0,9.4,8.8,2.4,3.4,16.4,17.4,8,7,0.2857142857142857,0.4285714285714285,0.2857142857142857,14,0.4,0.8,0.8,1.2,1517.6536990139316,1512.304064730879,5.349634283052637,1513.9057085544057,1525.9432865499184,-12.037577995512947
E0,2021-09-26,Southampton,Wolves,A,2,4,8,4,0.3,0.3,0.6,2.0,0.6,1.0,13.4,15.0,4.4,4.8,14.0,12.6,8,8,0.1666666666666666,0.5,0.3333333333333333,6,0.4,1.4,0.4,0.6,1501.7140675551975,1497.6068331476356,4.107234407562146,1486.2152676720586,1486.4832422609352,-0.267974588876541
E0,2021-09-27,Crystal Palace,Brighton,D,1,6,7,6,0.3,0.3,0.6,2.6,0.8,1.2,8.4,9.0,2.6,3.6,16.8,12.0,9,8,0.4,0.2,0.4,10,0.4,1.4,0.6,0.8,1500.8036085275464,1504.629860470423,-3.826251942876525,1489.182442855524,1503.7119957500488,-14.52955289452484
E0,2021-10-02,Man United,Everton,D,13,5,7,5,0.6,0.4,1.8,0.8,0.8,2.0,13.8,13.0,5.6,4.4,12.2,16.0,7,7,0.5,0.1428571428571428,0.3571428571428571,14,1.2,0.0,0.4,1.4,1532.268072243023,1522.4919079733893,9.776164269633682,1557.9769372914357,1512.6215070727687,45.355430218666925
E0,2021-10-02,Burnley,Norwich,D,4,0,1,0,0.0,0.0,1.0,1.6,0.0,2.8,10.6,5.6,4.0,1.4,19.2,22.0,7,7,1.0,0.0,0.0,2,0.2,1.0,0.0,1.6,1464.1589646789014,1448.3838133542954,15.775151324605986,1479.2236209666762,1446.2709387892387,32.95268217743751
E0,2021-10-02,Chelsea,Southampton,H,10,2,9,2,0.5,0.1,1.8,0.8,0.6,2.0,16.6,13.4,6.0,4.4,12.0,14.0,7,6,0.5714285714285714,0.0714285714285714,0.3571428571428571,14,1.2,0.2,0.4,1.4,1537.0510201787022,1470.7164677889195,66.33455238978263,1542.0954854007696,1482.869576024084,59.22590937668565
E0,2021-10-02,Leeds,Watford,H,8,3,7,3,0.3,0.1,1.8,1.4,1.2,2.0,15.0,12.8,5.4,4.0,15.8,12.6,7,7,0.5,0.5,0.0,0,1.4,1.0,0.8,0.0,1505.2838366607552,1469.2574184238986,36.02641823685667,1506.2660027796742,1480.9908844917686,25.27511828790557
E0,2021-10-02,Wolves,Newcastle,H,6,7,3,7,0.3,0.3,0.6,0.8,1.6,1.8,12.0,13.0,3.4,4.0,14.2,17.0,6,7,0.1666666666666666,0.0,0.8333333333333334,6,0.6,0.4,0.8,1.4,1475.359651374235,1490.6344913102328,-15.27483993599776,1489.82893390891,1488.185589931588,1.6433439773222744
E0,2021-10-02,Brighton,Arsenal,D,7,9,10,9,0.5,0.6,1.0,1.2,1.0,1.6,7.2,9.4,3.6,2.4,12.2,16.4,5,6,0.4,0.4,0.2,10,0.8,0.8,0.4,0.8,1502.7941310296746,1510.1577180948796,-7.363587065204911,1503.302258766966,1518.9363249380658,-15.634066171099676
E0,2021-10-03,Crystal Palace,Leicester,D,1,6,8,6,0.3,0.4,0.6,2.6,1.4,2.0,8.4,9.4,2.6,2.6,16.8,12.0,6,8,0.5714285714285714,0.2857142857142857,0.1428571428571428,14,0.4,1.4,1.0,1.2,1501.6230824937118,1510.3863849790398,-8.76330248532804,1489.5921798386066,1499.9413074960198,-10.349127657413192
E0,2021-10-03,Tottenham,Aston Villa,H,6,6,9,6,0.7,0.4,1.4,2.2,1.4,2.0,8.4,15.0,3.6,4.0,16.2,17.2,7,8,0.6666666666666666,0.3333333333333333,0.0,6,0.8,1.0,0.6,1.0,1539.582508368958,1508.4343407852543,31.148167583703753,1520.9126701662583,1519.342158965404,1.5705112008545257
E0,2021-10-03,West Ham,Brentford,A,11,6,7,5,0.5,0.3333333333333333,2.0,1.0,1.2,1.0,15.4,10.2,6.2,2.6,13.4,9.0,8,8,0.5,0.5,0.0,0,1.6,0.2,0.4,0.6,1520.7813359084532,1518.6231451613617,2.1581907470915667,1527.304116633476,1513.4051056586004,13.899010974875637
E0,2021-10-03,Liverpool,Man City,D,13,9,13,9,0.5,0.8,2.8,0.8,1.6,1.4,22.2,16.2,6.4,5.2,11.0,10.8,8,8,0.3571428571428571,0.4285714285714285,0.2142857142857142,14,1.8,0.4,1.0,1.0,1539.2103410478478,1573.9556515327952,-34.74531048494737,1551.414149222841,1570.2533273094184,-18.839178086577476
E0,2021-10-16,Southampton,Leeds,H,2,8,5,8,0.3,0.4,0.8,2.2,1.8,1.4,12.2,15.0,3.6,5.4,15.2,15.8,14,14,0.0,1.0,0.0,2,0.6,1.6,1.4,1.0,1495.0226842592483,1507.2481688985931,-12.225484639344812,1479.9151944366383,1509.3977751559974,-29.48258071935902
E0,2021-10-16,Norwich,Brighton,D,1,7,0,7,0.1,0.3,0.0,2.6,1.0,1.2,7.2,7.2,1.8,3.6,20.4,12.2,14,14,0.0,1.0,0.0,2,0.0,1.6,0.8,0.8,1444.158064224182,1503.8103865042576,-59.65232228007562,1447.5270309260036,1503.0330064802215,-55.50597555421791
E0,2021-10-16,Brentford,Chelsea,A,9,10,4,10,0.3333333333333333,0.6,1.6,1.0,1.8,0.8,11.4,16.6,3.6,6.0,11.8,12.0,13,14,0.5,0.5,0.0,0,0.6,0.6,1.2,0.2,1508.187066155839,1547.139950622837,-38.95288446699806,1518.092132292934,1545.0498669882152,-26.957734695281033
E0,2021-10-16,Leicester,Man United,H,4,13,4,13,0.4,0.6,1.4,2.2,1.8,0.8,8.8,13.8,3.0,5.6,14.8,12.2,13,14,0.1428571428571428,0.6428571428571429,0.2142857142857142,14,0.8,1.6,1.2,0.0,1489.4962300129996,1583.6858023398486,-94.18957232684896,1499.3618687271169,1557.071921927446,-57.710053200329185
E0,2021-10-16,Watford,Liverpool,A,3,13,7,13,0.4,0.8,1.0,1.6,2.8,0.8,11.0,22.2,3.6,6.4,14.6,11.0,14,13,0.1,0.7,0.2,10,0.6,0.0,1.8,0.4,1492.7243505596384,1563.617957397834,-70.89360683819564,1477.8591121154454,1551.1283363820285,-73.26922426658302
E0,2021-10-16,Aston Villa,Wolves,A,6,6,11,6,0.4,0.3,1.2,1.8,0.6,0.8,14.0,12.0,3.6,3.4,16.0,14.2,13,14,0.25,0.5,0.25,4,0.8,0.8,0.6,0.4,1530.2499771455534,1504.298216443585,25.951760701968396,1515.5333323358386,1493.6949787817548,21.838353554083824
E0,2021-10-16,Man City,Burnley,H,7,4,10,4,0.6,0.3,1.2,1.2,1.0,1.6,15.6,10.6,4.6,4.0,9.8,19.2,13,14,0.7142857142857143,0.0714285714285714,0.2142857142857142,14,1.0,1.2,0.2,1.0,1566.5510030860416,1494.288277254451,72.26272583159061,1570.5391401502309,1477.967528829911,92.57161132031956
E0,2021-10-17,Everton,West Ham,A,5,11,12,11,0.5,0.5,1.0,2.2,2.0,1.0,12.4,15.4,3.8,6.2,16.0,13.4,15,14,0.5714285714285714,0.2857142857142857,0.1428571428571428,14,0.6,1.4,1.6,0.2,1502.7511061721482,1533.8268973584986,-31.075791186350443,1513.5265224367583,1522.617089999142,-9.09056756238374
E0,2021-10-17,Newcastle,Tottenham,A,4,6,5,6,0.2,0.4,1.0,1.8,1.4,2.2,11.8,8.4,3.2,3.6,13.4,16.2,15,14,0.1666666666666666,0.6666666666666666,0.1666666666666666,12,0.4,1.2,0.8,1.0,1485.736688552943,1502.2428319635587,-16.506143410615778,1484.3195450587432,1524.7214967958237,-40.40195173708048
E0,2021-10-18,Arsenal,Crystal Palace,D,7,1,12,1,0.5,0.2,0.8,1.6,0.6,2.6,10.0,8.4,2.4,2.6,16.8,16.8,16,15,0.5714285714285714,0.1428571428571428,0.2857142857142857,14,0.4,0.8,0.4,1.4,1527.7149317812518,1477.5612771835015,50.15365459775035,1519.2055772248104,1490.1716186075096,29.03395861730087
E0,2021-10-22,Arsenal,Aston Villa,H,7,6,10,6,0.5,0.3,0.8,1.6,1.2,1.8,10.0,14.0,2.4,3.6,16.8,16.0,4,6,0.5,0.5,0.0,6,0.4,0.8,0.8,0.8,1523.9051769171597,1500.8166875261238,23.088489391035637,1517.300699792764,1511.0119068045549,6.2887929882094795
E0,2021-10-23,Southampton,Burnley,D,2,1,5,1,0.4,0.3,0.8,2.2,0.6,2.0,12.2,9.2,3.6,3.4,15.2,18.0,7,7,0.2857142857142857,0.4285714285714285,0.2857142857142857,14,0.6,1.6,0.2,1.2,1506.1188707635074,1490.0911682368344,16.02770252667301,1485.463287688768,1475.868974321103,9.59431336766488
E0,2021-10-23,Brighton,Man City,A,8,7,10,7,0.5,0.7,0.8,0.8,1.2,1.2,8.4,15.6,3.6,4.6,12.0,9.8,7,7,0.1,0.9,0.0,10,0.8,0.4,1.0,1.2,1502.2556264561854,1574.52727721442,-72.27165075823473,1501.024449910774,1572.6376946590392,-71.61324474826529
E0,2021-10-23,Everton,Watford,A,5,3,12,3,0.4,0.1,1.0,2.2,1.0,1.6,12.4,11.0,3.8,3.6,16.0,14.6,6,7,0.5,0.4,0.1,10,0.6,1.4,0.6,0.0,1496.9160606123742,1462.9938736712522,33.922186941121936,1510.6089996568712,1474.556626026333,36.05237363053811
E0,2021-10-23,Crystal Palace,Newcastle,D,2,4,6,4,0.3,0.3,0.8,2.4,1.0,1.8,8.0,11.8,3.0,3.2,17.6,13.4,5,6,0.25,0.3333333333333333,0.4166666666666667,12,0.8,1.2,0.4,1.2,1502.7819600315174,1482.9024015645432,19.87955846697423,1492.0764960395556,1479.3799583891469,12.6965376504088
E0,2021-10-23,Chelsea,Norwich,H,10,1,12,1,0.6,0.0,1.6,0.6,0.0,2.6,15.2,7.2,5.2,1.8,12.2,20.4,7,7,1.0,0.0,0.0,2,0.8,0.2,0.0,1.6,1542.9597833535934,1450.8959976278254,92.06378572576796,1546.8725990287653,1449.5355874954514,97.3370115333139
E0,2021-10-23,Leeds,Wolves,D,5,9,7,9,0.4,0.4,1.0,1.6,1.2,0.8,12.4,10.8,4.2,3.6,16.4,12.2,7,7,0.0,1.0,0.0,2,0.8,1.2,1.2,0.6,1511.5473814134016,1513.3410675061527,-1.7936860927511589,1503.8496819038678,1498.2164043130388,5.633277590829039
E0,2021-10-24,Brentford,Leicester,A,8,4,4,4,0.25,0.3,1.0,0.6,1.4,2.2,12.4,8.8,4.2,3.0,9.6,14.8,8,8,0.5,0.5,0.0,0,0.2,0.2,0.8,1.6,1504.5416020747386,1509.227507441234,-4.68590536649549,1516.269400252384,1509.5505597937622,6.7188404586217985
E0,2021-10-24,Man United,Liverpool,A,10,13,8,13,0.5,0.8,1.6,1.4,3.4,0.6,13.8,20.8,5.4,6.8,14.4,10.2,8,8,0.2857142857142857,0.2142857142857142,0.5,14,0.8,0.6,2.2,0.4,1530.4580415150438,1570.2229295760585,-39.76488806101452,1546.8832308608007,1554.4308224711406,-7.54759161033985
E0,2021-10-24,West Ham,Tottenham,H,13,9,7,9,0.4,0.4,2.0,0.8,1.8,2.0,15.6,9.0,6.4,3.8,14.4,14.4,7,7,0.2142857142857142,0.5,0.2857142857142857,14,1.6,0.0,0.8,1.0,1511.4072826397855,1512.1220053027512,-0.7147226629656416,1525.534612779029,1529.6610834654198,-4.126470686390803
E0,2021-10-30,Leicester,Arsenal,A,7,7,7,7,0.5,0.5,1.6,2.0,0.8,1.6,9.4,10.0,3.6,2.4,14.4,16.8,6,8,0.3571428571428571,0.4285714285714285,0.2142857142857142,14,0.8,1.4,0.4,0.8,1509.8736121462905,1510.6962226683688,-0.8226105220785485,1514.7418445211997,1522.9326003321116,-8.190755810911924
E0,2021-10-30,Burnley,Brentford,H,2,8,2,8,0.0,0.5,1.0,2.2,1.2,0.8,9.0,12.0,3.8,3.8,18.8,10.6,7,6,0.5,0.5,0.0,0,0.4,1.4,0.4,0.4,1461.6467804053714,1527.9971984300294,-66.35041802465798,1477.2746280015242,1511.0781155249465,-33.80348752342229
E0,2021-10-30,Liverpool,Brighton,D,13,8,11,8,0.5,0.3,3.8,0.6,0.8,0.8,20.6,8.4,7.8,3.6,10.6,12.0,6,7,0.8,0.1,0.1,10,2.0,0.4,0.8,0.4,1538.6387153662229,1499.7932733653622,38.84544200086066,1559.332862420493,1496.708389020023,62.6244734004697
E0,2021-10-30,Tottenham,Man United,A,6,10,9,10,0.7,0.6,1.0,1.8,1.6,1.4,8.2,13.8,3.8,5.4,15.0,14.4,6,6,0.3571428571428571,0.5,0.1428571428571428,14,0.2,1.0,0.8,0.6,1547.2001616280886,1563.308420206558,-16.108258578469304,1527.1373629059362,1541.9811909114485,-14.843828005512025
E0,2021-10-30,Newcastle,Chelsea,A,2,10,5,10,0.2,0.7,0.8,2.0,1.6,0.6,11.0,15.2,2.8,5.2,13.6,12.2,7,7,0.3333333333333333,0.6666666666666666,0.0,12,0.4,1.4,0.8,0.2,1475.8575152137505,1550.7854147039372,-74.92789949018675,1479.032372620181,1549.6582358301223,-70.6258632099416
E0,2021-10-30,Watford,Southampton,A,6,2,4,2,0.4,0.1,1.6,1.4,0.8,2.2,11.2,12.2,4.0,3.6,15.0,15.2,7,7,0.2,0.3,0.5,10,1.2,0.2,0.6,1.6,1486.1193783814142,1464.8077046140284,21.311673767385855,1483.9020231023574,1484.057634008347,-0.155610905989306
E0,2021-10-30,Man City,Crystal Palace,A,10,2,13,2,0.6,0.1,1.6,0.8,0.8,2.4,18.6,8.0,6.6,3.0,8.0,17.6,7,7,0.6428571428571429,0.1428571428571428,0.2142857142857142,14,1.0,0.8,0.8,1.2,1570.7481121036585,1481.371032047594,89.37708005606441,1576.9537555497895,1492.4240818085216,84.52967374126797
E0,2021-10-31,Norwich,Leeds,A,1,5,1,5,0.1,0.4,0.0,3.0,1.0,1.6,6.8,12.4,1.2,4.2,18.8,16.4,8,8,0.5,0.5,0.0,0,0.0,1.8,0.8,1.2,1448.1751773630774,1496.151982394334,-47.97680503125662,1446.749950694094,1504.0567920431515,-57.30684134905778
E0,2021-10-31,Aston Villa,West Ham,A,3,13,10,13,0.4,0.6,1.0,2.2,2.0,0.8,12.0,15.6,3.6,6.4,18.4,14.4,9,7,0.1666666666666666,0.3333333333333333,0.5,6,1.0,1.0,1.6,0.0,1521.2071260829855,1539.6619429182726,-18.45481683528692,1505.3800062652072,1528.058333338513,-22.67832707330581
E0,2021-11-01,Wolves,Everton,H,10,5,3,5,0.3,0.3,1.4,0.8,1.0,2.2,10.6,12.4,3.8,3.8,13.0,16.0,9,9,0.3333333333333333,0.5,0.1666666666666666,6,1.2,0.6,0.6,1.4,1483.0917411199246,1524.3019387013685,-41.210197581443936,1498.0092941737548,1501.2636025808472,-3.254308407092367
E0,2021-11-05,Southampton,Aston Villa,H,5,3,6,3,0.4,0.3,1.0,1.6,1.0,2.2,11.2,12.0,2.8,3.6,14.4,18.4,6,5,0.6666666666666666,0.1666666666666666,0.1666666666666666,6,0.6,1.4,1.0,1.0,1503.3075634026648,1489.5528864474286,13.754676955236164,1488.0985378081682,1500.2018644727498,-12.103326664581571
E0,2021-11-06,Man United,Man City,A,10,10,7,10,0.4,0.7,1.8,1.2,1.6,0.8,14.0,18.6,5.4,6.6,13.4,8.0,7,7,0.4285714285714285,0.4285714285714285,0.1428571428571428,14,1.2,0.6,1.0,0.8,1520.6539616163388,1583.159398995921,-62.50543737958219,1549.2747204139073,1565.8111831611395,-16.536462747232235
E0,2021-11-06,Brighton,Newcastle,D,9,2,7,2,0.5,0.3,1.2,0.8,0.8,2.0,9.2,11.0,4.6,2.8,11.6,13.6,7,7,0.5,0.0,0.5,10,1.0,0.0,0.4,1.4,1493.6235046746845,1482.2072300266111,11.416274648073111,1499.7083170334374,1474.7297387956696,24.97857823776781
E0,2021-11-06,Brentford,Norwich,A,8,1,4,1,0.2,0.0,1.2,1.0,0.0,3.0,11.4,6.8,3.8,1.2,11.6,18.8,7,6,0.5,0.5,0.0,0,0.4,0.2,0.0,1.8,1494.1590326198636,1445.3247240251108,48.83430859475288,1501.7952019229365,1444.2482962918457,57.54690563109057
E0,2021-11-06,Crystal Palace,Wolves,H,5,10,7,10,0.3,0.4,1.2,2.0,1.4,0.8,8.6,10.6,2.8,3.8,16.6,13.0,7,5,0.3333333333333333,0.5,0.1666666666666666,6,1.0,1.0,1.2,0.6,1503.4771315694493,1512.926847227585,-9.4497156581358,1503.5666541971716,1501.6458219866822,1.9208322104893796
E0,2021-11-06,Chelsea,Burnley,D,13,2,12,2,0.6,0.2,2.0,0.2,1.0,2.2,14.4,9.0,5.0,3.8,12.2,18.8,7,7,0.6428571428571429,0.1428571428571428,0.2142857142857142,14,1.2,0.0,0.4,1.4,1548.531056956308,1492.902475597677,55.62858135863098,1553.960869654634,1486.5575416035344,67.4033280510996
E0,2021-11-07,West Ham,Liverpool,H,13,13,7,13,0.4,0.8,2.2,0.8,3.8,0.6,15.6,20.6,6.4,7.8,13.4,10.6,7,8,0.0714285714285714,0.7857142857142857,0.1428571428571428,14,1.6,0.0,2.0,0.4,1516.454723758753,1580.0270094747632,-63.57228571601013,1533.23647513097,1556.332934407079,-23.096459276108817
E0,2021-11-07,Arsenal,Watford,H,7,6,10,6,0.5,0.2,0.6,1.4,1.6,1.4,10.6,11.2,2.8,4.0,17.6,15.0,8,8,0.6,0.3,0.1,10,0.0,0.6,1.2,0.2,1535.168977995855,1481.6846678233003,53.48431017255416,1528.904901769209,1479.8611193025356,49.043782466673065
E0,2021-11-07,Everton,Tottenham,D,5,6,9,6,0.4,0.4,1.2,1.6,1.0,1.8,13.6,8.2,4.2,3.8,13.8,15.0,6,8,0.0714285714285714,0.6428571428571429,0.2857142857142857,14,0.8,0.8,0.2,1.0,1478.225266460326,1507.0745641837837,-28.849297723457767,1497.6270747679196,1519.8438334034772,-22.216758635557653
E0,2021-11-07,Leeds,Leicester,D,5,7,5,7,0.4,0.4,1.0,1.8,1.6,2.0,12.0,9.4,4.0,3.6,15.6,14.4,7,8,0.5,0.5,0.0,2,0.8,1.4,0.8,1.4,1511.9616016919692,1519.6100768961091,-7.648475204139913,1506.5584464454,1508.769543084103,-2.2110966387026565
E0,2021-11-20,Leicester,Chelsea,A,8,13,7,13,0.4,0.7,1.6,1.4,2.0,0.2,10.2,14.4,4.0,5.0,15.4,12.2,13,14,0.1428571428571428,0.5,0.3571428571428571,14,0.6,0.8,1.2,0.0,1497.9290092720962,1559.39068235296,-61.461673080863875,1508.6391327946176,1551.38508322834,-42.745950433722555
E0,2021-11-20,Aston Villa,Brighton,H,3,9,7,9,0.3,0.2,0.6,1.8,1.2,0.8,12.6,9.2,3.8,4.6,17.6,11.6,15,14,0.25,0.25,0.5,4,0.6,0.8,1.0,0.0,1510.850842498071,1505.7931293921904,5.057713105880566,1497.5289314467602,1499.4297510980082,-1.9008196512479572
E0,2021-11-20,Burnley,Crystal Palace,D,3,5,5,5,0.1,0.2,1.2,2.0,1.2,2.0,8.2,8.6,3.6,2.8,18.4,16.6,14,14,0.5,0.4285714285714285,0.0714285714285714,14,0.6,1.2,1.0,1.0,1480.212607609392,1503.656176824894,-23.443569215502063,1489.133328029828,1511.2069920871422,-22.07366405731409
E0,2021-11-20,Newcastle,Brentford,D,3,8,2,8,0.2,0.4,1.0,1.8,1.2,1.0,10.4,11.4,2.8,3.8,14.4,11.6,14,14,0.5,0.5,0.0,0,0.6,1.2,0.4,0.2,1467.2522475647277,1509.4313712260089,-42.17912366128121,1475.0083047310986,1495.5423541079858,-20.534049376887197
E0,2021-11-20,Watford,Man United,H,6,10,4,10,0.3,0.7,1.6,1.2,1.8,1.2,10.6,14.0,4.0,5.4,15.2,13.4,13,14,0.2,0.8,0.0,10,1.2,0.4,1.2,0.6,1478.037570781771,1577.8954792114755,-99.85790842970482,1476.436766138474,1545.1065596418707,-68.6697935033967
E0,2021-11-20,Wolves,West Ham,H,10,13,6,13,0.4,0.7,1.4,1.0,2.2,0.8,8.0,15.6,3.6,6.4,13.8,13.4,14,13,0.6666666666666666,0.3333333333333333,0.0,6,1.2,1.0,1.6,0.0,1490.3647967457796,1550.0182265031874,-59.65342975740782,1494.0054840967118,1538.3691786346194,-44.36369453790758
E0,2021-11-20,Liverpool,Arsenal,H,10,7,9,7,0.5,0.6,3.6,1.2,0.6,1.4,20.0,10.6,7.2,2.8,9.2,17.6,13,13,0.5714285714285714,0.1428571428571428,0.2857142857142857,14,1.8,0.8,0.0,0.6,1532.638859339395,1522.6408255425629,9.998033796831804,1551.20023090343,1532.3292549332705,18.870975970159407
E0,2021-11-20,Norwich,Southampton,H,4,5,1,5,0.0,0.1,0.4,2.2,1.0,1.6,8.4,11.2,2.2,2.8,19.4,14.4,14,15,0.0,1.0,0.0,2,0.0,1.4,0.6,1.4,1443.1718685585809,1472.889512213672,-29.717643655091024,1450.5011441067963,1490.7714708341578,-40.27032672736141
E0,2021-11-21,Man City,Everton,H,13,5,10,5,0.5,0.3,2.0,0.6,1.2,1.6,18.2,13.6,6.8,4.2,6.4,13.8,15,14,0.6428571428571429,0.0714285714285714,0.2857142857142857,14,1.0,0.6,0.8,0.8,1548.4629673263582,1517.0288830755137,31.43408425084476,1569.979343933176,1498.5827867700295,71.39655716314655
E0,2021-11-21,Tottenham,Leeds,H,4,5,9,5,0.6,0.5,0.8,1.8,1.0,1.8,8.2,12.0,2.6,4.0,12.4,15.6,14,14,0.5,0.5,0.0,2,0.2,1.0,0.8,1.4,1532.613102623171,1501.1552911988306,31.45781142434043,1518.8881214013672,1506.688856734885,12.19926466648235
E0,2021-11-27,Brighton,Leeds,D,6,5,5,5,0.4,0.4,0.8,1.0,1.0,1.2,7.6,13.6,3.4,4.8,10.6,15.0,7,6,1.0,0.0,0.0,2,0.6,0.4,0.6,1.0,1493.066372803826,1496.1299974475949,-3.0636246437688897,1492.6836302696674,1504.1762098592671,-11.4925795895997
E0,2021-11-27,Norwich,Wolves,D,4,10,4,10,0.1,0.4,0.4,2.2,1.4,1.0,8.4,8.0,2.2,3.6,19.4,13.8,7,7,0.0,1.0,0.0,2,0.0,1.4,1.2,1.0,1452.5344437344877,1497.6461714476438,-45.11172771315637,1455.1824316947495,1499.8550281915168,-44.672596496767255
E0,2021-11-27,Crystal Palace,Aston Villa,A,6,3,9,3,0.3,0.3,1.8,2.0,0.6,1.8,11.4,12.6,4.2,3.8,17.0,17.6,7,7,0.3333333333333333,0.5,0.1666666666666666,6,1.0,1.0,0.6,0.8,1518.7578073493903,1484.2070203954495,34.55078695394104,1510.6649647013132,1504.2750522751012,6.3899124262120495
E0,2021-11-27,Arsenal,Newcastle,H,7,3,13,3,0.6,0.3,0.6,1.8,1.0,1.8,7.2,10.4,2.6,2.8,19.8,14.4,7,7,0.8333333333333334,0.1666666666666666,0.0,12,0.0,1.0,0.6,1.2,1542.017684323978,1482.7643618974698,59.25332242650825,1528.449038404041,1476.7077285966095,51.74130980743121
E0,2021-11-27,Liverpool,Southampton,H,10,5,9,5,0.6,0.1,3.6,1.2,1.0,1.4,20.0,13.4,7.2,3.2,9.2,13.2,7,7,0.7857142857142857,0.0714285714285714,0.1428571428571428,14,1.8,0.8,0.6,1.0,1540.3992923978535,1463.5269370377653,76.87235536008848,1555.0804474326594,1486.0901832462046,68.99026418645485
E0,2021-11-28,Brentford,Everton,H,8,4,1,4,0.1666666666666666,0.3,1.8,1.6,0.8,1.8,10.6,11.0,4.0,2.8,14.8,13.8,8,7,0.5,0.5,0.0,0,0.6,0.4,0.6,1.0,1481.6533369899626,1509.253531012089,-27.600194022126516,1493.8429302424747,1494.6951107383177,-0.852180495842731
E0,2021-11-28,Leicester,Watford,H,8,6,4,6,0.4,0.2,1.6,1.4,1.6,1.2,10.2,10.6,4.0,4.0,15.4,15.2,8,8,0.5,0.4,0.1,10,0.6,0.8,1.2,0.4,1489.708336328733,1474.8359614951771,14.872374833555796,1504.5287963229362,1487.9315759613714,16.597220361564723
E0,2021-11-28,Man City,West Ham,H,13,10,10,10,0.6,0.6,2.0,0.6,1.4,0.6,18.2,15.6,6.8,5.2,6.4,13.0,7,8,0.8571428571428571,0.0714285714285714,0.0714285714285714,14,1.0,0.6,1.0,0.2,1556.2383193897826,1538.3191383135772,17.919181076205405,1573.8670199648882,1532.5196345398142,41.34738542507398
E0,2021-11-28,Chelsea,Man United,D,13,9,10,9,0.6,0.6,2.2,0.2,1.8,1.8,13.2,12.8,5.4,5.2,11.8,15.8,8,8,0.2857142857142857,0.3571428571428571,0.3571428571428571,14,1.4,0.0,1.2,1.0,1543.3794841037204,1554.9058595656802,-11.526375461959788,1555.495419700022,1533.6117498189733,21.88366988104872
E0,2021-11-30,Newcastle,Norwich,D,3,4,3,4,0.2,0.1,0.8,1.4,0.4,2.2,9.8,8.4,3.2,2.2,15.0,19.4,3,3,0.0,0.5,0.5,2,0.4,1.0,0.0,1.4,1470.6510952957494,1457.8304196550118,12.82067564073759,1472.5231530428234,1457.0909063178683,15.43224672495512
E0,2021-11-30,Leeds,Crystal Palace,H,5,6,5,6,0.3,0.2,0.8,1.0,1.8,2.0,13.4,11.4,5.2,4.2,16.6,17.0,3,3,0.5,0.5,0.0,2,0.4,0.8,1.0,1.0,1512.2224222709392,1502.5721220532355,9.650300217703489,1504.3898956784114,1505.6694939574827,-1.2795982790712517
E0,2021-12-01,Everton,Liverpool,A,1,10,7,10,0.4,0.7,0.4,2.0,3.6,1.2,11.0,20.0,2.8,7.2,12.2,9.2,3,4,0.0714285714285714,0.2857142857142857,0.6428571428571429,14,0.4,1.0,1.8,0.8,1480.1366904645458,1569.761602467465,-89.62491200291925,1491.0269935588044,1557.367067130334,-66.34007357152973
E0,2021-12-01,Aston Villa,Man City,A,6,13,7,13,0.4,0.7,1.0,1.4,2.0,0.6,11.0,18.2,3.2,6.8,16.8,6.4,4,3,0.0,1.0,0.0,6,0.8,0.6,1.0,0.6,1524.343084154753,1591.4957205399935,-67.15263638524107,1509.2705230189315,1576.520129207871,-67.24960618893942
E0,2021-12-01,Watford,Chelsea,A,6,13,4,13,0.4,0.8,2.0,1.8,2.2,0.2,12.0,13.2,4.6,5.4,15.8,11.8,3,3,0.2,0.8,0.0,10,1.4,0.6,1.4,0.0,1501.027190427566,1567.6113552963234,-66.5841648687574,1482.9860320971925,1555.2872403779866,-72.30120828079407
E0,2021-12-01,West Ham,Brighton,D,9,6,7,6,0.5,0.2,1.6,1.0,0.8,1.0,14.0,7.6,5.2,3.4,14.6,10.6,3,4,0.0,0.5,0.5,10,1.2,0.4,0.6,0.4,1526.7201307660512,1492.3008877355087,34.419243030542475,1529.8665252968317,1492.4699444505231,37.39658084630855
E0,2021-12-01,Southampton,Leicester,D,4,8,8,8,0.4,0.3,0.6,1.8,1.6,1.4,10.4,10.2,2.6,4.0,15.2,15.4,4,3,0.2857142857142857,0.4285714285714285,0.2857142857142857,14,0.2,0.8,0.6,0.8,1508.653429454644,1519.3492563171392,-10.695826862495323,1483.8035635485298,1509.474340187115,-25.670776638585263
E0,2021-12-01,Wolves,Burnley,D,8,3,9,3,0.5,0.2,1.0,1.0,1.2,2.0,6.2,8.2,3.0,3.6,15.4,18.4,4,11,0.1666666666666666,0.5,0.3333333333333333,6,0.8,1.0,0.6,1.2,1502.0638849353898,1498.0540484502646,4.009836485125106,1497.946553568398,1489.6753554156574,8.27119815274068
E0,2021-12-02,Tottenham,Brentford,H,4,8,9,8,0.7,0.3333333333333333,0.8,1.8,1.8,1.6,8.2,10.6,2.6,4.0,12.4,14.8,11,4,0.5,0.5,0.0,0,0.2,1.0,0.6,0.4,1537.6383963744067,1506.0325234949871,31.60587287941962,1521.4007682769852,1497.5110474219878,23.88972085499745
E0,2021-12-02,Man United,Arsenal,H,7,7,4,7,0.3,0.6,1.8,2.0,0.6,1.8,11.4,7.2,5.0,2.6,17.6,19.8,4,5,0.3571428571428571,0.2857142857142857,0.3571428571428571,14,1.2,1.2,0.0,1.0,1512.3176400722662,1514.8803924841038,-2.562752411837664,1533.8199291410083,1532.633613957827,1.1863151831814776
E0,2021-12-04,Wolves,Liverpool,A,8,10,10,10,0.4,0.8,1.0,1.0,3.8,1.4,6.2,17.2,3.0,6.8,15.4,9.0,3,3,0.0,1.0,0.0,6,0.8,1.0,1.8,0.8,1501.125622890098,1575.054116939856,-73.928494049758,1497.4774225457522,1560.0133243665296,-62.535901820777326
E0,2021-12-04,Watford,Man City,A,6,13,4,13,0.4,0.7,2.0,1.8,2.2,0.8,12.0,16.6,4.6,6.6,15.8,7.0,3,3,0.0,1.0,0.0,10,1.4,0.6,0.8,0.8,1497.9097851580989,1594.3620908946175,-96.45230573651908,1481.427329462459,1577.9533143851827,-96.52598492272364
E0,2021-12-04,West Ham,Chelsea,H,9,15,7,15,0.4,0.8,1.6,1.0,2.4,0.2,14.0,13.6,5.2,5.6,14.6,9.6,3,3,0.2857142857142857,0.5,0.2142857142857142,14,1.2,0.4,1.6,0.0,1524.5740050072775,1570.7287605657907,-46.15475555851299,1528.793462417445,1556.8459430127202,-28.052480595275256
E0,2021-12-04,Newcastle,Burnley,H,3,4,3,4,0.1,0.2,0.8,1.4,1.0,1.4,9.8,7.2,3.2,2.6,15.0,18.8,4,3,0.3333333333333333,0.25,0.4166666666666667,12,0.4,1.0,0.4,0.6,1466.6304507923835,1498.9923104955565,-32.36185970317297,1470.5128307911405,1490.1444864383034,-19.631655647162916
E0,2021-12-04,Southampton,Brighton,D,4,4,8,4,0.4,0.2,0.6,1.8,0.8,1.2,10.4,8.6,2.6,3.6,15.2,12.0,3,3,0.3,0.1,0.6,10,0.2,0.8,0.6,0.4,1509.123666252721,1494.447013494282,14.676652758438877,1484.0386819475684,1493.54300732991,-9.504325382341449
E0,2021-12-05,Tottenham,Norwich,H,4,5,9,5,0.7,0.1,0.8,1.8,0.6,2.2,8.2,9.6,2.6,3.2,12.4,15.2,3,5,0.5,0.0,0.5,2,0.2,1.0,0.2,1.4,1548.5915836631518,1461.8510641583778,86.74051950477406,1526.8773619213578,1459.1012285695513,67.7761333518065
E0,2021-12-05,Leeds,Brentford,D,5,7,8,7,0.4,0.2857142857142857,0.8,1.0,1.6,1.8,13.4,10.0,5.2,4.0,16.6,15.6,5,3,0.5,0.5,0.0,0,0.4,0.8,0.6,0.6,1519.5425729864437,1495.079336206242,24.46323678020167,1508.0499710361637,1492.0344537776157,16.015517258548243
E0,2021-12-05,Man United,Crystal Palace,H,7,5,4,5,0.3,0.2,1.8,2.0,1.4,1.8,11.4,11.4,5.0,4.0,17.6,17.2,3,5,0.7142857142857143,0.1428571428571428,0.1428571428571428,14,1.2,1.2,0.6,1.0,1518.272273534663,1495.2519713377312,23.020302196932107,1536.797245872207,1502.0094185997305,34.787827272476534
E0,2021-12-05,Aston Villa,Leicester,H,6,6,6,6,0.4,0.3,1.0,1.4,1.6,1.6,11.0,11.4,3.2,4.6,16.8,15.6,4,4,0.3333333333333333,0.6666666666666666,0.0,6,0.8,0.6,0.6,0.8,1521.476713800129,1518.879019519062,2.5976942810666515,1507.8373378416195,1509.2392217880763,-1.4018839464570192
E0,2021-12-06,Everton,Arsenal,H,1,7,4,7,0.4,0.5,0.4,2.0,1.0,1.4,11.0,10.4,2.8,4.2,12.2,17.6,5,4,0.2857142857142857,0.5714285714285714,0.1428571428571428,14,0.4,1.0,0.2,1.0,1474.844175992155,1508.9257590217069,-34.081583029551666,1488.380736322609,1529.6562972266286,-41.275560904019585
E0,2021-12-10,Brentford,Watford,H,5,6,4,6,0.2857142857142857,0.2,1.6,2.2,2.0,1.8,10.0,12.0,4.0,4.6,16.0,15.8,5,6,0.5,0.5,0.0,0,1.0,0.8,1.4,0.6,1488.9895713489886,1464.9448737668192,24.04469758216942,1492.5751741720378,1479.2575190633845,13.317655108653526
E0,2021-12-11,Man City,Wolves,H,13,8,10,8,0.6,0.3,2.6,1.0,1.0,1.0,18.8,6.2,8.4,3.0,8.2,15.4,7,7,0.5,0.3333333333333333,0.1666666666666666,6,0.8,1.0,0.8,1.0,1561.544537875748,1493.8292222014063,67.71531567434135,1580.1231247842577,1495.5861292211512,84.5369955631063
E0,2021-12-11,Arsenal,Southampton,H,4,4,13,4,0.7,0.1,1.0,1.8,0.6,1.8,9.8,10.4,4.2,2.6,16.2,15.2,5,7,0.5714285714285714,0.1428571428571428,0.2857142857142857,14,0.2,1.4,0.2,0.8,1550.3868354315505,1458.9536976424158,91.43313778913466,1525.3412901284005,1483.5204654489426,41.82082467945793
E0,2021-12-11,Chelsea,Leeds,H,12,5,8,5,0.6,0.3,2.2,0.8,0.8,1.0,13.4,13.4,5.0,5.2,10.2,16.6,7,6,0.5,0.0,0.5,2,1.0,0.4,0.4,0.8,1542.9631254596495,1496.5573690858837,46.40575637376628,1551.860261976116,1507.5092506417411,44.35101133437456
E0,2021-12-11,Liverpool,Aston Villa,H,12,6,11,6,0.6,0.4,3.4,0.8,1.0,1.4,17.4,11.0,6.6,3.2,7.2,16.8,7,6,0.6666666666666666,0.3333333333333333,0.0,6,1.6,0.4,0.8,0.6,1544.9725317932032,1494.1979618831103,50.77456991009285,1561.9046176911306,1511.1913504735571,50.7132672175735
E0,2021-12-11,Norwich,Man United,A,5,7,5,7,0.1,0.5,0.6,2.4,1.8,2.0,9.6,11.4,3.0,5.0,16.4,17.6,6,6,0.0,1.0,0.0,2,0.2,1.6,1.2,1.2,1456.3513929807248,1555.3222182097509,-98.9708252290261,1454.657314314186,1539.854311052907,-85.19699673872083
E0,2021-12-12,Leicester,Newcastle,H,6,3,7,3,0.4,0.2,1.6,1.6,0.8,1.4,11.0,9.8,5.0,3.2,15.8,15.0,7,8,0.5833333333333334,0.4166666666666667,0.0,12,0.4,0.8,0.4,1.0,1499.5994240570908,1474.3952107898974,25.20421326719338,1505.885209156139,1474.8343287336204,31.050880422518276
E0,2021-12-12,Crystal Palace,Everton,H,5,1,6,1,0.3,0.2,1.4,1.4,0.4,2.0,10.4,11.0,4.0,2.8,15.4,12.2,7,6,0.0714285714285714,0.5,0.4285714285714285,14,0.6,0.8,0.4,1.0,1508.7668658617297,1501.917296653063,6.849569208666708,1498.9523534190307,1492.695743420837,6.256609998193653
E0,2021-12-12,Burnley,West Ham,D,3,9,6,9,0.1,0.6,0.6,1.2,1.6,1.0,7.4,14.0,2.2,5.2,18.2,14.6,8,8,0.3571428571428571,0.5,0.1428571428571428,14,0.4,0.4,1.2,0.4,1481.29666238105,1533.012919827612,-51.71625744656194,1485.8229884958232,1533.7791434540493,-47.95615495822608
E0,2021-12-14,Norwich,Aston Villa,A,5,3,5,3,0.1,0.3,0.6,2.4,0.8,1.6,9.6,10.4,3.0,2.6,16.4,15.2,3,3,0.0,1.0,0.0,2,0.2,1.6,0.6,0.8,1452.635177350629,1490.0976267235392,-37.462449372910214,1452.799206499138,1509.1411828937717,-56.34197639463355
E0,2021-12-14,Man City,Leeds,H,13,4,12,4,0.7,0.3,2.6,1.0,1.0,1.4,18.8,11.4,8.4,4.4,8.2,16.4,3,3,0.0,0.5,0.5,2,0.8,1.0,0.6,1.2,1564.467119477386,1493.3571900689192,71.10992940846677,1581.5844155850766,1505.9091611332592,75.67525445181741
E0,2021-12-15,Brighton,Wolves,A,4,5,6,5,0.4,0.3,0.8,1.2,0.8,1.2,9.8,5.6,3.6,2.6,13.2,16.6,11,4,0.1666666666666666,0.1666666666666666,0.6666666666666666,6,0.6,0.4,0.6,1.2,1492.6390011655374,1490.9066405997685,1.732360565768886,1494.0612238285355,1494.1248384203325,-0.0636145917965222
E0,2021-12-15,Crystal Palace,Southampton,D,5,3,8,3,0.4,0.1,1.4,1.4,0.6,2.4,10.4,10.6,4.0,3.4,15.4,14.6,3,4,0.2857142857142857,0.5714285714285714,0.1428571428571428,14,0.6,0.8,0.2,1.0,1518.5993288140298,1453.415900310495,65.18342850353474,1503.868584895181,1480.751566782982,23.117018112198593
E0,2021-12-15,Arsenal,West Ham,H,4,7,13,7,0.8,0.5,1.0,1.8,1.2,0.8,9.8,13.2,4.2,4.4,16.2,13.4,4,3,0.7142857142857143,0.0714285714285714,0.2142857142857142,14,0.2,1.4,0.8,0.4,1555.9246327634712,1530.292560812963,25.632071950508134,1528.110188794361,1532.418963946725,-4.308775152363978
E0,2021-12-16,Chelsea,Everton,D,12,1,11,1,0.6,0.1,2.2,0.8,0.6,2.0,13.4,11.2,5.0,3.8,10.2,12.6,5,4,0.5714285714285714,0.2142857142857142,0.2142857142857142,14,1.0,0.4,0.6,0.8,1546.163304476614,1492.0848337007628,54.0784707758512,1553.460351484598,1487.7795119446869,65.68083953991118
E0,2021-12-16,Liverpool,Newcastle,H,12,2,11,2,0.7,0.2,3.4,0.8,0.6,2.0,17.4,8.2,6.6,2.6,7.2,13.6,5,4,0.5833333333333334,0.0833333333333333,0.3333333333333333,12,1.6,0.4,0.4,1.4,1549.0728669527743,1463.4027413611802,85.67012559159411,1563.954785270916,1469.338094019262,94.61669125165416
E0,2021-12-18,Leeds,Arsenal,A,4,4,9,4,0.4,0.4,1.0,2.6,1.0,1.8,12.0,9.8,5.0,4.2,18.8,16.2,4,3,0.0,0.5,0.5,2,0.6,1.8,0.2,1.4,1518.461132197599,1500.2957448252505,18.165387372348505,1503.0017186745608,1535.0306070485162,-32.0288883739554
E0,2021-12-19,Newcastle,Man City,A,2,13,5,13,0.2,0.7,0.6,2.2,2.6,1.0,7.4,18.8,2.6,8.4,16.8,8.2,3,5,0.0833333333333333,0.8333333333333334,0.0833333333333333,12,0.4,1.4,0.8,1.0,1475.2734466773434,1598.7017116927673,-123.4282650154239,1467.8788519783095,1584.4918580437748,-116.61300606546502
E0,2021-12-19,Wolves,Chelsea,D,5,12,10,12,0.4,0.7,0.4,0.8,2.2,0.8,5.4,13.4,2.8,5.0,16.2,10.2,4,3,0.3333333333333333,0.3333333333333333,0.3333333333333333,6,0.0,0.8,1.0,0.4,1497.3430362408958,1560.7573984925818,-63.41436225168604,1499.4135396021532,1551.6377837461032,-52.224244143950045
E0,2021-12-19,Tottenham,Liverpool,D,4,12,12,12,0.7,0.8,0.8,1.8,3.4,0.8,8.2,17.4,2.6,6.6,12.4,7.2,14,3,0.1428571428571428,0.6428571428571429,0.2142857142857142,14,0.2,1.0,1.6,0.4,1557.479412173882,1578.836703589058,-21.35729141517595,1531.321276176723,1565.4140273118685,-34.09275113514536
E0,2021-12-26,Man City,Leicester,H,15,6,12,6,0.8,0.3,3.0,0.6,1.6,1.6,20.0,11.0,9.2,5.0,8.0,15.8,7,14,0.8,0.2,0.0,15,0.8,0.6,0.4,0.8,1570.2820043947825,1512.1709942551863,58.11101013959592,1586.2108576959745,1511.3814438704972,74.82941382547733
E0,2021-12-26,Norwich,Arsenal,A,5,6,4,6,0.1,0.4,0.6,2.4,1.8,2.0,9.6,12.4,3.0,6.2,16.4,13.8,12,8,0.0,0.6666666666666666,0.3333333333333333,3,0.2,1.6,0.4,1.6,1441.7033537376758,1518.9267356130565,-77.22338187538071,1447.3332946926616,1544.3461024424191,-97.01280774975748
E0,2021-12-26,Tottenham,Crystal Palace,H,4,5,10,5,0.6,0.1,0.8,1.8,1.4,1.4,8.2,10.4,2.6,4.0,12.4,15.4,7,11,0.6666666666666666,0.1333333333333333,0.2,15,0.2,1.0,0.6,0.8,1561.1444002175772,1489.1378409763315,72.00655924124567,1533.1537701985703,1502.3462169007737,30.807553297796854
E0,2021-12-26,West Ham,Southampton,A,4,4,10,4,0.5,0.1,1.0,1.2,0.8,2.2,11.4,12.4,3.8,3.8,14.6,12.4,11,11,0.5333333333333333,0.2666666666666666,0.2,15,0.6,0.8,0.0,0.8,1534.5453670804866,1456.4606362993093,78.08473078117731,1525.4985456925697,1482.2739347773893,43.224610915180165
E0,2021-12-26,Aston Villa,Chelsea,A,6,10,6,10,0.5,0.6,1.0,1.2,2.0,0.8,11.0,14.0,3.2,5.0,13.2,7.6,12,7,0.1428571428571428,0.7142857142857143,0.1428571428571428,7,0.6,0.6,1.0,0.4,1528.184739064004,1555.7047821614583,-27.52004309745439,1514.607094700248,1549.1114755805415,-34.50438088029341
E0,2021-12-26,Brighton,Brentford,H,4,5,3,5,0.3,0.25,0.8,1.2,1.6,2.2,9.8,10.0,3.6,4.0,13.2,16.0,11,16,1.0,0.0,0.0,1,0.6,0.4,1.0,0.8,1482.0615988018951,1496.1607769950867,-14.099178193191392,1488.7725226467146,1496.280108744248,-7.507586097533476
E0,2021-12-27,Newcastle,Man United,D,2,7,5,7,0.2,0.6,0.6,2.2,1.6,1.8,7.4,10.6,2.6,4.0,16.8,17.2,8,16,0.2307692307692307,0.7692307692307693,0.0,13,0.4,1.4,1.2,1.2,1471.835447372944,1559.038433839847,-87.20298646690276,1466.15985232611,1541.712418867955,-75.55256654184495
E0,2021-12-28,Crystal Palace,Norwich,H,4,5,8,5,0.3,0.1,1.0,1.6,0.6,2.4,9.4,9.6,2.8,3.0,15.4,16.4,2,2,0.5,0.0,0.5,2,0.2,0.8,0.2,1.6,1515.5545928252157,1452.9632356476477,62.59135717756817,1496.7340071191788,1442.2128393459786,54.521167773200204
E0,2021-12-28,Southampton,Tottenham,D,4,4,9,4,0.3,0.3,1.2,2.6,0.8,1.8,12.2,8.2,4.8,2.6,12.6,12.4,2,2,0.1428571428571428,0.6428571428571429,0.2142857142857142,14,0.4,1.2,0.2,1.0,1508.0872332554693,1505.1631401795637,2.9240930759056027,1487.843720514836,1538.7659799801652,-50.922259465329034
E0,2021-12-28,Watford,West Ham,A,3,4,3,4,0.3,0.5,1.6,2.0,1.0,1.2,10.8,11.4,3.4,3.8,16.2,14.6,18,2,0.4,0.5,0.1,10,1.0,1.0,0.6,0.8,1493.570164359949,1516.4517243046523,-22.881559944703213,1475.5525844911735,1519.9287599551226,-44.37617546394904
E0,2021-12-28,Leicester,Liverpool,H,5,10,9,10,0.4,0.7,1.8,2.4,2.8,1.2,12.0,17.2,5.6,6.2,15.6,8.0,2,9,0.1428571428571428,0.7142857142857143,0.1428571428571428,14,1.0,0.8,1.2,0.6,1510.591893485808,1575.171715545363,-64.579822059555,1510.2994761811142,1563.5815332900206,-53.28205710890643
E0,2021-12-29,Chelsea,Brighton,D,10,4,9,4,0.6,0.2,2.0,1.0,0.8,1.2,12.2,9.8,4.6,3.6,8.0,13.2,3,3,0.8,0.0,0.2,10,0.8,0.4,0.6,0.4,1542.5181689996243,1495.483446491534,47.034722508090454,1553.9262911023498,1493.8640019654122,60.06228913693758
E0,2021-12-29,Brentford,Man City,A,2,15,6,15,0.375,0.7,1.2,2.4,3.0,0.6,10.6,20.0,4.0,9.2,15.4,8.0,3,3,0.5,0.5,0.0,0,0.8,0.6,0.8,0.6,1496.3994404934097,1602.1397109971667,-105.74027050375707,1491.1886294255503,1587.292825385358,-96.10419595980738
E0,2021-12-30,Man United,Burnley,H,8,3,7,3,0.4,0.1,1.4,1.2,0.6,1.2,9.6,7.4,3.6,2.2,15.4,18.2,3,18,0.5714285714285714,0.0714285714285714,0.3571428571428571,14,1.2,0.6,0.4,0.4,1524.386403896063,1490.3493146105966,34.037089285466436,1539.2941467663338,1487.1831680031478,52.11097876318604
E0,2022-01-01,Watford,Tottenham,A,3,5,3,5,0.2,0.3,1.6,2.0,1.0,1.4,10.8,12.0,3.4,4.6,16.2,10.6,4,4,0.0909090909090909,0.5454545454545454,0.3636363636363636,11,1.0,1.0,0.2,0.4,1481.4952498918428,1508.3926264520585,-26.897376560215665,1469.5151272571206,1540.3807231164126,-70.86559585929194
E0,2022-01-01,Arsenal,Man City,A,6,15,15,15,0.8,0.8,2.4,2.0,2.4,0.4,13.8,17.8,6.4,7.0,11.4,7.2,6,3,0.0666666666666666,0.8,0.1333333333333333,15,1.0,1.6,0.6,0.4,1569.765469271782,1603.0865056026662,-33.321036330884226,1549.4665577891024,1587.7662226881075,-38.299664899005165
E0,2022-01-01,Crystal Palace,West Ham,A,4,4,10,4,0.4,0.5,1.0,1.6,1.0,1.2,9.4,9.8,2.8,3.2,15.4,15.6,4,4,0.2,0.3333333333333333,0.4666666666666667,15,0.2,0.8,0.6,0.8,1524.2665307748084,1528.5266387727586,-4.260107997950172,1501.089976093975,1525.9662171891755,-24.876241095200612
E0,2022-01-02,Brentford,Aston Villa,H,2,6,6,6,0.3333333333333333,0.4,1.2,2.4,1.0,1.2,10.6,11.0,4.0,3.2,15.4,13.2,4,7,0.0,0.0,1.0,1,0.8,0.6,0.6,0.6,1495.4526458879102,1501.0294503364923,-5.576804448582152,1490.715232122801,1509.79227917844,-19.077047055639017
E0,2022-01-02,Everton,Brighton,A,1,4,4,4,0.5,0.2,0.6,2.0,1.0,1.4,9.8,11.2,4.0,4.2,14.6,12.4,17,4,0.5454545454545454,0.1818181818181818,0.2727272727272727,11,0.6,1.0,0.8,0.4,1483.4741901886111,1500.3197631405892,-16.845572951978056,1489.6020796831815,1496.2821602899398,-6.680080606758111
E0,2022-01-02,Leeds,Burnley,H,4,3,6,3,0.3,0.0,1.0,2.6,0.8,1.4,12.0,8.0,5.0,2.4,18.8,18.8,15,3,0.6666666666666666,0.0,0.3333333333333333,3,0.6,1.8,0.4,0.2,1499.830141409793,1483.309470937508,16.52067047228502,1493.686223280658,1483.6632461666036,10.022977114054356
E0,2022-01-02,Chelsea,Liverpool,D,10,7,7,7,0.5,0.6,2.0,1.0,1.8,1.4,12.2,17.6,4.6,5.4,8.0,6.8,4,5,0.2666666666666666,0.3333333333333333,0.4,15,0.8,0.4,1.0,0.8,1537.681852350569,1564.4357234420656,-26.75387109149665,1551.508132777822,1558.2135372383718,-6.705404460549744
E0,2022-01-03,Man United,Wolves,A,8,5,9,5,0.5,0.4,1.4,1.2,0.4,0.8,9.6,5.4,3.6,2.8,15.4,16.2,4,15,0.4285714285714285,0.1428571428571428,0.4285714285714285,7,1.2,0.6,0.0,0.8,1531.4262475691517,1501.4840429634105,29.942204605741154,1542.8140686028785,1501.9398477677148,40.87422083516344
E0,2022-01-11,Southampton,Brentford,H,4,2,7,2,0.2,0.2222222222222222,1.2,2.6,1.2,2.4,12.2,10.6,4.8,4.0,12.6,15.4,14,9,0.5,0.5,0.0,0,0.4,1.2,0.8,0.6,1504.8577469829745,1485.9778183576914,18.879928625283128,1486.2289773785888,1494.6112372453194,-8.382259866730692
E0,2022-01-12,West Ham,Norwich,H,7,4,10,4,0.5,0.1,1.6,1.4,0.6,3.0,10.2,10.0,3.6,3.2,17.0,17.4,11,15,1.0,0.0,0.0,2,0.6,1.0,0.2,1.6,1523.4057956055929,1444.2512976980547,79.15449790753814,1529.8405083850805,1437.856870371182,91.98363801389814
E0,2022-01-14,Brighton,Crystal Palace,D,6,4,5,4,0.4,0.1,1.2,1.4,1.0,1.6,11.8,9.4,4.0,2.8,13.0,15.4,12,13,0.1818181818181818,0.3636363636363636,0.4545454545454545,11,0.8,0.8,0.2,0.8,1492.2445574392907,1477.913421413142,14.33113602614867,1499.354158824136,1497.2156848980708,2.138473926065217
E0,2022-01-15,Man City,Chelsea,H,15,10,15,10,0.8,0.7,2.4,0.6,2.0,1.0,17.6,12.2,6.4,4.6,7.6,8.0,14,13,0.5333333333333333,0.3333333333333333,0.1333333333333333,15,1.0,0.4,0.8,0.4,1572.4459397735488,1565.3344132050754,7.111526568473437,1589.8457956535642,1552.0999880000145,37.74580765354972
E0,2022-01-15,Newcastle,Watford,D,2,3,6,3,0.1,0.2,0.6,2.2,1.6,2.0,7.4,10.8,2.6,3.4,16.8,16.2,19,14,0.1111111111111111,0.5555555555555556,0.3333333333333333,9,0.4,1.4,1.0,1.0,1476.671991576186,1457.5350046223982,19.136986953787755,1468.5781244277312,1466.234351874793,2.3437725529381623
E0,2022-01-15,Norwich,Everton,H,4,1,4,1,0.1,0.1,0.6,2.0,0.6,2.0,10.8,9.8,3.6,4.0,15.4,14.6,3,13,0.3333333333333333,0.6666666666666666,0.0,3,0.2,1.0,0.6,1.0,1431.4624430443098,1495.7299691777523,-64.26752613344274,1435.0991573574229,1486.530081148986,-51.43092379156337
E0,2022-01-15,Wolves,Southampton,H,7,4,8,4,0.3,0.2,0.4,0.6,1.2,2.6,7.6,12.2,3.2,4.8,14.4,12.6,12,4,0.5714285714285714,0.1428571428571428,0.2857142857142857,7,0.2,0.6,0.4,1.2,1502.3956525720191,1467.600207774203,34.79544479781612,1507.9340868291838,1491.033006911573,16.901079917610787
E0,2022-01-15,Aston Villa,Man United,D,6,8,6,8,0.5,0.5,1.0,1.0,1.4,1.2,12.2,9.6,3.4,3.6,10.8,15.4,13,12,0.1428571428571428,0.5714285714285714,0.2857142857142857,7,0.4,0.6,1.2,0.6,1518.5551080203873,1554.2018896366046,-35.64678161621737,1505.8962740559211,1536.819829541409,-30.923555485487896
E0,2022-01-16,Liverpool,Brentford,H,8,2,13,2,0.7,0.2,1.8,1.2,1.2,2.6,16.4,9.2,5.6,3.8,8.4,14.8,14,5,0.0,0.0,1.0,1,0.8,0.4,0.6,1.0,1551.9913510346782,1476.3697592917226,75.62159174295562,1557.62168201618,1489.8072077123352,67.81447430384469
E0,2022-01-16,West Ham,Leeds,A,7,4,10,4,0.5,0.2,1.6,1.4,1.0,2.6,10.2,12.0,3.6,5.0,17.0,18.8,4,14,1.0,0.0,0.0,3,0.6,1.0,0.6,1.8,1528.921221633112,1487.542305151523,41.378916481589386,1532.5982213988398,1498.7329609743745,33.865260424465305
E0,2022-01-18,Brighton,Chelsea,D,6,7,6,7,0.3,0.6,1.2,1.4,1.4,1.2,11.8,9.8,4.0,3.4,13.0,9.4,4,3,0.0,0.7272727272727273,0.2727272727272727,11,0.8,0.8,0.6,0.6,1491.3007895192184,1558.7595929437166,-67.45880342449823,1498.8822748640996,1548.812577869335,-49.93030300523537
E0,2022-01-19,Brentford,Man United,A,1,6,9,6,0.4,0.4,0.6,2.6,1.2,1.6,8.4,10.2,3.2,4.0,15.6,16.2,3,4,0.5,0.5,0.0,0,0.4,1.2,1.0,1.0,1503.2446561329475,1553.9341873144629,-50.68953118151535,1486.831853188606,1536.6859783803382,-49.85412519173224
E0,2022-01-19,Leicester,Tottenham,A,5,8,9,8,0.5,0.4,1.8,2.4,1.0,0.8,12.0,14.2,5.6,5.6,15.6,9.4,22,18,0.2857142857142857,0.6428571428571429,0.0714285714285714,14,1.0,0.8,0.2,0.4,1521.327885589105,1514.954177216713,6.373708372392002,1515.6674722327627,1543.66149849874,-27.994026265977254
E0,2022-01-21,Watford,Norwich,A,4,4,3,4,0.2,0.1,1.8,2.0,0.6,2.0,13.4,10.8,4.2,3.6,14.6,15.4,6,6,1.0,0.0,0.0,3,1.2,1.2,0.2,1.0,1474.933699127188,1438.7358716705355,36.19782745665248,1467.363368990057,1439.3195392424043,28.04382974765258
E0,2022-01-22,Everton,Aston Villa,A,1,6,4,6,0.5,0.3,0.6,2.0,1.0,1.0,9.4,12.2,4.0,3.4,15.4,10.8,7,7,0.1428571428571428,0.5714285714285714,0.2857142857142857,7,0.6,1.0,0.4,0.6,1477.3301931202193,1493.237440091455,-15.907246971235736,1482.3096992640042,1506.030125216992,-23.720425952987853
E0,2022-01-22,Brentford,Wolves,A,1,7,9,7,0.3,0.5,0.6,2.6,0.4,0.6,8.4,7.6,3.2,3.2,15.6,14.4,3,7,1.0,0.0,0.0,1,0.4,1.2,0.2,0.6,1496.4158408327742,1513.4725210863487,-17.05668025357454,1483.4174455385191,1511.8181342193484,-28.400688680829266
E0,2022-01-22,Leeds,Newcastle,A,4,2,8,2,0.3,0.1,1.2,2.8,0.6,2.2,13.0,7.4,4.8,2.6,19.0,16.8,6,7,0.6666666666666666,0.0,0.3333333333333333,3,0.4,1.8,0.4,1.4,1509.9236167972265,1460.4842572792763,49.43935951794992,1503.9474743557698,1467.4491073124673,36.49836704330255
E0,2022-01-22,Man United,West Ham,H,9,7,9,7,0.5,0.5,1.6,1.0,1.6,1.4,11.0,10.2,4.4,3.6,15.8,17.0,3,6,0.5333333333333333,0.1333333333333333,0.3333333333333333,15,1.4,0.8,0.6,1.0,1519.4377694462137,1536.2752211645677,-16.837451718354032,1540.100386030425,1527.3837080174444,12.716678012980536
E0,2022-01-22,Southampton,Man City,D,4,15,9,15,0.3,0.9,1.2,2.8,2.4,0.6,11.4,17.6,5.8,6.4,12.8,7.6,7,7,0.0666666666666666,0.8,0.1333333333333333,15,0.6,1.4,1.0,0.4,1514.4658060489433,1607.2456515335796,-92.77984548463633,1487.1489595214089,1593.1332057842435,-105.98424626283486
E0,2022-01-23,Arsenal,Burnley,D,6,2,12,2,0.7,0.0,2.4,2.0,0.6,1.6,13.8,7.8,6.4,1.8,11.4,20.0,22,21,0.8,0.0666666666666666,0.1333333333333333,15,1.0,1.6,0.4,0.4,1565.6063233408686,1473.2159955500747,92.39032779079388,1547.3869848236454,1478.6165084728868,68.7704763507586
E0,2022-01-23,Crystal Palace,Liverpool,A,2,8,7,8,0.4,0.5,0.8,1.8,1.8,1.2,8.4,16.4,2.4,5.6,16.4,8.4,9,7,0.2,0.8,0.0,15,0.2,1.0,0.8,0.4,1516.5179483829995,1563.2520129976813,-46.73406461468176,1497.687568858107,1560.597036539909,-62.90946768180197
E0,2022-01-23,Leicester,Brighton,D,5,6,9,6,0.5,0.3,1.8,2.4,1.2,1.4,12.0,11.8,5.6,4.0,15.6,13.0,4,5,0.7272727272727273,0.0909090909090909,0.1818181818181818,11,1.0,0.8,0.8,0.8,1513.737339500977,1506.463760208981,7.2735792919959295,1511.8721991886987,1499.9080948102296,11.964104378469074
E0,2022-01-23,Chelsea,Tottenham,H,5,8,7,8,0.4,0.5,1.2,1.2,1.0,0.8,11.2,16.8,3.2,6.8,8.8,10.8,5,4,0.6,0.3333333333333333,0.0666666666666666,15,0.4,0.8,0.6,0.4,1538.8655627949531,1522.5447233048417,16.320839490111666,1547.7867579232052,1547.4567715428043,0.3299863804008964
E0,2022-02-05,Burnley,Watford,D,2,4,6,4,0.1,0.2,0.4,1.4,1.8,2.0,8.8,13.4,1.6,4.2,19.0,14.6,13,15,0.7,0.2,0.1,10,0.2,0.4,1.2,1.2,1484.017021395699,1459.793038852926,24.223982542773,1481.0843597746712,1459.0087474490188,22.0756123256524
E0,2022-02-08,Newcastle,Everton,H,4,1,6,1,0.1,0.1,0.6,2.0,0.6,2.0,9.2,9.4,2.8,4.0,16.4,15.4,17,17,0.3333333333333333,0.5,0.1666666666666666,12,0.4,1.2,0.6,1.0,1474.4139573456582,1487.289205407789,-12.875248062130822,1472.7959705231417,1478.943828589904,-6.1478580667626375
E0,2022-02-08,West Ham,Watford,H,7,2,7,2,0.4,0.2,1.4,1.2,0.8,1.6,10.4,11.6,3.2,3.6,16.8,14.2,17,3,0.5454545454545454,0.3636363636363636,0.0909090909090909,11,0.4,1.0,0.4,1.0,1518.492194870321,1460.6749629634128,57.81723190690832,1523.3371554025243,1459.449709504262,63.887445898262285
E0,2022-02-08,Burnley,Man United,D,2,9,7,9,0.1,0.5,0.4,1.4,1.6,1.0,8.8,11.0,1.6,4.4,19.0,15.8,3,17,0.0666666666666666,0.6,0.3333333333333333,15,0.2,0.4,1.4,0.8,1483.1350972852122,1560.7630026146362,-77.62790532942404,1480.6433977194276,1544.146938645345,-63.50354092591738
E0,2022-02-09,Man City,Brentford,H,13,1,15,1,0.8,0.2,2.2,0.6,0.6,2.6,18.2,8.4,6.0,3.2,7.2,15.6,18,18,1.0,0.0,0.0,1,1.2,0.2,0.4,1.2,1579.0207600349077,1470.4190502442643,108.60170979064333,1590.433455216386,1479.7353917014302,110.69806351495572
E0,2022-02-09,Norwich,Crystal Palace,D,4,2,4,2,0.2,0.1,0.8,1.8,0.8,1.8,10.4,8.4,3.0,2.4,14.6,16.4,19,17,0.0,0.6666666666666666,0.3333333333333333,3,0.8,0.8,0.2,1.0,1439.9032068142733,1478.8571893332144,-38.953982518941075,1447.6741607834429,1495.2589475040652,-47.58478672062233
E0,2022-02-09,Tottenham,Southampton,A,8,4,13,4,0.7,0.2,1.0,1.0,1.2,2.8,16.6,11.4,6.6,5.8,11.2,12.8,17,18,0.6,0.1333333333333333,0.2666666666666666,15,0.6,0.6,0.6,1.4,1572.368819780767,1459.8321129938745,112.5367067868924,1541.3508836701722,1489.8487100892664,51.50217358090572
E0,2022-02-09,Aston Villa,Leeds,D,9,4,7,4,0.4,0.2,1.2,0.8,1.2,2.8,11.0,13.0,3.4,4.8,12.0,19.0,18,18,0.5,0.5,0.0,2,0.4,0.6,0.4,1.8,1518.822810342529,1497.9713319143136,20.851478428215387,1509.3959958910918,1498.6006111450956,10.795384745996216
E0,2022-02-10,Liverpool,Leicester,H,8,5,15,5,0.7,0.2,1.6,1.2,1.8,2.4,16.2,12.0,5.6,5.6,8.4,15.6,18,18,0.6666666666666666,0.2,0.1333333333333333,15,0.6,0.6,1.0,0.8,1557.9420600821363,1510.0070588764202,47.93500120571639,1563.025657893951,1511.6518894361118,51.37376845783888
E0,2022-02-10,Wolves,Arsenal,A,10,6,8,6,0.4,0.4,0.8,0.4,2.4,2.0,8.2,13.8,3.2,6.4,14.0,11.4,19,18,0.5,0.1666666666666666,0.3333333333333333,6,0.6,0.4,1.0,1.6,1510.163747352348,1529.1676463064225,-19.003898954074657,1515.5001880564373,1544.919133521861,-29.41894546542403
E0,2022-02-12,Norwich,Man City,A,4,13,4,13,0.2,0.8,0.8,1.8,2.2,0.6,10.4,18.2,3.0,6.0,14.6,7.2,3,3,0.3333333333333333,0.6666666666666666,0.0,3,0.8,0.8,1.2,0.2,1438.232250326668,1601.8461503978642,-163.6139000711962,1446.83868253964,1591.2461186811056,-144.4074361414655
E0,2022-02-12,Watford,Brighton,A,2,7,0,7,0.1,0.2,0.8,1.6,1.4,1.2,11.4,13.4,3.6,4.6,13.2,14.2,4,20,0.1111111111111111,0.4444444444444444,0.4444444444444444,9,0.4,1.0,1.0,0.6,1458.2244560451113,1506.9043797141546,-48.67992366904332,1456.617780860327,1500.1284045628165,-43.51062370248928
E0,2022-02-12,Everton,Leeds,H,1,5,4,5,0.4,0.2,0.8,2.0,1.6,3.0,10.8,12.6,4.4,5.0,16.0,18.8,4,3,0.3333333333333333,0.3333333333333333,0.3333333333333333,3,0.6,1.0,0.6,1.4,1470.5984517720194,1501.993370823739,-31.394919051719626,1472.6384792843269,1500.6116305998084,-27.973151315481573
E0,2022-02-12,Brentford,Crystal Palace,D,1,2,6,2,0.3,0.1,0.6,2.6,0.4,1.4,8.4,7.4,3.2,1.8,16.4,14.4,3,3,0.0,0.0,1.0,1,0.4,1.2,0.4,0.8,1489.051733158596,1480.5281458208196,8.523587337776235,1478.9227282367106,1496.0944257478675,-17.171697511157163
E0,2022-02-12,Man United,Southampton,D,9,7,12,7,0.5,0.3,1.6,1.0,1.8,2.4,14.8,14.6,5.0,7.2,12.8,10.4,4,3,0.4666666666666667,0.0666666666666666,0.4666666666666667,15,1.2,0.8,1.0,1.4,1527.5308746760536,1474.9649976642909,52.56587701176272,1542.3229403962998,1497.4151524244749,44.90778797182497
E0,2022-02-13,Burnley,Liverpool,A,2,8,7,8,0.1,0.5,0.4,1.4,1.6,1.2,8.8,16.2,1.6,5.6,19.0,8.4,5,3,0.1333333333333333,0.6666666666666666,0.2,15,0.2,0.4,0.6,0.6,1486.7830937833023,1568.1092557057648,-81.32616192246246,1482.4673959684728,1566.5743910683716,-84.10699509989877
E0,2022-02-13,Newcastle,Aston Villa,H,4,9,8,9,0.2,0.4,0.6,2.0,1.2,0.8,9.2,11.0,2.8,3.4,16.4,12.0,5,4,0.1428571428571428,0.4285714285714285,0.4285714285714285,7,0.4,1.2,0.4,0.6,1487.0246559568127,1499.969181439655,-12.94452548284221,1479.1013198287187,1507.3849764363792,-28.283656607660532
E0,2022-02-13,Tottenham,Wolves,A,8,10,10,10,0.6,0.6,1.0,1.0,0.8,0.4,16.6,8.2,6.6,3.2,11.2,14.0,4,3,0.5714285714285714,0.2857142857142857,0.1428571428571428,7,0.6,0.6,0.6,0.4,1557.23593511035,1520.836628760527,36.399306349823064,1533.784441334964,1512.696373211283,21.088068123681296
E0,2022-02-13,Leicester,West Ham,D,2,7,10,7,0.4,0.5,1.4,2.6,1.4,1.2,11.0,10.4,4.6,3.2,17.0,16.8,3,5,0.3333333333333333,0.4,0.2666666666666666,15,0.8,0.8,0.4,1.0,1513.2967199958034,1528.182115934727,-14.88539593892392,1508.1031562616909,1526.1690840464594,-18.06592778476852
E0,2022-02-15,Man United,Brighton,H,9,9,10,9,0.4,0.2,1.6,1.0,1.6,1.0,14.8,13.8,5.0,5.2,12.8,13.2,3,3,0.7,0.3,0.0,10,1.2,0.8,1.0,0.6,1525.5385813921366,1517.5479326978752,7.990648694261381,1541.3267937543417,1505.4501810546767,35.87661269966475
E0,2022-02-19,Man City,Tottenham,A,13,8,15,8,0.8,0.4,2.4,0.4,1.0,1.0,17.4,16.6,5.2,6.6,6.6,11.2,7,6,0.6,0.2666666666666666,0.1333333333333333,15,1.6,0.0,0.6,0.6,1580.6460869643468,1510.332947559578,70.31313940476889,1592.1667209228644,1525.294997140281,66.8717237825831
E0,2022-02-19,Southampton,Everton,H,8,1,7,1,0.3,0.1,2.0,2.0,0.8,2.0,15.0,10.8,6.8,4.4,9.8,16.0,7,7,0.4,0.4,0.2,15,1.2,1.2,0.6,1.0,1519.8653071846586,1474.6785067966346,45.18680038802404,1498.4112990664332,1482.213843656461,16.197455409972235
E0,2022-02-19,Liverpool,Norwich,H,8,4,15,4,0.7,0.2,1.6,1.2,0.8,1.8,15.2,10.4,5.4,3.0,9.4,14.6,6,7,1.0,0.0,0.0,3,0.4,0.6,0.8,0.8,1565.0395264309784,1455.4451147526122,109.5944116783662,1567.1953534940585,1445.9180802978813,121.27727319617723
E0,2022-02-19,Crystal Palace,Chelsea,A,3,5,7,5,0.3,0.6,0.4,1.2,1.2,1.2,6.8,11.2,2.2,3.2,13.2,8.8,7,27,0.2,0.8,0.0,15,0.4,0.6,0.4,0.8,1511.660705674916,1556.7079530514568,-45.04724737654078,1496.697230010765,1553.8926457958369,-57.19541578507187
E0,2022-02-19,Brighton,Burnley,A,8,2,6,2,0.2,0.0,1.4,1.2,0.4,1.4,13.0,8.8,5.0,1.6,14.2,19.0,4,6,0.1818181818181818,0.1818181818181818,0.6363636363636364,11,0.8,1.0,0.2,0.4,1493.3524294114782,1478.151698153643,15.20073125783506,1500.0572558714716,1481.8464335427857,18.210822328685936
E0,2022-02-19,Aston Villa,Watford,A,6,2,5,2,0.3,0.2,0.8,0.8,0.8,1.6,11.2,11.4,3.0,3.6,12.4,13.2,6,7,0.3333333333333333,0.6666666666666666,0.0,3,0.2,0.4,0.4,1.0,1514.8007714331036,1455.0111056755425,59.78966575756112,1502.3616868371478,1451.2960043684666,51.06568246868119
E0,2022-02-19,Arsenal,Brentford,H,9,1,10,1,0.7,0.2,2.6,1.2,0.6,2.6,15.2,8.4,6.2,3.2,10.6,16.4,9,7,0.0,1.0,0.0,1,1.0,1.0,0.4,1.2,1560.6706207373002,1468.7937233148252,91.87689742247494,1547.7229483670162,1478.3199239738133,69.40302439320294
E0,2022-02-19,West Ham,Newcastle,D,7,4,9,4,0.5,0.1,1.8,1.6,0.6,2.0,8.8,9.2,3.2,2.8,17.6,16.4,6,6,0.3076923076923077,0.6153846153846154,0.0769230769230769,13,0.6,1.2,0.4,1.2,1524.1560521581914,1471.177983700625,52.97806845756645,1526.1287946187545,1484.1246094279502,42.004185190804264
E0,2022-02-20,Leeds,Man United,A,4,9,7,9,0.3,0.4,1.6,3.6,1.6,1.0,11.8,14.8,4.2,5.0,19.0,12.8,8,5,0.0,0.6666666666666666,0.3333333333333333,3,0.6,1.6,1.2,0.8,1499.2298903758776,1557.115006116546,-57.885115740668425,1491.0362662276743,1546.7197189375463,-55.6834527098722
E0,2022-02-20,Wolves,Leicester,H,12,2,5,2,0.4,0.2,1.2,0.4,1.4,2.6,9.4,11.0,4.2,4.6,14.6,17.0,7,7,0.1428571428571428,0.4285714285714285,0.4285714285714285,7,0.6,0.4,0.8,0.8,1504.5561176620383,1502.9095925275783,1.646525134460035,1521.1858174059653,1508.1434456893958,13.042371716569503
E0,2022-02-23,Burnley,Tottenham,H,4,10,4,10,0.1,0.4,1.0,1.4,1.6,1.4,9.6,16.2,2.2,7.6,18.0,13.0,4,4,0.0714285714285714,0.6428571428571429,0.2857142857142857,14,0.4,0.4,1.0,0.8,1485.5411689319285,1523.1063619546087,-37.565193022680205,1492.9480292503758,1531.6817043377969,-38.733675087421034
E0,2022-02-23,Watford,Crystal Palace,A,5,3,0,3,0.1,0.1,0.6,0.8,0.4,1.2,9.8,6.8,3.4,2.2,13.6,13.2,4,4,0.2,0.4,0.4,10,0.4,0.8,0.4,0.6,1447.5809030613907,1481.7337543466142,-34.152851285223505,1457.6781707823025,1493.1893992892824,-35.51122850697993
E0,2022-02-23,Liverpool,Leeds,H,8,4,15,4,0.8,0.2,1.6,1.2,1.6,3.6,15.2,11.8,5.4,4.2,9.4,19.0,4,3,0.6666666666666666,0.0,0.3333333333333333,3,0.4,0.6,0.6,1.6,1569.3857092694004,1482.8426420794713,86.54306718992916,1569.3684449132695,1488.0461777353785,81.32226717789104
E0,2022-02-24,Arsenal,Wolves,H,9,12,10,12,0.7,0.6,2.6,1.2,1.2,0.4,15.2,9.4,6.2,4.2,10.6,14.6,5,4,0.2857142857142857,0.4285714285714285,0.2857142857142857,7,1.0,1.0,0.6,0.4,1562.9208138348697,1537.8155171498922,25.105296684977247,1548.8480449158008,1523.2725771468265,25.575467768974477
E0,2022-02-25,Southampton,Norwich,H,8,3,9,3,0.4,0.2,2.0,2.0,0.8,2.2,15.0,8.4,6.8,2.0,9.8,18.6,6,6,0.6666666666666666,0.3333333333333333,0.0,3,1.2,1.2,0.8,1.2,1527.3225402260723,1451.0989319141902,76.22360831188212,1502.13991558714,1443.7449888786705,58.39492670846971
E0,2022-02-26,Everton,Man City,A,1,13,6,13,0.4,0.8,0.8,2.2,2.4,0.4,9.8,17.4,3.4,5.2,18.6,6.6,7,7,0.0666666666666666,0.6666666666666666,0.2666666666666666,15,0.6,1.4,1.6,0.0,1489.7491805162872,1603.687354881382,-113.93817436509472,1478.485227135754,1585.780013725349,-107.29478658959488
E0,2022-02-26,Brighton,Aston Villa,A,8,6,5,6,0.2,0.4,1.4,1.2,0.8,0.8,13.0,11.2,5.0,3.0,14.2,12.4,7,7,0.2,0.4,0.4,5,0.8,1.0,0.2,0.4,1471.149237996298,1489.9226022411922,-18.77336424489431,1488.9556601638817,1495.979520423312,-7.0238602594306485
E0,2022-02-26,Man United,Watford,D,9,5,10,5,0.5,0.3,2.2,1.4,0.6,0.8,15.2,9.8,5.8,3.4,13.8,13.6,6,3,0.7272727272727273,0.2727272727272727,0.0,11,1.4,1.2,0.4,0.8,1536.3244317585468,1467.775438503214,68.54899325533279,1549.7098074298424,1449.626636866937,100.0831705629057
E0,2022-02-26,Leeds,Tottenham,A,4,9,4,9,0.3,0.4,1.2,4.2,1.4,1.4,10.0,14.4,3.6,5.8,20.4,14.2,3,3,0.3333333333333333,0.6666666666666666,0.0,3,0.4,1.8,1.0,1.0,1493.2497133912857,1511.1362126815818,-17.886499290296342,1484.7683300987114,1525.6966297012832,-40.92829960257177
E0,2022-02-26,Brentford,Newcastle,A,0,4,4,4,0.3,0.1,0.4,2.6,0.6,2.0,7.8,10.8,3.0,3.2,18.6,15.8,7,7,0.0,0.0,1.0,1,0.2,1.4,0.2,1.2,1487.846124632801,1474.2638642200864,13.58226041271496,1477.1948274250285,1485.667549687681,-8.472722262652496
E0,2022-02-26,Crystal Palace,Burnley,D,6,4,4,4,0.3,0.1,1.2,1.2,1.0,1.4,6.6,9.6,2.8,2.2,11.6,18.0,3,3,0.4,0.4666666666666667,0.1333333333333333,15,0.8,0.4,0.4,0.4,1504.6450442319508,1500.3548895688234,4.290154663127396,1501.2409332046482,1498.9331038868895,2.30782931775866
E0,2022-02-27,West Ham,Wolves,H,7,12,7,12,0.5,0.5,1.8,1.6,1.4,0.6,8.8,10.2,3.2,4.4,17.6,15.0,8,3,0.2857142857142857,0.7142857142857143,0.0,7,0.6,1.2,0.6,0.6,1521.07017163873,1532.3601156414306,-11.289944002700622,1524.585854359024,1520.5448763925954,4.0409779664285
E0,2022-03-01,Burnley,Leicester,A,5,1,6,1,0.2,0.2,1.2,1.4,1.4,2.8,8.6,12.6,2.2,5.4,16.4,15.6,3,9,0.2666666666666666,0.4666666666666667,0.2666666666666666,15,0.6,0.4,0.8,1.0,1497.5113182049554,1498.7360730458563,-1.2247548409011415,1499.0778855199687,1506.0566859485348,-6.978800428566046
E0,2022-03-05,Wolves,Crystal Palace,A,9,6,7,6,0.5,0.2,1.2,0.8,1.2,1.2,11.4,6.6,3.6,2.8,15.2,11.6,6,7,0.4285714285714285,0.4285714285714285,0.1428571428571428,7,0.6,0.8,0.8,0.4,1508.72963714376,1497.8368221773453,10.89281496641479,1515.4541063682432,1501.0961515715685,14.357954796674676
E0,2022-03-05,Liverpool,West Ham,H,8,7,15,7,0.8,0.4,1.6,1.2,1.8,1.6,15.2,8.8,5.4,3.2,9.4,17.6,10,6,0.7333333333333333,0.1333333333333333,0.1333333333333333,15,0.4,0.6,0.6,1.2,1575.9414045427343,1528.1015370793175,47.83986746341702,1572.6462925499366,1529.6766243833758,42.96966816656072
E0,2022-03-05,Norwich,Brentford,A,3,0,4,0,0.2,0.1,0.8,2.0,0.4,2.6,8.0,7.8,2.0,3.0,20.6,18.6,8,7,1.0,0.0,0.0,1,0.8,1.0,0.2,1.4,1436.3910458431503,1466.543530217256,-30.152484374105597,1441.392122503742,1470.2517480972267,-28.85962559348468
E0,2022-03-05,Newcastle,Brighton,H,7,8,8,8,0.3,0.2,1.0,1.6,1.4,1.2,14.2,13.0,4.4,5.0,12.2,14.2,7,7,0.0,0.4545454545454545,0.5454545454545454,11,0.2,0.8,0.8,1.0,1497.0712351552754,1506.762082331465,-9.690847176189664,1492.6106290154828,1482.0611946942768,10.549434321206036
E0,2022-03-05,Burnley,Chelsea,A,5,8,5,8,0.2,0.6,1.2,1.4,1.0,0.6,8.6,9.2,2.2,2.4,16.4,8.0,4,14,0.1333333333333333,0.6,0.2666666666666666,15,0.6,0.4,0.6,0.4,1483.775193843641,1563.723614494422,-79.94842065078092,1492.2098233393117,1557.4004765173197,-65.19065317800778
E0,2022-03-05,Aston Villa,Southampton,H,9,8,5,8,0.3,0.3,1.2,0.6,2.0,2.0,12.2,15.0,3.8,6.8,10.8,9.8,7,8,0.1428571428571428,0.7142857142857143,0.1428571428571428,7,0.4,0.2,1.2,1.2,1502.036438605432,1476.957290948208,25.079147657224212,1502.8739858929166,1504.4927819620684,-1.6187960691518128
E0,2022-03-05,Leicester,Leeds,H,3,4,8,4,0.4,0.2,1.4,2.4,1.2,4.2,14.0,10.0,5.4,3.6,14.4,20.4,4,7,0.3333333333333333,0.3333333333333333,0.3333333333333333,3,1.0,1.0,0.4,1.8,1513.3772988512133,1476.2869468061372,37.09035204507609,1512.924748129192,1478.973139116475,33.95160901271697
E0,2022-03-06,Watford,Arsenal,A,6,9,0,9,0.1,0.5,0.4,0.4,2.6,1.2,10.6,15.2,3.4,6.2,15.2,10.6,8,10,0.2727272727272727,0.6363636363636364,0.0909090909090909,11,0.4,0.4,1.0,1.0,1431.4778352306596,1534.775275996732,-103.29744076607244,1451.7554938921255,1551.5757456700317,-99.82025177790592
E0,2022-03-06,Man City,Man United,H,13,9,12,9,0.8,0.4,1.8,0.4,2.2,1.4,16.4,15.2,5.4,5.8,6.8,13.8,8,8,0.4666666666666667,0.4,0.1333333333333333,15,1.4,0.0,1.4,1.2,1567.872672569316,1563.0951831011382,4.777489468177691,1586.5824859764289,1547.5809504046535,39.00153557177532
E0,2022-03-07,Tottenham,Everton,H,9,1,7,1,0.5,0.0,2.0,1.4,0.8,2.2,13.2,9.8,6.2,3.4,16.8,18.6,9,9,0.6,0.0666666666666666,0.3333333333333333,15,1.0,1.0,0.6,1.4,1540.2570467209848,1467.2212737552209,73.03577296576395,1531.4918206835196,1477.682754884674,53.809065798845495
E0,2022-03-10,Norwich,Chelsea,A,3,10,4,10,0.2,0.6,0.8,2.0,1.8,0.6,8.0,9.8,2.0,3.2,20.6,8.4,5,5,0.0,1.0,0.0,3,0.8,1.0,1.4,0.4,1426.0876135858523,1572.633913645485,-146.5463000596328,1436.240406375093,1561.8556260928513,-125.61521971775824
E0,2022-03-10,Southampton,Newcastle,A,7,7,11,7,0.5,0.2,1.6,2.4,1.0,1.6,14.2,14.2,6.2,4.4,10.8,12.2,5,5,0.2307692307692307,0.4615384615384615,0.3076923076923077,13,1.2,1.4,0.2,0.8,1532.028272975929,1488.1500228756902,43.8782501002388,1496.7741170402278,1496.0084168642193,0.7657001760085222
E0,2022-03-10,Wolves,Watford,H,9,6,7,6,0.5,0.2,1.2,0.8,0.4,0.4,11.4,10.6,3.6,3.4,15.2,15.2,5,4,0.6,0.4,0.0,5,0.6,0.8,0.4,0.4,1493.909684304051,1472.033152553592,21.876531750459435,1508.044129948389,1450.975098880888,57.069031067500646
E0,2022-03-10,Leeds,Aston Villa,A,4,9,3,9,0.3,0.4,1.2,3.0,1.2,0.6,12.6,12.2,3.8,3.8,15.6,10.8,5,5,0.3333333333333333,0.3333333333333333,0.3333333333333333,3,0.4,1.2,0.4,0.2,1481.6593314268132,1503.7115331804014,-22.05220175358818,1477.1792173335275,1510.5926508147577,-33.41343348122996
E0,2022-03-12,Man United,Tottenham,H,8,9,8,9,0.5,0.5,2.2,2.0,2.0,1.4,13.6,13.2,5.4,6.2,16.0,16.8,6,5,0.5333333333333333,0.3333333333333333,0.1333333333333333,15,1.2,1.6,1.0,1.0,1532.0667177081689,1522.726594646054,9.3401230621148,1542.0894821061142,1536.1506883741758,5.938793731938404
E0,2022-03-12,Brighton,Liverpool,A,7,8,5,8,0.1,0.6,1.4,1.4,1.6,1.2,12.4,15.2,4.6,5.4,14.0,9.4,7,7,0.0909090909090909,0.7272727272727273,0.1818181818181818,11,0.8,1.0,0.4,0.6,1457.360307057089,1569.3511805571386,-111.99087350004991,1478.6634068455403,1573.8735195547026,-95.2101127091621
E0,2022-03-12,Brentford,Burnley,H,3,5,4,5,0.3,0.1,1.0,2.4,1.2,1.4,6.6,8.6,3.0,2.2,18.6,16.4,7,7,0.0,1.0,0.0,1,0.6,1.6,0.6,0.4,1473.9599659771975,1500.6444528349823,-26.684486857784805,1475.4034642258755,1487.75467376378,-12.351209537904197
E0,2022-03-13,Chelsea,Newcastle,H,10,10,9,10,0.4,0.3,1.8,0.6,1.4,1.0,10.8,13.4,3.8,4.6,8.6,13.4,3,3,0.6923076923076923,0.3076923076923077,0.0,13,1.2,0.6,0.4,0.2,1551.0773385402172,1498.1349527336977,52.942385806519496,1562.803385839242,1501.000881793223,61.80250404601884
E0,2022-03-13,Everton,Wolves,A,1,9,6,9,0.3,0.4,0.6,2.6,1.2,0.8,8.6,11.4,2.2,3.6,18.0,15.2,6,3,0.4285714285714285,0.4285714285714285,0.1428571428571428,7,0.4,1.4,0.6,0.8,1488.1442360141273,1522.1785755927262,-34.034339578598974,1473.0238871940178,1515.3753063714155,-42.35141917739793
E0,2022-03-13,Leeds,Norwich,H,4,3,3,3,0.2,0.2,1.2,3.0,0.8,2.0,12.6,8.0,3.8,2.0,15.6,20.6,3,3,1.0,0.0,0.0,1,0.4,1.2,0.8,1.0,1468.2021555141132,1446.3931991643335,21.80895634977969,1470.4506293771774,1435.2926466287026,35.15798274847475
E0,2022-03-13,Southampton,Watford,A,7,5,10,5,0.4,0.2,1.6,2.4,0.2,1.0,14.2,8.8,6.2,2.4,10.8,14.8,3,3,0.3636363636363636,0.1818181818181818,0.4545454545454545,11,1.2,1.4,0.2,0.4,1522.0433431179215,1457.370799707538,64.67254341038347,1491.781652111224,1443.6439224578612,48.13772965336284
E0,2022-03-13,West Ham,Aston Villa,H,7,9,10,9,0.6,0.5,1.8,1.4,1.4,0.6,10.0,11.8,4.0,4.4,17.8,10.2,8,3,0.4285714285714285,0.1428571428571428,0.4285714285714285,7,0.6,0.8,0.6,0.2,1531.2517116874344,1517.1687090931014,14.083002594333038,1528.4493973786098,1517.3212387711071,11.128158607502428
E0,2022-03-13,Arsenal,Leicester,H,12,3,10,3,0.7,0.2,2.8,1.0,1.4,2.4,15.0,14.0,5.4,5.4,10.4,14.4,7,8,0.4666666666666667,0.3333333333333333,0.2,15,1.0,0.8,1.0,1.0,1568.376215343331,1512.4721974071708,55.90401793616024,1552.3561406812692,1514.7186699121398,37.63747076912932
E0,2022-03-14,Crystal Palace,Man City,D,9,13,4,13,0.3,0.9,1.6,0.6,1.8,0.4,8.2,16.4,4.4,5.4,10.6,6.8,9,8,0.2,0.6,0.2,15,0.8,0.2,1.4,0.0,1504.355480965792,1605.2922993835418,-100.93681841774992,1508.506127991423,1592.0739542749684,-83.5678262835454
E0,2022-03-16,Brighton,Tottenham,A,7,6,2,6,0.1,0.4,1.4,1.4,1.8,1.6,12.4,9.8,4.6,4.8,14.0,16.0,4,4,0.2,0.6,0.2,10,0.8,1.0,0.8,1.0,1451.8143772734868,1515.5675665015892,-63.75318922810243,1475.8904419537394,1532.5711743019433,-56.68073234820395
E0,2022-03-16,Arsenal,Liverpool,A,12,10,10,10,0.8,0.6,2.8,1.0,1.6,0.8,15.0,15.2,5.4,6.0,10.4,9.0,3,4,0.1333333333333333,0.6,0.2666666666666666,15,1.0,0.8,0.4,0.4,1573.9631863409186,1574.8971103407405,-0.9339239998219,1555.149626180063,1576.6464844465036,-21.49685826644054
E0,2022-03-17,Everton,Newcastle,H,1,10,3,10,0.2,0.3,0.6,2.6,1.2,0.6,8.6,14.0,2.2,4.6,18.0,10.4,4,4,0.4615384615384615,0.3846153846153846,0.1538461538461538,13,0.4,1.4,0.4,0.2,1483.0167040634117,1493.4416223794517,-10.42491831604002,1470.46012121866,1498.6542166160998,-28.194095397439924
E0,2022-03-18,Wolves,Leeds,A,9,4,9,4,0.5,0.2,1.2,0.8,1.2,3.0,10.4,12.6,3.0,3.8,15.0,15.6,5,5,0.6666666666666666,0.0,0.3333333333333333,3,0.6,0.8,0.4,1.2,1508.5720371501052,1472.6991032402416,35.872933909863605,1517.9390723467736,1472.865235452397,45.073836894376655
E0,2022-03-19,Aston Villa,Arsenal,A,9,12,5,12,0.3,0.6,1.4,0.6,2.8,1.0,11.2,15.0,4.8,5.4,10.4,10.4,6,3,0.4285714285714285,0.5714285714285714,0.0,7,0.8,0.4,1.0,0.8,1517.4737684491135,1536.3360660192077,-18.862297570093915,1513.5717944969729,1548.6112310471658,-35.03943655019293
E0,2022-03-20,Leicester,Brentford,H,3,3,8,3,0.5,0.1,1.2,2.4,1.0,2.4,12.8,6.6,5.0,3.0,16.0,18.6,7,8,1.0,0.0,0.0,1,1.0,1.0,0.6,1.6,1516.9651424171088,1476.846962474554,40.11817994255489,1511.925184413346,1483.2861468783026,28.63903753504337
E0,2022-03-20,Tottenham,West Ham,H,9,7,7,7,0.6,0.3,2.2,1.2,1.8,1.4,12.0,10.0,5.6,4.0,16.0,17.8,4,7,0.4666666666666667,0.2666666666666666,0.2666666666666666,15,1.0,0.6,0.6,0.8,1549.5747821022976,1525.6470830697854,23.927699032512237,1539.2872814600648,1532.1988416527445,7.088439807320356
E0,2022-04-02,Chelsea,Brentford,A,10,3,9,3,0.5,0.1,1.8,0.6,1.0,2.0,10.8,8.6,3.8,3.4,8.6,18.6,20,13,1.0,0.0,0.0,1,1.2,0.6,0.8,1.2,1555.7706688944634,1473.6886704569506,82.08199843751277,1565.1500510163648,1481.707000869501,83.44305014686392
E0,2022-04-02,Liverpool,Watford,H,13,7,15,7,0.9,0.2,2.0,0.6,0.6,1.2,12.8,8.4,5.8,2.4,9.6,14.8,17,20,0.7272727272727273,0.0909090909090909,0.1818181818181818,11,0.8,0.2,0.2,0.4,1578.3958585522666,1469.423138820821,108.97271973144598,1583.1848795794008,1449.6700920145024,133.51478756489837
E0,2022-04-02,Brighton,Norwich,D,7,3,1,3,0.1,0.2,1.4,1.4,1.0,1.8,12.4,8.0,4.6,2.2,14.0,19.4,17,20,0.6666666666666666,0.0,0.3333333333333333,3,0.8,1.0,1.0,1.2,1438.382162957244,1441.5639870138943,-3.1818240566503846,1469.174334795618,1432.878040553483,36.29629424213499
E0,2022-04-02,Burnley,Man City,A,5,11,4,11,0.2,0.8,1.0,1.2,1.6,0.4,8.0,17.6,1.8,5.6,15.4,7.0,21,19,0.0666666666666666,0.7333333333333333,0.2,15,0.6,0.8,1.4,0.0,1474.8648946925778,1601.1985615627416,-126.33366687016382,1479.8719911113533,1590.0270853645682,-110.15509425321488
E0,2022-04-02,Leeds,Southampton,D,4,7,3,7,0.3,0.3,1.2,3.0,1.6,2.4,12.0,14.2,4.0,6.2,15.4,10.8,15,20,0.6666666666666666,0.3333333333333333,0.0,3,0.8,1.0,1.2,1.4,1473.0313676645524,1461.5199611045264,11.51140656002599,1477.7822965342352,1485.7554825545826,-7.973186020347384
E0,2022-04-02,Wolves,Aston Villa,H,9,9,6,9,0.4,0.5,1.2,0.8,1.4,0.6,10.4,11.2,3.0,4.8,15.0,10.4,15,14,0.6,0.2,0.2,5,0.6,0.8,0.8,0.4,1498.7379149864284,1509.6698205448322,-10.93190555840374,1513.0220112649354,1509.8122974640692,3.2097138008662114
E0,2022-04-02,Man United,Leicester,D,8,3,11,3,0.6,0.2,2.2,2.0,1.2,2.4,13.6,12.8,5.4,5.0,16.0,16.0,21,13,0.6,0.2,0.2,15,1.2,1.6,1.0,1.0,1539.2257458526335,1506.8852264095833,32.340519443050425,1545.6689961783466,1513.5043304221476,32.16466575619893
E0,2022-04-03,West Ham,Everton,H,4,1,10,1,0.6,0.0,1.2,1.8,0.6,2.6,8.6,8.6,3.0,2.2,18.4,18.0,14,17,0.3333333333333333,0.5333333333333333,0.1333333333333333,15,0.2,1.0,0.4,1.4,1538.7506002357036,1457.903538373908,80.84706186179551,1527.4535432011153,1475.444193224858,52.009349976257226
E0,2022-04-03,Tottenham,Newcastle,H,9,7,9,7,0.6,0.3,2.2,1.2,1.0,0.8,12.0,14.4,5.6,5.2,16.0,9.6,14,17,0.6923076923076923,0.1538461538461538,0.1538461538461538,13,1.0,0.6,0.2,0.4,1559.065379005556,1483.473478367055,75.5919006385011,1544.032579911694,1493.6701446099016,50.3624353017924
E0,2022-04-04,Crystal Palace,Arsenal,H,9,15,2,15,0.3,0.6,1.6,0.6,2.8,0.6,8.2,15.0,4.4,5.4,10.6,9.8,21,16,0.1333333333333333,0.5333333333333333,0.3333333333333333,15,0.8,0.2,1.0,0.4,1508.4492187865922,1543.855060085015,-35.405841298422956,1510.552996901823,1552.3707280800695,-41.81773117824673
E0,2022-04-06,Burnley,Everton,H,5,0,3,0,0.2,0.0,1.0,1.2,0.6,2.8,8.0,10.2,1.8,2.0,15.4,15.6,4,3,0.4666666666666667,0.4666666666666667,0.0666666666666666,15,0.6,0.8,0.4,1.4,1471.549890620373,1453.6252150431558,17.924675577217158,1478.2144890752509,1473.305031559482,4.909457515768963
E0,2022-04-08,Newcastle,Wolves,H,6,9,11,9,0.4,0.5,1.0,1.6,1.2,0.8,13.2,10.4,4.8,3.0,11.2,15.0,5,6,0.0,0.2857142857142857,0.7142857142857143,7,0.2,1.2,0.6,0.8,1503.8668108527484,1527.306107543442,-23.43929669069371,1487.4094349103282,1517.149176060339,-29.739741150010783
E0,2022-04-09,Aston Villa,Tottenham,A,6,9,5,9,0.3,0.5,1.4,1.0,2.2,1.2,12.6,12.0,5.2,5.6,9.6,16.0,7,6,0.2857142857142857,0.7142857142857143,0.0,7,1.0,0.4,1.0,0.6,1509.954774383306,1528.999780817832,-19.04500643452616,1505.6851326686656,1550.2932896112677,-44.60815694260191
E0,2022-04-09,Southampton,Chelsea,A,5,10,7,10,0.4,0.6,1.2,2.2,1.8,0.6,14.8,10.8,6.2,3.8,11.0,8.6,7,7,0.0666666666666666,0.6,0.3333333333333333,15,1.0,1.0,1.2,0.6,1509.9910040046389,1574.5294331382663,-64.53842913362746,1485.937185121668,1553.348863790677,-67.41167866900878
E0,2022-04-09,Watford,Leeds,A,7,4,0,4,0.1,0.2,0.6,1.4,1.2,3.0,8.2,12.0,2.6,4.0,17.0,15.4,7,7,0.0,1.0,0.0,1,0.2,0.4,0.8,1.0,1429.9170452081842,1482.5332254039183,-52.61618019573416,1448.6667733772251,1477.60059396715,-28.933820589924835
E0,2022-04-09,Everton,Man United,H,0,8,6,8,0.3,0.4,0.8,3.0,2.2,2.0,11.0,13.6,1.8,5.4,15.4,16.0,3,7,0.1333333333333333,0.4666666666666667,0.4,15,0.2,1.8,1.2,1.6,1492.984848075808,1552.1122465040594,-59.127398428251354,1470.4960278381527,1544.5358787565465,-74.03985091839354
E0,2022-04-09,Arsenal,Brighton,A,12,7,10,7,0.7,0.2,2.0,1.0,1.4,1.4,13.2,12.4,3.6,4.6,9.2,14.0,5,7,0.3636363636363636,0.3636363636363636,0.2727272727272727,11,0.8,0.4,0.8,1.0,1560.8863960751244,1499.966506633992,60.91988944113223,1542.6792272390117,1468.992803640724,73.68642359828777
E0,2022-04-10,Brentford,West Ham,H,6,4,4,4,0.4,0.2,1.8,1.6,1.2,1.8,10.8,8.6,4.4,3.0,17.4,18.4,8,7,1.0,0.0,0.0,1,1.6,1.0,0.2,1.0,1489.725331282051,1516.156486166527,-26.431154884475973,1493.5081880951889,1529.5927048664914,-36.08451677130256
E0,2022-04-10,Leicester,Crystal Palace,H,4,9,8,9,0.5,0.3,0.8,1.4,1.6,0.6,12.2,8.2,4.0,4.4,14.8,10.6,8,6,0.2666666666666666,0.5333333333333333,0.2,15,0.6,0.8,0.8,0.2,1520.1234344347122,1512.656775017054,7.466659417658093,1514.637447843948,1520.2444977428809,-5.607049898932928
E0,2022-04-10,Norwich,Burnley,H,4,5,4,5,0.2,0.1,1.0,1.4,1.0,1.2,7.8,8.0,1.6,1.8,23.0,15.4,8,4,0.0,0.6666666666666666,0.3333333333333333,3,1.0,1.0,0.6,0.8,1424.1920940930715,1484.8790875301288,-60.686993437057254,1433.059571708377,1481.0234927965805,-47.96392108820328
E0,2022-04-10,Man City,Liverpool,D,11,13,12,13,0.8,0.6,1.6,0.2,2.0,0.6,18.2,12.8,6.4,5.8,6.2,9.6,8,8,0.4,0.3333333333333333,0.2666666666666666,15,1.0,0.0,0.8,0.2,1578.8556091663947,1587.9739006065347,-9.118291440139956,1591.6845874006706,1584.1881982166778,7.496389183992733
E0,2022-04-16,Tottenham,Brighton,A,9,7,9,7,0.7,0.3,2.4,0.8,1.2,1.2,13.0,11.6,5.6,4.2,13.6,14.6,7,7,0.6363636363636364,0.1818181818181818,0.1818181818181818,11,1.2,0.4,0.8,0.8,1571.586798404703,1511.7785376763468,59.80826072835612,1557.483992637226,1474.8988191619012,82.58517347532484
E0,2022-04-16,Man United,Norwich,H,7,4,9,4,0.6,0.2,1.8,1.8,1.0,1.4,13.4,7.8,5.0,1.6,14.8,23.0,7,6,1.0,0.0,0.0,3,1.0,1.2,1.0,1.0,1536.9595110090331,1441.9270493236827,95.03246168535044,1539.3449900119117,1441.5418875597834,97.80310245212809
E0,2022-04-16,Southampton,Arsenal,H,5,12,6,12,0.3,0.6,1.2,2.2,2.0,1.0,14.8,13.2,6.2,3.6,11.0,9.2,7,7,0.1333333333333333,0.6,0.2666666666666666,15,1.0,1.0,0.8,0.4,1494.7357454128762,1524.4720584028992,-29.736312990022952,1478.3095558257864,1536.7732117178343,-58.46365589204788
E0,2022-04-16,Watford,Brentford,A,7,6,0,6,0.1,0.2,0.6,1.4,1.8,1.6,8.2,10.8,2.6,4.4,17.0,17.4,7,6,0.0,1.0,0.0,1,0.2,0.4,1.6,1.0,1417.4149794190955,1497.2910449083267,-79.876065489231,1442.415740482681,1500.1756532302702,-57.75991274758917
E0,2022-04-17,West Ham,Burnley,D,1,5,13,5,0.6,0.1,0.6,1.8,0.8,1.0,7.6,10.0,2.2,2.2,17.0,14.4,7,7,0.4666666666666667,0.3333333333333333,0.2,15,0.2,1.0,0.4,0.6,1543.028923566456,1467.914455827316,75.11446773913985,1522.9252397314103,1472.541176945174,50.38406278623643
E0,2022-04-17,Newcastle,Leicester,H,6,4,13,4,0.5,0.2,1.0,1.6,0.8,1.4,13.2,12.2,4.8,4.0,11.2,14.8,9,7,0.3846153846153846,0.6153846153846154,0.0,13,0.2,1.2,0.6,0.8,1511.7354419222488,1509.151461253184,2.5839806690648857,1491.3437504450785,1518.265719914113,-26.92196946903482
E0,2022-04-19,Liverpool,Man United,H,13,7,15,7,1.0,0.3,2.0,0.6,1.8,1.8,12.0,13.4,5.4,5.0,8.8,14.8,9,3,0.2666666666666666,0.2666666666666666,0.4666666666666667,15,1.0,0.2,1.0,1.2,1580.4024958268212,1541.7304690147898,38.67202681203139,1584.8773316961228,1540.3402332875264,44.53709840859642
E0,2022-04-20,Chelsea,Arsenal,A,13,9,8,9,0.4,0.5,3.0,0.4,1.0,1.2,14.8,14.6,6.4,3.6,7.2,10.2,11,4,0.3333333333333333,0.2666666666666666,0.4,15,1.6,0.4,0.2,0.4,1532.1682944430872,1516.1913573910913,15.976937051995948,1560.976493086558,1532.6328612119305,28.34363187462759
E0,2022-04-20,Everton,Leicester,D,0,4,9,4,0.4,0.1,0.8,3.0,1.0,1.4,11.0,12.8,1.8,4.2,15.4,13.6,11,3,0.5,0.2857142857142857,0.2142857142857142,14,0.2,1.8,0.6,0.8,1503.3666255650776,1502.1629835939066,1.2036419711710096,1475.6869165827875,1514.7714810844743,-39.084564501687055
E0,2022-04-20,Newcastle,Crystal Palace,H,6,8,15,8,0.6,0.2,1.0,1.6,1.6,0.8,13.2,9.8,4.8,4.8,11.2,9.2,3,10,0.3076923076923077,0.2307692307692307,0.4615384615384615,13,0.2,1.2,0.8,0.0,1518.7239195815262,1505.4002308767235,13.323688704802636,1494.837989274717,1516.6162256727157,-21.778236397998626
E0,2022-04-20,Man City,Brighton,H,11,9,10,9,0.8,0.4,1.6,0.2,1.2,1.0,18.2,11.2,6.4,4.2,6.2,12.6,10,4,0.9090909090909092,0.0909090909090909,0.0,11,1.0,0.0,0.8,0.6,1577.4773422075052,1525.6451423040671,51.83219990343787,1590.9954539212258,1481.8321214757616,109.16333244546422
E0,2022-04-21,Burnley,Southampton,H,5,5,6,5,0.2,0.2,1.0,1.2,1.2,2.2,9.8,14.8,2.2,6.2,14.6,11.0,4,5,0.4,0.2666666666666666,0.3333333333333333,15,0.4,0.8,1.0,1.0,1477.1678980630315,1461.883366238697,15.284531824334636,1472.7625223244197,1482.4499063316905,-9.68738400727102
E0,2022-04-23,Man City,Watford,H,11,7,10,7,0.8,0.2,1.6,0.2,0.6,1.4,18.2,8.2,6.4,2.6,6.2,17.0,3,7,1.0,0.0,0.0,11,1.0,0.0,0.2,0.4,1584.50102343816,1467.416501546266,117.08452189189391,1594.5072945365532,1439.99664440749,154.51065012906315
E0,2022-04-23,Arsenal,Man United,H,9,4,9,4,0.6,0.3,1.6,1.6,1.2,2.4,15.0,11.2,4.0,4.2,9.4,14.0,3,4,0.2666666666666666,0.4,0.3333333333333333,15,0.6,0.4,0.4,1.4,1549.0743650327695,1531.7804170390789,17.293947993690836,1540.845338619426,1535.365207299671,5.480131319754946
E0,2022-04-23,Leicester,Aston Villa,D,5,6,11,6,0.6,0.5,1.0,1.2,1.4,1.0,11.6,12.6,3.4,5.2,14.0,9.6,3,14,0.5714285714285714,0.4285714285714285,0.0,7,0.6,0.8,1.0,0.4,1527.3799785750427,1501.415490954025,25.964487621017724,1514.5034008741031,1498.494429642707,16.008971231396117
E0,2022-04-23,Brentford,Tottenham,D,9,9,7,9,0.5,0.6,2.2,1.4,2.4,0.8,12.8,13.0,5.0,5.6,17.8,13.6,7,7,0.0,1.0,0.0,1,1.8,1.0,1.2,0.4,1503.0602615522134,1543.381186869749,-40.32092531753551,1502.594749305461,1550.5506903233656,-47.955941017904706
E0,2022-04-23,Norwich,Newcastle,A,1,6,4,6,0.2,0.3,0.8,2.0,1.0,1.6,9.4,13.2,2.0,4.8,24.0,11.2,7,3,0.3333333333333333,0.0,0.6666666666666666,3,0.6,1.2,0.2,1.2,1441.1567257958843,1470.952058967908,-29.795333172023675,1440.5466442841685,1498.4053011116737,-57.858656827505
E0,2022-04-24,Liverpool,Everton,H,13,0,15,0,1.0,0.0,2.0,0.6,0.8,3.0,12.0,11.0,5.4,1.8,8.8,15.4,5,4,0.3333333333333333,0.0666666666666666,0.6,15,1.0,0.2,0.2,1.8,1590.3525478025322,1448.0072076004972,142.345340202035,1589.8523576839782,1475.954996793159,113.8973608908193
E0,2022-04-24,Chelsea,West Ham,H,13,1,7,1,0.3,0.2,3.0,0.4,0.6,1.8,14.8,7.6,6.4,2.2,7.2,17.0,4,7,0.4666666666666667,0.3333333333333333,0.2,15,1.6,0.4,0.2,1.0,1515.7433396280962,1502.8215558963643,12.921783731731692,1552.7640156790626,1522.7038943521648,30.060121326897843
E0,2022-04-24,Burnley,Wolves,H,5,6,6,6,0.3,0.5,1.0,1.2,0.8,0.8,9.8,10.0,2.2,3.0,14.6,15.2,3,16,0.4285714285714285,0.1428571428571428,0.4285714285714285,7,0.4,0.8,0.2,0.8,1489.8684890702757,1519.4374764739416,-29.568987403666146,1479.1128178280414,1513.2148605255886,-34.102042697547176
E0,2022-04-24,Brighton,Southampton,D,6,5,1,5,0.1,0.2,0.8,1.6,1.0,2.0,9.4,14.4,3.2,4.8,14.2,12.4,4,3,0.0909090909090909,0.2727272727272727,0.6363636363636364,11,0.6,1.2,0.8,0.6,1438.0191006474556,1449.182775231453,-11.163674583997365,1478.3202808604342,1476.0996108280683,2.2206700323656605
E0,2022-04-25,Crystal Palace,Leeds,D,7,6,5,6,0.3,0.3,1.4,0.8,1.2,2.4,9.2,10.8,4.2,3.4,10.8,14.6,5,16,0.3333333333333333,0.6666666666666666,0.0,3,0.6,0.0,1.0,1.0,1527.832220468708,1495.0352911930067,32.79692927570113,1513.048913835759,1483.8516268616945,29.197286974065037
E0,2022-04-28,Man United,Chelsea,D,3,13,11,13,0.6,0.6,1.2,2.8,3.0,0.4,9.6,14.8,4.2,6.4,15.0,7.2,5,4,0.3333333333333333,0.2666666666666666,0.4,15,0.4,1.4,1.6,0.4,1538.949997560263,1589.784691730029,-50.83469416976595,1532.0946726482248,1554.30046311908,-22.205790470855163
E0,2022-04-30,Newcastle,Liverpool,A,6,13,15,13,0.7,0.6,1.2,1.6,2.0,0.6,10.6,12.0,4.0,5.4,11.0,8.8,7,6,0.0769230769230769,0.6153846153846154,0.3076923076923077,13,0.4,1.2,1.0,0.2,1525.858543255439,1589.3521675654242,-63.49362430998531,1502.661599279541,1590.8560581363558,-88.19445885681489
E0,2022-04-30,Aston Villa,Norwich,H,7,1,4,1,0.3,0.1,1.4,0.8,0.8,2.0,12.6,9.4,5.6,2.0,8.6,24.0,7,7,1.0,0.0,0.0,3,1.0,0.4,0.6,1.2,1495.573368331389,1439.9365627724528,55.6368055589362,1499.0935222535825,1436.290346116301,62.803176137281525
E0,2022-04-30,Southampton,Crystal Palace,A,3,7,6,7,0.4,0.2,0.8,2.0,1.4,0.8,13.4,9.2,3.8,4.2,12.4,10.8,6,5,0.5333333333333333,0.2666666666666666,0.2,15,0.6,0.4,0.6,0.0,1503.016446424684,1498.2656072028108,4.750839221873321,1475.6755783611857,1512.3821913404931,-36.706612979307465
E0,2022-04-30,Watford,Burnley,A,4,5,0,5,0.0,0.1,0.6,2.4,1.0,1.2,7.6,9.8,2.2,2.2,17.2,14.6,7,6,0.1818181818181818,0.6363636363636364,0.1818181818181818,11,0.0,0.8,0.4,0.8,1412.576787268714,1468.3571465858072,-55.78035931709314,1438.7677632075174,1483.2952899921047,-44.52752678458728
E0,2022-04-30,Wolves,Brighton,A,3,6,9,6,0.4,0.4,0.4,1.0,0.8,1.6,9.8,9.4,2.4,3.2,14.6,14.2,6,6,0.2857142857142857,0.1428571428571428,0.5714285714285714,7,0.2,1.0,0.6,1.2,1506.9922445772356,1518.6214610734123,-11.629216496176925,1509.0323883615251,1478.744313327317,30.288075034208077
E0,2022-04-30,Leeds,Man City,A,7,11,4,11,0.3,0.8,1.2,1.8,1.6,0.2,11.2,18.2,3.8,6.4,13.8,6.2,5,7,0.3333333333333333,0.3333333333333333,0.3333333333333333,3,1.0,0.8,1.0,0.0,1472.6679625303818,1604.5135656349464,-131.8456031045646,1484.5183493569605,1595.736175736526,-111.21782637956562
E0,2022-05-01,West Ham,Arsenal,A,1,9,11,9,0.6,0.6,0.6,1.8,1.6,1.6,7.6,15.0,2.4,4.0,18.6,9.4,7,8,0.0666666666666666,0.7333333333333333,0.2,15,0.2,1.0,0.6,0.4,1542.5862328079647,1532.6163122060825,9.96992060188245,1521.1674469121472,1544.1158732708725,-22.9484263587251
E0,2022-05-01,Tottenham,Leicester,H,10,5,9,5,0.6,0.1,2.4,0.6,1.0,1.2,12.4,11.6,5.2,3.4,13.6,14.0,8,8,0.6666666666666666,0.2666666666666666,0.0666666666666666,15,1.2,0.2,0.6,0.8,1557.7201937769823,1501.6268231731635,56.09337060381881,1548.3841309988566,1513.9043082632277,34.479822735628886
E0,2022-05-01,Everton,Chelsea,H,0,13,7,13,0.4,0.5,0.6,2.8,3.0,0.4,10.6,16.0,1.4,7.0,15.0,6.4,7,3,0.2,0.5333333333333333,0.2666666666666666,15,0.2,1.8,1.8,0.4,1503.9027859858206,1585.6922484654326,-81.78946247961198,1474.9512963407817,1552.2542414867817,-77.30294514600018
E0,2022-05-02,Man United,Brentford,H,3,9,9,9,0.5,0.3,1.2,2.8,2.2,1.4,9.6,12.8,4.2,5.0,15.0,17.8,4,9,1.0,0.0,0.0,1,0.4,1.4,1.8,1.0,1543.042440824859,1502.1292370587084,40.9132037661509,1534.1408942805228,1504.76130862997,29.379585650552823
E0,2022-05-07,Brentford,Southampton,H,9,3,8,3,0.4,0.2,2.0,1.6,0.8,2.0,14.0,13.4,5.4,3.8,14.8,12.4,5,7,0.0,1.0,0.0,1,1.6,1.0,0.6,0.4,1507.3933802012316,1448.334710297687,59.05866990354457,1499.2288920426367,1471.2363579954883,27.99253404714841
E0,2022-05-07,Burnley,Aston Villa,A,5,7,9,7,0.4,0.4,0.8,1.4,1.4,0.8,11.2,12.6,2.6,5.6,15.0,8.6,7,7,0.3333333333333333,0.1666666666666666,0.5,6,0.6,0.8,1.0,0.4,1498.2334333984024,1502.613676175776,-4.380242777373496,1486.5864406677583,1500.634883540004,-14.048442872245689
E0,2022-05-07,Chelsea,Wolves,D,10,3,9,3,0.4,0.5,2.8,0.6,0.4,1.0,17.6,9.8,7.4,2.4,6.8,14.6,6,7,0.2857142857142857,0.2857142857142857,0.4285714285714285,7,1.6,0.6,0.2,1.0,1518.816234508131,1511.0725321458146,7.743702362316299,1545.5174474313883,1500.8527426181115,44.664704813276785
E0,2022-05-07,Crystal Palace,Watford,H,9,4,6,4,0.3,0.2,1.8,1.0,0.6,2.4,10.8,7.6,4.6,2.2,10.6,17.2,7,7,0.4545454545454545,0.1818181818181818,0.3636363636363636,11,1.0,0.0,0.0,0.8,1526.4987754781755,1464.9587391463206,61.540036331854935,1516.8214117061902,1435.4766125318638,81.34479917432645
E0,2022-05-07,Brighton,Man United,H,9,3,2,3,0.1,0.3,1.4,1.2,1.2,2.8,10.8,9.6,4.4,4.2,12.6,15.0,7,5,0.2727272727272727,0.7272727272727273,0.0,11,1.0,0.8,0.4,1.4,1438.8671655812216,1525.2393477361863,-86.37218215496478,1486.9239590707307,1539.673310867856,-52.74935179712543
E0,2022-05-07,Liverpool,Tottenham,D,13,10,15,10,1.0,0.6,1.6,0.4,2.4,0.6,13.8,12.4,6.0,5.2,8.0,13.6,7,6,0.6,0.1333333333333333,0.2666666666666666,15,0.8,0.0,1.2,0.2,1592.3599487072872,1539.0480682207308,53.31188048655645,1593.6796959003686,1552.1255426511598,41.554153249208866
E0,2022-05-08,Man City,Newcastle,H,13,6,10,6,0.8,0.4,2.2,0.0,1.2,1.6,18.0,10.6,6.6,4.0,6.2,11.0,8,8,0.8461538461538461,0.0769230769230769,0.0769230769230769,13,1.4,0.0,0.4,1.2,1586.9587858381055,1479.4646553036432,107.49413053446231,1597.6037875504378,1499.837961515528,97.76582603490964
E0,2022-05-08,Norwich,West Ham,A,1,1,3,1,0.2,0.2,0.6,1.8,0.6,1.8,10.0,7.6,2.4,2.4,22.4,18.6,8,7,0.0,1.0,0.0,3,0.4,0.8,0.2,1.0,1432.644129460149,1499.7486610163298,-67.10453155618075,1434.7489848298794,1518.3684459010717,-83.61946107119206
E0,2022-05-08,Leicester,Everton,A,2,0,11,0,0.6,0.0,0.8,1.8,0.6,2.8,8.4,10.6,2.6,1.4,14.8,15.0,7,7,0.2666666666666666,0.4666666666666667,0.2666666666666666,15,0.4,1.2,0.2,1.8,1526.1817933532918,1445.999806695742,80.18198665754971,1510.1628966109245,1481.6880903961749,28.47480621474961
E0,2022-05-08,Arsenal,Leeds,H,9,7,9,7,0.6,0.3,1.4,1.4,1.2,1.8,14.4,11.2,4.6,3.8,8.4,13.8,7,8,0.6666666666666666,0.0,0.3333333333333333,3,0.6,0.2,1.0,0.8,1555.6154343356625,1496.368736183539,59.246698152123145,1546.914874281948,1482.6507375430488,64.2641367388992
E0,2022-05-10,Aston Villa,Liverpool,A,7,13,6,13,0.3,0.6,1.6,1.0,1.6,0.4,13.2,13.8,6.2,6.0,9.0,8.0,3,3,0.2857142857142857,0.7142857142857143,0.0,7,1.0,0.6,0.8,0.0,1498.656090904232,1594.9994430934498,-96.34335218921774,1505.4909693095549,1591.5218106332493,-86.03084132369463
E0,2022-05-11,Leeds,Chelsea,A,7,10,4,10,0.2,0.5,1.4,1.0,2.8,0.6,11.2,17.6,3.8,7.4,13.0,6.8,3,4,0.0,0.6666666666666666,0.3333333333333333,3,1.2,0.2,1.6,0.6,1468.9327389025582,1572.2186603546456,-103.28592145208744,1480.461489120589,1543.4624133481466,-63.00092422755756
E0,2022-05-11,Leicester,Norwich,H,2,1,10,1,0.5,0.1,0.8,1.8,0.6,1.8,8.4,10.0,2.6,2.4,14.8,22.4,3,3,0.3333333333333333,0.3333333333333333,0.3333333333333333,3,0.4,1.2,0.4,0.8,1515.7396262381667,1436.8538401996095,78.88578603855694,1504.9418130533618,1428.9220609925997,76.01975206076213
E0,2022-05-11,Watford,Everton,D,3,3,0,3,0.0,0.1,0.6,2.6,1.0,2.6,6.8,10.8,2.0,2.2,15.8,14.4,4,3,0.4545454545454545,0.4545454545454545,0.0909090909090909,11,0.0,0.8,0.2,1.4,1405.994485917407,1456.4419738108672,-50.44748789346022,1433.4580456704707,1486.9091739537375,-53.451128283266826
E0,2022-05-11,Wolves,Man City,A,4,13,6,13,0.4,0.8,0.6,1.0,2.2,0.0,11.4,18.0,2.8,6.6,13.2,6.2,4,3,0.2857142857142857,0.5714285714285714,0.1428571428571428,7,0.6,1.0,1.4,0.0,1490.6329530904084,1608.24878926277,-117.6158361723617,1502.9077767013532,1599.3844969726829,-96.47672027132944
E0,2022-05-12,Tottenham,Arsenal,H,8,9,12,9,0.6,0.7,1.8,0.8,1.4,1.4,11.0,14.4,3.6,4.6,14.2,8.4,5,4,0.4,0.3333333333333333,0.2666666666666666,15,1.2,0.4,0.6,0.2,1565.2030170815888,1538.2143142282337,26.988702853355107,1554.283427918279,1549.1041227044077,5.17930521387143
E0,2022-05-15,Everton,Brentford,A,4,9,10,9,0.5,0.3,1.0,1.6,2.0,1.6,12.8,14.0,3.2,5.4,12.8,14.8,4,8,0.0,1.0,0.0,1,0.2,1.0,1.6,1.0,1517.3763740966076,1491.064403884042,26.31197021256571,1486.9611774416962,1502.8556534086892,-15.894475966993014
E0,2022-05-15,Wolves,Norwich,D,4,1,6,1,0.4,0.1,0.6,1.0,0.6,2.0,11.4,10.2,2.8,3.2,13.2,21.0,4,4,0.6666666666666666,0.0,0.3333333333333333,3,0.6,1.0,0.4,1.2,1487.9730586583323,1431.2459065288383,56.72715212949424,1501.5778294853153,1426.1180941572138,75.45973532810149
E0,2022-05-15,West Ham,Man City,D,3,13,10,13,0.5,0.8,1.0,1.4,2.4,0.2,8.6,16.8,2.8,5.8,17.6,6.0,7,4,0.0666666666666666,0.8666666666666667,0.0666666666666666,15,0.2,0.8,1.2,0.0,1536.9882307858134,1610.908683694846,-73.92045290903252,1524.1953697383517,1600.7144441887206,-76.51907445036909
E0,2022-05-15,Watford,Leicester,A,3,2,1,2,0.0,0.1,0.6,2.6,0.8,1.8,6.8,8.4,2.0,2.6,15.8,14.8,4,4,0.3636363636363636,0.5454545454545454,0.0909090909090909,11,0.0,0.8,0.4,1.2,1405.8904789414896,1494.143999868557,-88.25352092706748,1433.406042182512,1507.7457798887476,-74.33973770623561
E0,2022-05-15,Leeds,Brighton,D,7,9,4,9,0.2,0.5,1.4,1.0,1.4,1.2,11.2,10.8,3.8,4.4,13.0,12.6,4,8,0.0,0.6666666666666666,0.3333333333333333,3,1.2,0.2,1.0,0.8,1461.4233848692495,1534.9807525602398,-73.5573676909903,1476.706812103935,1495.4881932628882,-18.781381158953536
E0,2022-05-15,Aston Villa,Crystal Palace,D,7,9,6,9,0.3,0.3,1.6,1.0,1.8,1.0,13.2,10.8,6.2,4.6,9.0,10.6,5,8,0.5714285714285714,0.2857142857142857,0.1428571428571428,7,1.0,0.6,1.0,0.0,1494.8784209764094,1507.1440479342052,-12.265626957795805,1503.6021343456432,1518.839978567583,-15.237844221940122
E0,2022-05-15,Tottenham,Burnley,H,8,5,12,5,0.6,0.2,1.8,0.8,0.8,1.4,11.0,11.2,3.6,2.6,14.2,15.0,3,8,0.6,0.1333333333333333,0.2666666666666666,15,1.2,0.4,0.6,0.8,1578.9636549184677,1474.9394479371142,104.02420698135349,1561.1637468367185,1481.7303548982077,79.4333919385108
E0,2022-05-16,Newcastle,Arsenal,H,3,6,12,6,0.6,0.7,0.8,2.4,1.2,2.0,10.4,14.0,3.8,4.8,12.4,10.0,8,4,0.1538461538461538,0.8461538461538461,0.0,13,0.2,1.8,0.6,0.4,1520.211267727413,1524.4536763913547,-4.242408663941433,1498.0572520932833,1542.223803785968,-44.166551692684834
E0,2022-05-17,Southampton,Liverpool,A,2,13,3,13,0.4,0.6,0.6,2.4,1.8,0.6,14.6,14.8,3.8,6.4,13.6,8.2,10,7,0.0666666666666666,0.8,0.1333333333333333,15,0.4,0.6,1.0,0.0,1494.1380056932896,1598.7771130212725,-104.63910732798286,1467.6095966294358,1593.4106455971605,-125.80104896772468
E0,2022-05-19,Everton,Crystal Palace,H,4,7,10,7,0.4,0.3,1.0,1.6,1.2,1.0,12.8,12.6,3.2,4.4,12.8,11.6,4,4,0.4666666666666667,0.1333333333333333,0.4,15,0.2,1.0,0.8,0.2,1508.1851673124954,1507.7999384339698,0.385228878525595,1482.36557404964,1519.1679238174656,-36.80234976782549
E0,2022-05-19,Aston Villa,Burnley,D,7,4,4,4,0.2,0.2,1.6,1.0,0.6,1.4,13.2,11.8,6.2,2.6,9.0,17.0,4,4,0.2857142857142857,0.2857142857142857,0.4285714285714285,7,1.0,0.6,0.4,0.8,1494.2225304766448,1470.7065914260245,23.51593905062032,1503.274189095761,1479.613926642663,23.660262453097857
E0,2022-05-19,Chelsea,Leicester,D,10,5,7,5,0.4,0.2,2.6,0.6,1.8,1.6,18.8,9.8,7.2,3.4,6.6,13.2,8,4,0.5333333333333333,0.1333333333333333,0.3333333333333333,15,1.2,0.6,1.0,1.0,1514.7061663416473,1502.7513654247464,11.954800916900922,1547.2170903648007,1512.0494626668424,35.16762769795832
E0,2022-05-22,Chelsea,Watford,H,10,3,5,3,0.3,0.2,2.6,0.6,0.6,2.6,18.8,6.8,7.2,2.0,6.6,15.8,3,7,0.8181818181818182,0.1818181818181818,0.0,11,1.2,0.6,0.0,0.8,1512.0949840987332,1460.9216054235344,51.17337867519882,1545.9114992433438,1429.1023594044173,116.80913983892653
E0,2022-05-22,Burnley,Newcastle,A,5,3,9,3,0.4,0.4,0.8,1.2,0.8,2.4,12.4,10.4,3.4,3.8,18.8,12.4,3,6,0.2307692307692307,0.3846153846153846,0.3846153846153846,13,0.4,0.6,0.2,1.8,1488.5212618593014,1475.9032364591535,12.618025400147872,1481.1211191375585,1505.0556844668754,-23.934565329317135
E0,2022-05-22,Brighton,West Ham,H,10,3,5,3,0.2,0.3,1.4,1.0,1.0,1.4,11.0,8.6,4.8,2.8,14.4,17.6,7,7,0.4545454545454545,0.0,0.5454545454545454,11,0.8,1.0,0.2,0.8,1455.9956339655366,1511.4025086908894,-55.406874725352736,1494.3026203705667,1526.6251005690176,-32.322480198450876
E0,2022-05-22,Leicester,Southampton,H,5,2,10,2,0.5,0.2,1.8,1.6,0.6,2.4,8.0,14.6,3.0,3.8,15.0,13.6,3,5,0.4,0.2666666666666666,0.3333333333333333,15,0.8,0.8,0.4,0.6,1521.347559908938,1441.081187565582,80.26637234335612,1513.3550537882993,1466.148737906679,47.20631588162041
E0,2022-05-22,Arsenal,Everton,H,6,4,9,4,0.6,0.1,1.2,1.8,1.0,1.6,13.8,12.8,4.6,3.2,12.0,12.8,6,3,0.5333333333333333,0.3333333333333333,0.1333333333333333,15,0.6,0.6,0.2,1.0,1559.9939311805815,1456.5459807867846,103.44795039379687,1535.2253714123765,1486.172858292598,49.05251311977827
E0,2022-05-22,Liverpool,Wolves,H,13,4,13,4,0.9,0.5,1.8,0.8,0.6,1.0,16.0,11.4,5.6,2.8,7.4,13.2,5,7,1.0,0.0,0.0,7,1.0,0.0,0.6,1.0,1588.0441781730487,1515.1826003122983,72.86157786075046,1594.8715043199177,1499.5919283254736,95.27957599444404
E0,2022-05-22,Brentford,Leeds,A,9,7,10,7,0.4,0.3,2.0,1.8,1.4,1.0,15.6,11.2,5.6,3.8,13.8,13.0,7,7,0.0,0.0,1.0,1,1.6,0.8,1.2,0.2,1514.6469029333366,1491.99023933862,22.656663594716747,1507.451256800745,1477.8923849962562,29.558871804489172
E0,2022-05-22,Crystal Palace,Man United,H,4,0,9,0,0.3,0.2,1.2,1.6,0.4,3.2,11.6,9.6,3.8,3.4,11.6,15.2,3,15,0.1333333333333333,0.7333333333333333,0.1333333333333333,15,0.8,0.8,0.0,1.6,1530.5359092009617,1508.1108793518713,22.42502984909038,1515.3606395745078,1531.1090766756986,-15.748437101190802
E0,2022-05-22,Man City,Aston Villa,H,11,7,13,7,0.8,0.5,2.6,0.6,1.6,1.0,20.4,13.2,5.8,6.2,6.0,9.0,7,3,1.0,0.0,0.0,7,1.4,0.0,1.0,0.6,1590.5202046825952,1512.325847714877,78.19435696771825,1598.2847133580544,1501.7669966008657,96.51771675718896
E0,2022-05-22,Norwich,Tottenham,A,2,8,3,8,0.2,0.5,0.6,1.8,1.8,0.8,10.0,11.0,2.8,3.6,21.8,14.2,7,7,0.0,0.6666666666666666,0.3333333333333333,3,0.2,1.2,1.2,0.4,1420.9902817855896,1543.3638387549693,-122.3735569693797,1428.1039953170557,1563.280175092263,-135.17617977520763
E0,2022-08-05,Crystal Palace,Arsenal,A,4,6,11,6,0.4,0.6,1.2,1.6,1.2,1.8,11.6,13.8,3.8,4.6,11.6,12.0,75,75,0.1875,0.5,0.3125,16,0.8,0.8,0.6,0.6,1523.0509843198568,1507.0060638015946,16.044920518262188,1511.5875910925265,1526.0644805481809,-14.476889455654373
E0,2022-08-06,Everton,Chelsea,A,4,10,10,10,0.5,0.6,1.0,2.2,2.6,0.6,11.4,18.8,3.2,7.2,15.8,6.6,76,76,0.25,0.5,0.25,16,0.0,1.4,1.2,0.6,1510.5858229849357,1553.4177696399297,-42.83194665499377,1488.272333354152,1531.4398026834203,-43.167469329268215
E0,2022-08-06,Tottenham,Southampton,H,11,2,12,2,0.7,0.2,2.4,0.2,0.8,2.4,12.8,13.8,5.6,4.0,14.0,13.2,76,76,0.5625,0.1875,0.25,16,1.6,0.2,0.6,1.0,1555.7416626578035,1453.917888864432,101.82377379337164,1545.0505534433803,1474.016400995221,71.0341524481596
E0,2022-08-06,Fulham,Liverpool,D,2,13,0,13,0.1,0.7,0.8,2.0,1.8,0.8,9.2,16.0,3.8,5.6,13.0,7.4,440,76,0.25,0.5,0.25,4,0.8,1.4,1.0,0.0,1462.0696127263634,1568.138216412747,-106.06860368638354,1474.422426089872,1564.588768479177,-90.16634238930487
E0,2022-08-06,Leeds,Wolves,H,10,4,5,4,0.2,0.4,1.8,1.0,0.8,1.4,10.2,10.0,4.2,3.6,14.4,16.4,76,76,0.25,0.5,0.25,4,1.6,0.2,0.6,1.2,1475.742335538108,1508.1226210395753,-32.38028550146737,1488.625208063561,1498.7017313932351,-10.07652332967382
E0,2022-08-06,Bournemouth,Aston Villa,H,3,4,4,4,0.3,0.4,1.4,2.2,1.4,1.6,9.0,11.0,3.4,4.8,12.8,13.0,741,76,1.0,0.0,0.0,2,0.6,0.6,0.8,1.2,1493.3196496881442,1506.354952318039,-13.035302629894886,1488.8072743708908,1500.2322048971157,-11.42493052622467
E0,2022-08-06,Newcastle,Nott'm Forest,H,6,0,12,0,0.7,0.5,1.2,2.4,,,10.6,,4.6,,13.2,,76,7,0.5,0.5,0.0,0,0.4,1.8,,,1522.91944875798,1500.0,22.919448757980035,1506.2454044934482,1500.0,6.245404493448177
E0,2022-08-07,West Ham,Man City,A,3,11,8,11,0.5,0.7,1.2,1.8,2.6,0.6,7.4,20.4,2.2,5.8,16.8,6.0,77,77,0.0625,0.8125,0.125,16,0.2,1.4,1.4,0.0,1528.0379539395876,1571.052978762454,-43.01502482286628,1513.5407173413237,1566.8024407753603,-53.26172343403687
E0,2022-08-07,Leicester,Brentford,D,5,9,10,9,0.5,0.4,1.8,1.6,2.0,1.8,8.0,15.6,3.0,5.6,15.0,13.8,77,77,1.0,0.0,0.0,2,0.8,0.8,1.6,0.8,1520.9093719434966,1500.1712591476632,20.73811279583333,1512.2511394404146,1501.5550319404297,10.69610749998492
E0,2022-08-07,Man United,Brighton,A,0,10,11,10,0.5,0.5,0.2,2.6,1.4,1.0,10.6,11.0,3.8,4.8,11.6,14.4,77,77,0.6666666666666666,0.3333333333333333,0.0,12,0.0,1.2,0.8,1.0,1536.2518735796823,1521.84843653965,14.40343704003226,1519.5471187951118,1500.4808556881976,19.06626310691422
E0,2022-08-13,Brighton,Newcastle,D,10,6,8,6,0.2,0.5,1.4,1.0,1.2,2.4,12.4,10.6,5.0,4.6,13.8,13.2,6,7,0.4166666666666667,0.0833333333333333,0.5,12,0.6,1.0,0.4,1.8,1479.1132748367454,1489.5713602289163,-10.458085392170917,1504.2350736191229,1512.0145054766392,-7.779431857516329
E0,2022-08-13,Man City,Bournemouth,H,13,3,13,3,0.8,0.1,3.0,0.6,1.4,2.2,19.6,9.0,5.4,3.4,5.8,12.8,6,7,1.0,0.0,0.0,10,1.6,0.0,0.6,0.6,1562.5519027882674,1484.2948990536372,78.25700373463019,1568.687374311679,1495.982980240306,72.70439407137292
E0,2022-08-13,Southampton,Leeds,D,1,10,3,10,0.4,0.4,0.8,3.0,1.8,1.0,13.0,10.2,3.2,4.2,14.4,14.4,7,7,0.25,0.5,0.25,4,0.4,1.4,1.6,0.2,1494.1149131260097,1501.508080589015,-7.393167463005284,1470.943183741667,1491.8199647298377,-20.87678098817014
E0,2022-08-13,Wolves,Fulham,D,1,2,4,2,0.4,0.2,0.8,1.8,0.8,2.0,10.2,9.2,4.2,3.8,17.2,13.0,7,7,0.75,0.0,0.25,4,0.4,1.4,0.8,1.4,1489.2808417468948,1486.775239453381,2.50560229351413,1495.506974726959,1477.6521512740924,17.85482345286664
E0,2022-08-13,Brentford,Man United,H,10,0,10,0,0.4,0.2,2.2,1.8,0.2,2.6,14.2,10.6,5.0,3.8,14.2,11.6,6,6,0.0,1.0,0.0,2,1.8,1.0,0.0,1.2,1502.938804733196,1502.8423640105414,0.0964407226545063,1500.9866573926074,1515.7929008641868,-14.806243471579364
E0,2022-08-13,Aston Villa,Everton,H,4,4,5,4,0.2,0.1,1.2,1.6,1.0,2.2,11.4,11.4,3.8,3.2,12.2,15.8,7,7,0.625,0.125,0.25,8,0.6,1.0,0.0,1.4,1494.109457476192,1465.9588437233683,28.1506137528238,1493.0564990277005,1486.6293439230394,6.427155104660869
E0,2022-08-13,Arsenal,Leicester,H,9,5,9,5,0.6,0.2,1.6,1.6,1.8,1.6,11.2,8.0,3.8,3.0,12.2,15.0,8,6,0.5,0.3125,0.1875,16,0.8,0.6,0.8,0.8,1545.1228972947672,1503.5929069373326,41.5299903574346,1532.3127030836158,1512.8195139882368,19.49318909537897
E0,2022-08-14,Nott'm Forest,West Ham,H,0,3,0,3,0.5,0.3,0.0,2.0,1.2,1.8,5.0,7.4,0.0,2.2,23.0,16.8,8,7,0.5,0.5,0.0,0,0.0,2.0,0.2,1.4,1500.0,1499.04348074306,0.9565192569400552,1494.230899016809,1511.6557838050053,-17.424884788196323
E0,2022-08-14,Chelsea,Tottenham,D,10,11,8,11,0.4,0.5,2.2,0.4,2.4,0.2,18.8,12.8,7.0,5.6,6.4,14.0,8,8,0.625,0.3125,0.0625,16,1.0,0.4,1.6,0.2,1509.4618357269112,1534.3594442289575,-24.897608502046523,1533.0827921145328,1548.123770696934,-15.040978582401294
E0,2022-08-15,Liverpool,Crystal Palace,D,11,4,13,4,0.9,0.3,1.8,1.2,1.2,1.6,16.4,11.6,5.8,3.8,7.4,11.6,9,10,0.8125,0.1875,0.0,16,1.0,0.2,0.8,0.8,1561.039320545607,1500.124197865196,60.91512268041106,1561.3590432949568,1505.3393685570911,56.01967473786544
E0,2022-08-20,Tottenham,Wolves,H,9,1,12,1,0.7,0.3,2.4,0.6,0.8,1.8,11.4,10.2,5.2,4.2,14.2,17.2,6,7,0.5,0.375,0.125,8,1.8,0.4,0.4,1.4,1561.8880971649105,1501.7331077070232,60.15498945788727,1549.4102312837872,1494.816940621857,54.59329066193027
E0,2022-08-20,Crystal Palace,Aston Villa,H,5,4,10,4,0.3,0.4,1.2,1.4,1.2,1.6,10.8,11.4,3.8,3.8,14.0,12.2,5,7,0.25,0.5,0.25,8,0.6,1.0,0.6,1.0,1510.5545392489869,1492.0035405792084,18.55099866977821,1507.8235398847037,1495.5203638485325,12.303176036171408
E0,2022-08-20,Everton,Nott'm Forest,D,4,3,7,0,0.5,0.0,0.8,2.0,0.5,1.0,11.2,9.0,3.2,3.0,15.6,21.0,7,6,0.5,0.5,0.0,0,0.2,1.2,0.0,1.0,1507.2998441227107,1488.461798033618,18.838046089092813,1484.1654791022077,1498.7341297255407,-14.568650623333042
E0,2022-08-20,Fulham,Brentford,H,3,10,1,10,0.1,0.4,0.6,1.4,2.2,1.8,8.0,14.2,3.0,5.0,11.6,14.2,7,7,0.5,0.5,0.0,0,0.6,0.8,1.8,1.0,1468.529063094804,1499.0345100520187,-30.505446957214872,1478.3421853791942,1506.4551121632592,-28.11292678406494
E0,2022-08-20,Leicester,Southampton,A,5,1,8,1,0.5,0.1,2.0,2.0,0.8,3.0,7.6,13.0,3.0,3.2,15.6,14.4,7,7,0.4375,0.25,0.3125,16,1.2,1.0,0.4,1.4,1522.046121039141,1447.771454357325,74.27466668181614,1509.0588369952966,1471.0318310420985,38.02700595319811
E0,2022-08-20,Bournemouth,Arsenal,A,3,9,7,9,0.4,0.6,1.2,2.6,1.6,1.6,8.4,11.2,2.8,3.8,13.8,12.2,7,7,0.2,0.6,0.2,10,0.6,0.8,0.8,0.6,1507.6710614269748,1519.502508872465,-11.831447445489855,1493.8060427933494,1536.073380076556,-42.26733728320664
E0,2022-08-21,West Ham,Brighton,A,3,10,5,10,0.4,0.5,1.0,1.4,1.4,1.0,10.0,12.4,3.0,5.0,16.0,13.8,7,8,0.0,0.5,0.5,12,0.2,1.2,0.6,1.0,1524.2680868669509,1529.3568724015,-5.088785534549288,1507.1525530962736,1504.6143173381415,2.5382357581318047
E0,2022-08-21,Leeds,Chelsea,H,8,10,5,10,0.2,0.6,1.6,1.0,2.2,0.4,9.8,18.8,4.0,7.0,14.4,6.4,8,7,0.0,0.75,0.25,4,1.4,0.6,1.0,0.4,1482.13184887066,1556.7037485021544,-74.57189963149449,1491.7313174294063,1531.7963315276795,-40.06501409827342
E0,2022-08-21,Newcastle,Man City,D,7,13,12,13,0.8,0.7,1.2,2.2,3.0,0.6,8.0,19.6,3.6,5.4,14.0,5.8,8,8,0.0714285714285714,0.8571428571428571,0.0714285714285714,14,0.4,1.6,1.6,0.0,1534.457650724362,1574.822845835091,-40.36519511072856,1511.6352617576204,1570.8643117586355,-59.229050001015366
E0,2022-08-22,Man United,Liverpool,H,0,11,8,11,0.5,0.7,0.2,3.2,1.8,1.2,11.2,16.4,3.8,5.8,12.8,7.4,9,7,0.25,0.3125,0.4375,16,0.0,1.2,1.0,0.2,1528.7434377178322,1561.6787660443065,-32.93532832647429,1510.3244460935348,1558.8748719673445,-48.55042587380967
E0,2022-08-27,Brighton,Leeds,H,10,8,9,8,0.2,0.3,1.6,1.0,1.6,1.0,12.2,9.8,4.4,4.0,15.4,14.4,6,6,0.5,0.0,0.5,4,0.6,1.0,1.4,0.6,1479.8717622747834,1501.330785988153,-21.45902371336956,1508.8997586988496,1503.6567820232583,5.2429766755910805
E0,2022-08-27,Chelsea,Leicester,H,7,5,9,5,0.4,0.2,1.0,1.0,2.0,2.0,16.8,7.6,4.8,3.0,8.0,15.6,6,7,0.5,0.125,0.375,16,0.6,0.6,1.2,1.0,1506.8889145532053,1496.071552951452,10.817361601753191,1519.8708669338278,1503.0640376658016,16.80682926802615
E0,2022-08-27,Liverpool,Bournemouth,H,10,3,11,3,0.8,0.1,1.6,1.2,1.2,2.6,18.6,8.4,6.0,2.8,7.6,13.8,5,7,0.8,0.1,0.1,10,1.0,0.4,0.6,0.8,1556.0709778903822,1479.941024159724,76.12995373065814,1553.243185805085,1486.9469032169518,66.29628258813318
E0,2022-08-27,Man City,Crystal Palace,H,11,5,15,5,0.8,0.3,3.2,1.2,1.2,1.4,20.2,10.8,6.2,3.8,7.6,14.0,6,7,0.5625,0.1875,0.25,16,2.0,0.2,0.6,1.0,1566.9057776821803,1505.092540520421,61.813237161759616,1568.6338264468395,1513.070524407016,55.56330203982361
E0,2022-08-27,Arsenal,Fulham,H,9,3,12,3,0.7,0.2,1.4,1.2,0.6,1.4,11.2,8.0,4.2,3.0,11.2,11.6,7,7,0.75,0.0,0.25,4,0.6,0.6,0.6,0.8,1552.6442512806475,1488.1553076635848,64.48894361706289,1542.932519652954,1483.544132117608,59.38838753534583
E0,2022-08-27,Southampton,Man United,A,4,0,4,0,0.3,0.2,1.2,2.8,0.2,3.2,12.6,11.2,3.2,3.8,12.4,12.8,7,5,0.0625,0.4375,0.5,16,0.8,1.6,0.0,1.2,1494.2922077268718,1491.9054544692376,2.3867532576341546,1477.0266303715932,1515.9561322557945,-38.929501884201045
E0,2022-08-27,Brentford,Everton,D,7,4,10,4,0.4,0.1,1.8,2.2,0.8,2.0,13.4,11.2,4.8,3.2,13.6,15.6,7,7,1.0,0.0,0.0,2,1.2,1.0,0.2,1.2,1513.8757142744996,1461.0311140817046,52.84460019279504,1501.2531654248453,1483.0026566262131,18.25050879863215
E0,2022-08-28,Wolves,Newcastle,D,1,7,5,7,0.3,0.4,0.8,1.8,1.2,2.2,13.2,8.0,4.4,3.6,17.0,14.0,8,7,0.25,0.125,0.625,8,0.4,1.4,0.4,1.6,1487.9007735366906,1488.8128727908784,-0.9120992541877512,1493.308489511728,1513.8657470694166,-20.557257557688445
E0,2022-08-28,Nott'm Forest,Tottenham,A,4,9,3,9,1.0,0.5,0.6666666666666666,1.0,2.4,0.6,10.666666666666666,11.4,3.6666666666666665,5.2,20.333333333333332,14.2,8,8,0.5,0.5,0.0,0,0.3333333333333333,1.0,1.8,0.4,1509.0064614174637,1536.9323654026637,-27.92590398519997,1499.8969522015354,1550.9186823939158,-51.021730192380346
E0,2022-08-28,Aston Villa,West Ham,A,4,3,8,3,0.3,0.2,1.2,1.8,1.0,1.4,11.0,10.0,3.8,3.0,13.4,16.0,8,7,0.125,0.5,0.375,8,0.4,1.4,0.2,1.2,1499.037187117856,1490.0370193255962,9.000167792259617,1490.27337932622,1502.8671117355657,-12.593732409345648
E0,2022-08-30,Crystal Palace,Brentford,D,5,7,10,7,0.4,0.4,1.6,2.0,1.8,2.2,9.2,13.4,3.8,4.8,15.0,13.6,3,3,0.0,0.0,1.0,2,0.6,1.8,1.2,1.0,1521.0485082936111,1488.630616575191,32.41789171842015,1511.250868291184,1499.0665515803214,12.184316710862504
E0,2022-08-30,Fulham,Brighton,H,2,10,4,10,0.2,0.6,0.6,1.6,1.6,1.0,9.6,12.2,3.4,4.4,12.4,15.4,3,3,0.25,0.0,0.75,4,0.6,1.0,0.6,1.0,1478.9329565716316,1537.927755122916,-58.99479855128425,1481.5272055534938,1512.9069612045316,-31.37975565103784
E0,2022-08-30,Southampton,Chelsea,H,4,7,4,7,0.3,0.6,1.2,2.8,1.0,1.0,12.6,16.8,3.2,4.8,12.4,8.0,3,3,0.0625,0.625,0.3125,16,0.8,1.6,0.6,0.6,1484.8230260014898,1532.8528193144502,-48.029793312960464,1472.2920395089022,1521.1994708695445,-48.90743136064225
E0,2022-08-30,Leeds,Everton,D,5,5,7,5,0.3,0.1,1.0,1.2,1.0,1.8,9.8,12.2,3.4,4.4,15.4,15.8,3,3,0.25,0.5,0.25,4,1.0,0.8,0.2,1.0,1505.982778058364,1465.4043417707524,40.578436287611794,1499.6495795175765,1485.189270470737,14.460309046839484
E0,2022-08-31,Liverpool,Newcastle,H,10,8,11,8,0.8,0.4,1.6,1.2,1.2,1.4,18.6,10.6,6.0,4.6,7.6,12.2,4,3,0.6428571428571429,0.0714285714285714,0.2857142857142857,14,1.0,0.4,0.6,0.8,1562.7023221052966,1489.6135260914111,73.08879601388549,1556.5588579125422,1514.266073719683,42.29278419285925
E0,2022-08-31,West Ham,Tottenham,D,6,9,2,9,0.4,0.5,1.2,1.0,2.0,0.6,10.4,12.8,3.2,5.6,14.8,15.8,3,3,0.25,0.5,0.25,16,0.4,0.8,1.4,0.4,1515.6972041455351,1547.3045337619974,-31.607329616462263,1507.2936154845834,1556.1047665735828,-48.811151088999395
E0,2022-08-31,Arsenal,Aston Villa,H,9,4,15,4,0.8,0.3,1.4,1.2,1.2,1.8,11.2,11.0,4.2,3.8,11.2,13.4,4,3,0.625,0.375,0.0,8,0.6,0.6,0.4,1.4,1556.6781044088768,1481.509571534584,75.16853287429285,1544.9494462170685,1485.8468755772024,59.10257063986592
E0,2022-08-31,Man City,Nott'm Forest,H,11,4,15,1,0.8,0.0,3.2,1.2,0.5,1.25,20.2,12.25,6.2,3.0,7.6,19.75,4,3,0.5,0.5,0.0,0,2.0,0.2,0.25,1.0,1570.5450899138443,1490.787442985607,79.75764692823759,1570.4534825626715,1494.7108680218685,75.74261454080306
E0,2022-08-31,Bournemouth,Wolves,D,3,1,7,1,0.4,0.2,1.2,4.2,0.8,1.8,8.6,13.2,3.2,4.4,15.6,17.0,4,3,0.0,0.75,0.25,4,0.6,1.4,0.4,1.4,1493.9527822741795,1498.7162054867658,-4.763423212586304,1483.6312311094946,1492.9081628614615,-9.27693175196714
E0,2022-09-01,Leicester,Man United,A,4,3,7,3,0.5,0.2,2.0,2.2,0.4,2.4,8.8,13.0,3.4,4.8,14.4,13.4,5,5,0.1875,0.5625,0.25,16,1.4,1.2,0.2,0.8,1510.0565223801514,1501.3746361946196,8.681886185531766,1501.7354337300849,1520.6907231184853,-18.955289388400388
E0,2022-09-03,Brentford,Leeds,H,5,5,8,5,0.4,0.3,1.6,2.2,1.0,1.2,12.0,9.8,4.4,3.4,12.8,15.4,4,4,0.0,0.5,0.5,2,1.2,1.0,1.0,0.8,1509.5024865854518,1493.3163809767889,16.186105608662956,1499.301100331911,1499.1356607543626,0.1654395775481134
E0,2022-09-03,Aston Villa,Man City,D,3,11,5,11,0.3,0.6,1.4,2.2,3.2,1.2,9.6,20.2,3.8,6.2,16.8,7.6,3,3,0.0,1.0,0.0,8,0.6,1.6,2.0,0.2,1490.1841796198207,1570.3618752114985,-80.17769559167755,1483.8095655753875,1573.003158304446,-89.19359272905854
E0,2022-09-03,Wolves,Southampton,H,2,4,3,4,0.3,0.2,0.8,1.6,1.2,2.8,14.6,12.6,4.4,3.2,15.2,12.4,3,4,0.625,0.125,0.25,8,0.4,1.2,0.8,1.6,1487.100120236158,1459.7610530163147,27.339067219843173,1493.3550723771102,1478.0158465569652,15.339225820144977
E0,2022-09-03,Everton,Liverpool,D,3,10,7,10,0.4,0.7,0.8,1.8,1.6,1.2,11.6,18.6,4.0,6.0,15.4,7.6,4,3,0.0625,0.375,0.5625,16,0.2,1.2,1.0,0.4,1504.9741991707217,1550.4153937197875,-45.44119454906604,1485.703189233951,1558.098780145203,-72.39559091125193
E0,2022-09-03,Nott'm Forest,Bournemouth,A,4,3,3,3,0.5,0.1,0.4,2.2,1.2,4.2,11.4,8.6,2.6,3.2,19.2,15.6,3,3,0.5,0.5,0.0,0,0.2,1.4,0.6,1.4,1498.63429305813,1473.3096799448097,25.32461311332031,1492.1611922800937,1483.184321593846,8.976870686247594
E0,2022-09-03,Newcastle,Crystal Palace,D,5,5,10,5,0.8,0.3,0.8,1.8,1.6,2.0,9.0,9.2,3.6,3.8,15.8,15.0,3,4,0.3571428571428571,0.2142857142857142,0.4285714285714285,14,0.4,1.2,0.6,1.8,1538.9186213479545,1501.453228288757,37.465393059197595,1512.726151487022,1511.0163195395949,1.7098319474271193
E0,2022-09-03,Chelsea,West Ham,H,6,6,9,6,0.5,0.2,1.0,1.2,1.2,1.0,14.6,10.4,4.4,3.2,8.6,14.8,4,3,0.5,0.3125,0.1875,16,0.4,0.4,0.4,0.8,1509.5461224246387,1498.8900268236314,10.656095601007337,1515.4756638214812,1507.966085833803,7.509577987678313
E0,2022-09-03,Tottenham,Fulham,H,9,2,15,2,0.8,0.1,2.2,0.8,0.6,1.6,13.6,9.6,6.4,3.4,15.6,12.4,3,4,0.75,0.0,0.25,4,1.4,0.6,0.6,1.0,1564.904999385168,1484.1214545353555,80.78354484981219,1555.4322962243627,1486.4964357595495,68.93586046481323
E0,2022-09-04,Brighton,Leicester,H,10,4,11,4,0.3,0.2,1.8,0.8,2.0,2.2,13.2,8.8,5.0,3.4,14.0,14.4,5,3,0.0833333333333333,0.6666666666666666,0.25,12,0.8,0.8,1.4,1.2,1487.8861672861474,1493.4143450800186,-5.528177793871237,1507.9377309984757,1497.7869780680826,10.150752930393082
E0,2022-09-04,Man United,Arsenal,H,6,9,10,9,0.5,0.6,0.4,1.8,1.4,1.2,12.0,11.2,4.2,4.2,12.6,11.2,3,4,0.375,0.3125,0.3125,16,0.2,0.6,0.6,0.6,1540.006810042351,1533.22078802526,6.786022017091,1524.6391787804876,1546.986756218883,-22.347577438395778
E0,2022-09-16,Nott'm Forest,Fulham,A,1,2,3,2,0.3333333333333333,0.1,0.6,2.8,0.8,1.6,11.0,9.4,2.0,3.4,17.0,15.2,13,13,0.5,0.5,0.0,0,0.2,2.0,0.8,1.0,1489.2881260850943,1480.196605876179,9.091520208914972,1487.488108793576,1484.5340114299613,2.954097363614665
E0,2022-09-16,Aston Villa,Southampton,H,3,3,6,3,0.3,0.1,1.4,2.2,0.8,2.6,9.6,11.4,3.8,2.4,16.8,12.2,13,13,0.25,0.625,0.125,8,0.6,1.6,0.6,1.6,1495.052647927054,1452.9546768818557,42.09797104519839,1486.2437997290042,1474.6126584897358,11.631141239268343
E0,2022-09-17,Wolves,Man City,A,2,9,6,9,0.3,0.6,0.8,1.6,2.6,1.4,14.6,19.0,4.4,5.8,15.2,6.8,14,14,0.25,0.625,0.125,8,0.4,1.2,1.6,0.4,1493.9064963706169,1565.493406904265,-71.58691053364805,1496.7582604443396,1570.5689241508294,-73.81066370648978
E0,2022-09-17,Newcastle,Bournemouth,D,5,6,8,6,0.7,0.2,0.8,1.8,1.4,3.6,9.0,8.8,3.6,3.2,15.8,14.0,14,14,0.375,0.25,0.375,8,0.4,1.2,1.0,1.0,1536.3475883766098,1482.655846917845,53.691741458764454,1511.4406350013496,1487.857405080364,23.58322992098556
E0,2022-09-17,Tottenham,Leicester,H,9,4,15,4,0.9,0.1,2.2,0.8,2.2,2.6,13.6,8.8,6.4,3.8,15.6,16.4,14,13,0.6875,0.25,0.0625,16,1.4,0.6,1.2,1.4,1568.8298480443443,1482.0593640928607,86.77048395148358,1557.3947205539512,1492.109487574504,65.2852329794473
E0,2022-09-18,Brentford,Arsenal,A,5,6,10,6,0.5,0.5,1.6,2.2,1.2,1.6,12.0,11.8,4.4,3.4,12.8,11.6,15,14,0.5,0.5,0.0,2,1.2,1.0,0.6,1.0,1519.3663413042086,1521.331261622573,-1.9649203183644204,1504.233027691289,1541.04199301754,-36.80896532625093
E0,2022-09-18,Everton,West Ham,H,3,6,5,6,0.4,0.2,0.8,1.8,1.4,1.2,11.6,10.4,4.0,3.4,15.4,11.2,15,15,0.5,0.375,0.125,16,0.2,1.2,0.6,1.0,1508.391501320765,1494.3379474734973,14.053553847267722,1487.4118403089726,1505.690046158736,-18.27820584976348
E0,2022-10-01,Southampton,Everton,A,3,3,4,3,0.3,0.1,0.8,2.2,0.8,1.8,9.0,11.6,1.8,4.0,10.8,15.4,15,13,0.4375,0.375,0.1875,16,0.6,1.4,0.2,1.2,1496.270640097616,1466.4321792971805,29.83846080043577,1470.9443140486082,1490.5921023836718,-19.647788335063524
E0,2022-10-01,West Ham,Wolves,H,3,2,2,2,0.3,0.1,0.6,1.4,0.8,1.6,10.6,14.6,3.2,4.4,11.0,15.2,13,14,0.375,0.625,0.0,8,0.4,1.2,0.4,1.2,1517.0421448439747,1499.6100245180626,17.432120325912138,1502.5097840840367,1493.0683159929931,9.441468091043587
E0,2022-10-01,Fulham,Newcastle,A,5,5,7,5,0.3,0.3,1.2,1.4,0.8,1.8,10.4,9.0,4.2,3.6,15.2,15.8,15,14,0.0,0.5,0.5,4,1.2,0.8,0.4,1.2,1488.8714169837433,1486.5336816260897,2.337735357653628,1489.2078498898616,1510.6346639547785,-21.426814064916925
E0,2022-10-01,Crystal Palace,Chelsea,A,3,6,10,6,0.4,0.6,1.2,1.8,1.0,1.2,10.2,14.6,4.6,4.4,18.0,8.6,28,28,0.1875,0.8125,0.0,16,0.2,1.8,0.4,0.4,1520.5794107904326,1521.405205218324,-0.8257944278914238,1512.3018360252672,1517.7517034965483,-5.449867471281323
E0,2022-10-01,Liverpool,Brighton,D,8,10,11,10,0.8,0.5,1.4,1.2,1.8,0.8,18.4,13.2,5.6,5.0,9.6,14.0,28,27,0.75,0.0833333333333333,0.1666666666666666,12,1.0,0.4,0.8,0.8,1565.782166570618,1527.9892947108042,37.792871859813886,1556.3901290701813,1513.6152214920548,42.77490757812643
E0,2022-10-01,Bournemouth,Brentford,D,7,5,7,5,0.3,0.4,1.4,3.4,1.6,2.2,7.8,12.0,3.2,4.4,16.4,12.8,14,13,0.5,0.5,0.0,0,1.0,1.2,1.2,1.0,1493.0589632428828,1489.0997140783695,3.959249164513267,1488.6633761269354,1496.1837364318726,-7.520360304937185
E0,2022-10-01,Arsenal,Tottenham,H,9,9,15,9,0.8,0.5,1.8,1.0,2.2,0.8,12.8,13.6,4.0,6.4,9.4,15.6,13,14,0.3125,0.4375,0.25,16,0.8,0.8,1.4,0.6,1560.7527244125065,1545.9595930635578,14.793131348948693,1549.0912842769562,1559.7714139363447,-10.680129659388513
E0,2022-10-02,Leeds,Aston Villa,D,4,3,8,3,0.3,0.3,1.4,2.2,1.4,2.2,11.4,9.6,4.2,3.8,14.8,16.8,29,16,0.25,0.5,0.25,4,1.2,1.4,0.6,1.6,1504.9549405319362,1477.4349515309543,27.519989000981923,1494.2037333949845,1489.9121441701318,4.291589224852487
E0,2022-10-02,Man City,Man United,H,9,6,15,6,0.8,0.3,2.2,1.2,0.4,1.8,19.0,12.0,6.2,4.2,6.6,12.6,15,28,0.5,0.375,0.125,16,1.4,0.4,0.2,0.6,1575.644441397394,1509.2715475186242,66.3728938787699,1574.2588686021763,1530.583941981831,43.67492662034533
E0,2022-10-03,Leicester,Nott'm Forest,H,1,1,7,1,0.5,0.0,1.6,3.6,1.0,3.0,10.0,9.8,3.8,2.4,17.0,16.4,16,17,0.5,0.5,0.0,0,0.6,2.2,0.4,2.4,1502.1596110561468,1485.6880915020574,16.471519554089355,1489.7327941921103,1482.8142703336755,6.9185238584345825
E0,2022-10-08,Bournemouth,Leicester,H,7,1,5,1,0.2,0.1,1.4,3.4,1.6,3.6,7.8,10.0,3.2,3.8,16.4,17.0,7,5,0.3,0.2,0.5,10,1.0,1.2,0.6,2.2,1491.9217654144234,1477.3059773280736,14.615788086349768,1488.0947772127056,1496.4399382920212,-8.34516107931563
E0,2022-10-08,Chelsea,Wolves,H,9,1,11,1,0.5,0.1,1.4,1.2,0.4,1.6,13.8,14.8,4.0,4.4,8.2,15.0,7,7,0.25,0.25,0.5,8,0.6,0.2,0.0,1.0,1514.0982017747729,1490.3726764484368,23.725525326336083,1520.400637005228,1488.44964195818,31.950995047047854
E0,2022-10-08,Man City,Southampton,H,9,3,15,3,0.9,0.1,2.2,1.2,0.8,2.2,19.0,9.0,6.2,1.8,6.6,10.8,6,7,0.75,0.0625,0.1875,16,1.4,0.4,0.6,1.4,1579.2590079902225,1445.6179879996007,133.64101999062177,1576.0661518985903,1466.1642035101272,109.9019483884631
E0,2022-10-08,Brighton,Tottenham,A,8,8,13,8,0.4,0.4,1.8,1.4,2.2,1.2,11.0,13.4,4.4,6.4,14.8,15.6,7,7,0.25,0.5833333333333334,0.1666666666666666,12,0.6,1.2,1.2,0.8,1499.2411482733053,1536.2198208200384,-36.97867254673315,1515.317430940729,1554.9015278145848,-39.58409687385574
E0,2022-10-08,Newcastle,Brentford,H,8,6,9,6,0.6,0.4,1.6,1.0,1.6,1.6,11.4,12.2,5.0,4.4,12.2,12.4,7,7,0.5,0.0,0.5,2,0.6,0.8,1.2,0.6,1534.7356462834673,1490.236911906829,44.49873437663837,1520.0631335776677,1496.7523353461024,23.31079823156506
E0,2022-10-09,Crystal Palace,Leeds,H,3,4,7,4,0.4,0.3,1.2,1.8,1.4,2.2,10.2,11.4,4.6,4.2,18.0,14.8,8,7,0.25,0.5,0.25,4,0.2,1.8,1.2,1.4,1515.2815437730735,1483.452526258032,31.82901751504164,1509.6529025165878,1491.9514364468032,17.7014660697846
E0,2022-10-09,West Ham,Fulham,H,3,5,5,5,0.4,0.2,0.6,1.4,1.2,1.4,10.6,10.4,3.2,4.2,11.0,15.2,8,8,0.75,0.0,0.25,4,0.4,1.2,1.2,0.8,1526.2794929136005,1489.5442827959798,36.73521011762068,1507.1284581188495,1479.7793802669726,27.349077851877155
E0,2022-10-09,Arsenal,Liverpool,H,9,8,15,8,0.8,0.6,1.8,1.0,1.4,1.2,12.8,18.4,4.0,5.6,9.4,9.6,8,8,0.125,0.625,0.25,16,0.8,0.8,1.0,0.4,1570.492496656026,1546.9980915697445,23.494405086281404,1553.9611703987157,1554.6879196215068,-0.7267492227911134
E0,2022-10-09,Everton,Man United,A,5,6,8,6,0.5,0.2,1.2,2.0,1.0,2.2,10.8,11.4,4.0,4.8,18.6,13.6,8,7,0.1875,0.4375,0.375,16,0.6,1.4,0.8,0.4,1514.7520254701635,1505.6569809257958,9.095044544367738,1495.3722129221528,1528.7766586854168,-33.40444576326399
E0,2022-10-10,Nott'm Forest,Aston Villa,D,1,1,3,1,0.25,0.2,0.6,3.2,0.8,2.0,9.6,11.0,2.4,3.8,18.2,15.8,7,8,0.5,0.5,0.0,0,0.4,2.0,0.4,1.4,1479.9404491652938,1481.939545427316,-1.999096262022249,1476.1071262337646,1492.1644411183124,-16.05731488454785
E0,2022-10-14,Brentford,Brighton,H,3,8,7,8,0.5,0.5,1.2,2.2,1.8,1.4,9.8,11.0,3.6,4.4,13.6,14.8,6,6,0.0,1.0,0.0,2,1.0,1.2,0.6,1.2,1503.267758785376,1531.3937136081531,-28.125954822777203,1491.509330570118,1512.3377339779734,-20.828403407855376
E0,2022-10-15,Tottenham,Everton,H,8,5,15,5,0.9,0.2,1.4,1.2,1.2,2.0,11.2,10.8,4.4,4.0,16.6,18.6,7,6,0.625,0.0625,0.3125,16,0.6,0.8,0.6,1.4,1573.5832348091317,1475.9924003741423,97.59083443498912,1557.8812247773408,1491.2121565293548,66.66906824798593
E0,2022-10-15,Leicester,Crystal Palace,D,0,3,7,3,0.5,0.3,1.6,3.8,1.2,1.8,11.4,10.2,4.6,4.6,15.0,18.0,7,6,0.3125,0.5,0.1875,16,0.6,2.6,0.2,1.8,1515.5738992559689,1504.0242612601016,11.549637995867217,1493.7339743896591,1512.963145137741,-19.229170748082197
E0,2022-10-15,Wolves,Nott'm Forest,H,1,2,6,1,0.3,0.0,0.2,1.6,0.4,2.8,15.0,8.6,3.8,2.4,13.2,17.6,7,5,0.5,0.5,0.0,0,0.0,1.0,0.2,1.4,1486.5266074679234,1472.2738033022354,14.252804165688076,1483.9376421095874,1476.430371662006,7.507270447581277
E0,2022-10-15,Fulham,Bournemouth,D,4,7,7,7,0.2,0.2,1.2,1.8,1.4,3.4,10.4,7.8,3.6,3.2,16.0,16.4,6,7,0.5,0.5,0.0,2,1.0,1.2,1.0,1.2,1470.0144777379653,1484.2677890109878,-14.253311273022518,1475.069238404107,1490.8007411150677,-15.73150271096074
E0,2022-10-16,Aston Villa,Chelsea,A,2,9,8,9,0.3,0.6,0.6,1.6,1.4,1.2,12.6,13.8,3.8,4.0,12.2,8.2,6,8,0.125,0.75,0.125,8,0.2,0.8,0.6,0.2,1502.389336809309,1526.7030722356828,-24.313735426373796,1491.841195690071,1524.9126368538205,-33.07144116374957
E0,2022-10-16,Liverpool,Man City,H,5,9,11,9,0.7,0.6,1.4,1.6,2.2,1.2,16.6,19.0,5.0,6.2,10.0,6.6,7,8,0.3125,0.375,0.3125,16,1.0,0.6,1.4,0.4,1562.3777476732691,1572.8732958069584,-10.495548133689226,1550.8932658491726,1578.3202177040862,-27.42695185491357
E0,2022-10-16,Man United,Newcastle,D,9,8,10,8,0.6,0.3,1.4,2.2,1.6,1.0,11.8,11.4,4.8,5.0,14.6,12.2,7,8,0.7142857142857143,0.2142857142857142,0.0714285714285714,14,0.8,0.4,0.6,0.8,1551.8963364450378,1505.3906208718677,46.50571557317016,1532.936715078215,1525.306138353652,7.6305767245630705
E0,2022-10-16,Southampton,West Ham,D,3,3,4,3,0.2,0.2,0.6,2.2,0.6,1.4,8.6,10.6,1.4,3.2,12.6,11.0,8,7,0.3125,0.5,0.1875,16,0.4,1.0,0.4,1.2,1486.710419020654,1487.9774233240987,-1.2670043034447644,1463.9101377046318,1511.838599981715,-47.92846227708333
E0,2022-10-16,Leeds,Arsenal,A,4,9,9,9,0.3,0.5,1.4,2.2,1.8,1.0,12.8,12.8,4.6,4.0,13.6,9.4,7,7,0.0,0.75,0.25,4,1.0,1.6,0.8,0.8,1500.4503466355743,1537.4298441414055,-36.979497505831205,1488.6411938256497,1557.75582417105,-69.1146303454002
E0,2022-10-18,Brighton,Nott'm Forest,D,7,1,10,1,0.4,0.0,1.6,1.6,0.2,2.8,12.0,9.4,4.6,2.2,12.4,17.0,4,3,0.5,0.5,0.0,0,0.6,1.2,0.2,1.6,1493.2817543477936,1467.8924914064278,25.389262941365818,1506.5498833532458,1474.2397157141022,32.31016763914363
E0,2022-10-18,Crystal Palace,Wolves,H,3,1,7,1,0.5,0.1,1.0,1.6,0.2,1.6,8.6,15.0,4.0,3.8,18.2,13.2,3,3,0.5,0.375,0.125,8,0.0,1.6,0.0,1.0,1521.9020290153808,1481.348676751251,40.55335226412944,1512.8641400063666,1486.128298057491,26.73584194887553
E0,2022-10-19,Liverpool,West Ham,H,5,4,11,4,0.7,0.2,1.4,1.6,0.6,1.0,16.6,14.2,5.0,3.6,10.0,9.4,3,3,0.75,0.125,0.125,16,1.0,0.6,0.6,0.6,1569.9983038373605,1487.1015520604556,82.89675177690492,1554.7035439312183,1511.4006643498938,43.30287958132476
E0,2022-10-19,Bournemouth,Southampton,A,5,3,8,3,0.3,0.1,1.2,3.6,0.6,2.2,7.2,8.6,3.0,1.4,17.6,12.6,4,3,0.1,0.4,0.5,10,0.8,1.4,0.4,1.0,1497.3336932191476,1441.1098563886094,56.223836830538175,1491.2323745625013,1464.3480733364531,26.884301226048137
E0,2022-10-19,Brentford,Chelsea,D,3,9,10,9,0.6,0.6,1.2,2.2,1.2,1.2,9.8,12.0,3.6,4.0,13.6,10.8,5,3,0.5,0.5,0.0,2,1.0,1.2,0.4,0.2,1514.843460034831,1533.6136582265822,-18.77019819175121,1497.2971811948455,1528.3679298492702,-31.070748654424733
E0,2022-10-19,Man United,Tottenham,H,9,8,10,8,0.5,0.5,1.4,2.2,1.4,1.2,11.8,11.2,4.8,4.4,14.6,16.6,3,4,0.5625,0.3125,0.125,16,0.8,0.4,0.6,0.8,1549.5581545915618,1542.17921474555,7.37893984601169,1531.7676241514769,1561.4719663816204,-29.70434223014354
E0,2022-10-19,Newcastle,Everton,H,6,5,9,5,0.6,0.2,1.2,0.8,1.0,1.4,11.6,10.4,4.2,3.6,12.8,17.6,3,4,0.3571428571428571,0.5,0.1428571428571428,14,0.4,0.6,0.6,1.2,1545.2216558354364,1468.8109171655829,76.41073866985357,1526.47522928039,1487.621414925075,38.85381435531508
E0,2022-10-20,Leicester,Leeds,H,0,4,5,4,0.4,0.3,1.6,3.8,1.4,2.2,11.4,12.8,4.6,4.6,15.0,13.6,5,4,0.5,0.25,0.25,4,0.6,2.6,1.0,1.6,1515.771909518718,1476.832041015725,38.93986850299302,1493.8329795210338,1486.0583203276865,7.774659193347588
E0,2022-10-20,Fulham,Aston Villa,H,4,2,8,2,0.2,0.1,1.2,1.8,0.6,1.6,10.4,12.6,3.6,3.8,16.0,12.2,5,4,0.0,1.0,0.0,2,1.0,1.2,0.2,0.8,1469.1512108430984,1481.293054570833,-12.141843727734567,1474.6376049566734,1488.385902694621,-13.74829773794795
E0,2022-10-22,Nott'm Forest,Liverpool,H,2,5,4,5,0.2,0.5,0.2,2.4,1.4,1.6,9.0,16.6,2.2,5.0,16.2,10.0,4,3,0.5,0.5,0.0,0,0.2,1.2,1.0,0.6,1480.5869400217769,1539.4087840250763,-58.821844003299475,1474.9175054807756,1556.7495354794755,-81.83202999869991
E0,2022-10-22,Everton,Crystal Palace,H,5,3,5,3,0.4,0.2,0.8,1.2,1.0,1.6,7.6,8.6,2.8,4.0,18.4,18.2,3,4,0.5,0.125,0.375,16,0.4,1.0,0.0,1.6,1506.4319126845674,1503.8262509973524,2.6056616872149334,1485.0332315117955,1516.2674225600745,-31.234191048278944
E0,2022-10-22,Man City,Brighton,H,8,7,15,7,0.9,0.5,1.8,1.0,1.6,1.6,16.0,12.0,5.8,4.6,8.0,12.4,6,4,0.9166666666666666,0.0833333333333333,0.0,12,1.0,0.6,0.6,1.2,1583.7671396012138,1519.818012358698,63.949127242515715,1574.5099396220403,1505.8720935865726,68.63784603546765
E0,2022-10-22,Chelsea,Man United,D,7,9,13,9,0.5,0.3,1.0,1.2,1.4,2.2,11.8,11.8,3.8,4.8,10.8,14.6,3,3,0.25,0.3125,0.4375,16,0.4,0.2,0.8,0.4,1523.1222014719583,1513.977093711392,9.14510776056636,1527.4584862698666,1537.4718121403312,-10.01332587046454
E0,2022-10-23,Leeds,Fulham,A,1,4,8,4,0.3,0.1,1.0,2.4,1.2,1.8,12.8,10.4,3.8,3.6,11.8,16.0,3,3,1.0,0.0,0.0,2,0.6,1.4,1.0,1.2,1495.2845996396477,1480.1239990702486,15.160600569398866,1481.9985926634083,1482.039755371473,-0.0411627080643484
E0,2022-10-23,Southampton,Arsenal,D,6,12,5,12,0.2,0.6,0.6,1.4,2.0,0.6,8.4,12.4,1.6,4.4,12.0,9.4,4,7,0.1875,0.5625,0.25,16,0.4,0.6,0.8,0.4,1487.586290284297,1542.5955911373328,-55.00930085303571,1469.1634164627892,1560.3386976690135,-91.17528120622433
E0,2022-10-23,Wolves,Leicester,A,1,0,8,0,0.3,0.1,0.2,1.6,1.6,3.8,14.0,11.4,3.4,4.6,13.6,15.0,5,3,0.25,0.375,0.375,8,0.0,1.2,0.6,2.6,1490.907919363731,1471.8940495233494,19.01386984038163,1482.7250155037834,1497.892707185311,-15.167691681527913
E0,2022-10-23,Tottenham,Newcastle,A,7,6,15,6,0.9,0.3,1.0,1.2,1.2,0.8,11.0,11.6,3.8,4.2,19.0,12.8,4,4,0.7142857142857143,0.1428571428571428,0.1428571428571428,14,0.2,1.0,0.4,0.6,1580.764718017691,1507.7288027253437,73.03591529234723,1555.7677783927663,1529.0634126936698,26.70436569909657
E0,2022-10-23,Aston Villa,Brentford,H,2,3,7,3,0.3,0.3,0.6,1.8,1.2,2.2,12.0,9.8,4.6,3.6,14.4,13.6,3,4,0.0,0.5,0.5,2,0.2,1.0,1.0,1.2,1495.4787508184097,1479.7509023548598,15.72784846354989,1480.983752279822,1498.2066247742491,-17.222872494427065
E0,2022-10-24,West Ham,Bournemouth,H,4,5,7,5,0.4,0.2,0.6,1.0,1.2,3.6,12.0,7.2,3.2,3.0,11.2,17.6,5,5,0.2,0.3,0.5,10,0.6,0.6,0.8,1.4,1535.6997766393315,1485.1310559058547,50.568720733476994,1509.3546728016363,1486.4170314361652,22.93764136547111
E0,2022-10-29,Fulham,Everton,D,6,5,10,5,0.3,0.2,1.8,2.2,0.8,1.2,10.8,7.6,4.0,2.8,17.4,18.4,6,7,0.5,0.5,0.0,4,1.4,1.4,0.4,1.0,1483.9555116726972,1463.6345503390237,20.320961333673495,1486.8366137821197,1491.913201686301,-5.076587904181224
E0,2022-10-29,Liverpool,Leeds,A,2,1,13,1,0.7,0.3,1.0,1.6,1.0,2.4,14.8,12.8,5.4,3.8,11.2,11.8,7,6,0.75,0.0,0.25,4,0.8,0.8,0.6,1.4,1574.090286933875,1468.7125856871698,105.3777012467051,1550.7584634559312,1477.201734252762,73.5567292031692
E0,2022-10-29,Crystal Palace,Southampton,H,3,6,10,6,0.6,0.2,0.6,1.6,0.6,1.4,9.0,8.4,3.4,1.6,17.6,12.0,7,6,0.3125,0.5,0.1875,16,0.0,1.4,0.4,0.6,1528.7085941227965,1450.7405426412813,77.96805148151498,1509.3874523855688,1470.9546644736492,38.4327879119196
E0,2022-10-29,Brighton,Chelsea,H,4,7,8,7,0.4,0.5,1.4,2.0,1.0,1.2,10.6,11.8,4.2,3.8,11.0,10.8,7,7,0.0,0.6666666666666666,0.3333333333333333,12,0.8,1.2,0.4,0.2,1491.9261748144472,1531.794771067775,-39.86859625332772,1503.1810348398558,1526.0486422968463,-22.86760745699075
E0,2022-10-29,Leicester,Man City,A,3,8,7,8,0.4,0.5,2.0,3.0,1.8,1.0,11.2,16.0,5.0,5.8,15.4,8.0,6,7,0.1875,0.8125,0.0,16,0.6,2.2,1.0,0.6,1523.8913648472733,1565.252739642867,-41.36137479559375,1506.906706624898,1577.2009983687572,-70.29429174385905
E0,2022-10-29,Bournemouth,Tottenham,A,5,7,5,7,0.3,0.4,1.2,3.2,1.0,1.2,7.6,11.0,3.4,3.8,17.8,19.0,5,6,0.1,0.7,0.2,10,0.8,1.4,0.2,1.0,1487.7030069664756,1530.7708387678415,-43.06783180136608,1483.942984757286,1550.7022126804009,-66.75922792311485
E0,2022-10-29,Newcastle,Aston Villa,H,8,2,9,2,0.6,0.1,1.6,1.0,0.6,1.8,13.4,12.0,5.0,4.6,13.6,14.4,6,6,0.25,0.375,0.375,8,0.4,0.8,0.2,1.0,1550.3980226619956,1466.4887537412342,83.9092689207614,1534.128978406035,1487.9529535557367,46.17602485029829
E0,2022-10-29,Brentford,Wolves,D,2,1,8,1,0.5,0.0,0.8,2.6,0.2,1.6,10.6,14.0,3.6,3.4,14.6,13.6,6,6,0.5,0.5,0.0,2,0.6,1.2,0.0,1.2,1516.6623471936382,1474.5421116438358,42.12023554980237,1491.237423498334,1473.7110160641969,17.526407434137127
E0,2022-10-30,Man United,West Ham,H,10,4,10,4,0.6,0.2,1.6,1.6,0.6,1.0,11.4,12.0,5.2,3.2,13.2,11.2,8,6,0.5625,0.125,0.3125,16,1.0,0.6,0.6,0.6,1560.9665305692702,1483.009568963941,77.95696160532907,1538.8816561133513,1511.8287194805157,27.052936632835554
E0,2022-10-30,Arsenal,Nott'm Forest,H,10,2,15,2,0.8,0.0,1.8,0.8,0.2,2.4,12.8,9.0,4.6,2.2,9.4,16.2,7,8,0.5,0.5,0.0,0,0.6,0.6,0.2,1.2,1578.081804200694,1469.2480709397742,108.83373326091989,1558.5474496581537,1480.90857750432,77.63887215383352
E0,2022-11-05,Man City,Fulham,H,8,6,15,6,1.0,0.2,1.6,1.0,1.8,2.2,16.2,10.8,6.4,4.0,8.8,17.4,7,7,1.0,0.0,0.0,4,1.0,0.6,1.4,1.4,1589.1492570946475,1489.7177158915422,99.43154120310533,1579.038089481937,1485.8693772774432,93.16871220449389
E0,2022-11-05,Nott'm Forest,Brentford,D,1,2,4,2,0.3333333333333333,0.3,0.0,3.2,0.8,2.6,7.2,10.6,1.6,3.6,17.2,14.6,6,7,0.5,0.5,0.0,0,0.0,1.8,0.6,1.2,1492.569084068866,1465.81249980303,26.75658426583595,1478.6793315203822,1490.1569928596095,-11.477661339227325
E0,2022-11-05,Wolves,Brighton,A,2,4,7,4,0.3,0.4,0.4,1.6,1.4,2.0,12.8,10.6,3.6,4.2,13.8,11.0,7,7,0.25,0.25,0.5,8,0.2,1.2,0.8,1.2,1472.8799204845575,1514.4358948652643,-41.55597438070663,1474.7914467029211,1511.4499062587083,-36.658459555786976
E0,2022-11-05,Leeds,Bournemouth,H,3,5,5,5,0.2,0.2,1.0,2.2,1.2,3.2,13.0,7.6,4.0,3.4,13.4,17.8,7,7,0.5,0.5,0.0,0,0.4,1.0,0.8,1.4,1485.690882818354,1480.1829625480964,5.5079202702575,1483.2800890830229,1480.7890338875566,2.491055195466288
E0,2022-11-05,Everton,Leicester,A,5,3,8,3,0.4,0.2,0.6,1.0,2.0,3.0,6.6,11.2,2.2,5.0,19.4,15.4,7,7,0.5,0.25,0.25,16,0.4,0.8,0.6,2.2,1520.1918530335784,1489.9220484025227,30.26980463105565,1492.8804381909774,1505.0696155117182,-12.189177320740782
E0,2022-11-06,Chelsea,Arsenal,A,7,10,11,10,0.5,0.6,1.2,1.4,1.8,0.8,12.0,12.8,4.6,4.6,12.2,9.4,8,7,0.3125,0.3125,0.375,16,0.6,0.2,0.6,0.6,1520.302513525918,1539.013095115613,-18.71058158969481,1517.779770877994,1560.7766956420917,-42.99692476409746
E0,2022-11-06,Aston Villa,Man United,H,2,10,7,10,0.4,0.3,0.4,2.0,1.6,1.6,10.0,11.4,3.6,5.2,15.0,13.2,8,7,0.125,0.5,0.375,8,0.2,1.2,1.0,0.6,1509.4171533702397,1516.796781657432,-7.379628287192645,1483.3435422336702,1540.258912737782,-56.915370504111706
E0,2022-11-06,Southampton,Newcastle,A,3,8,5,8,0.2,0.4,0.2,1.4,1.6,1.0,9.4,13.4,1.8,5.0,13.2,13.6,8,8,0.2142857142857142,0.5,0.2857142857142857,14,0.0,0.4,0.4,0.8,1491.168786306017,1517.8599341500744,-26.69114784405747,1468.7187810120722,1538.7383897281015,-70.01960871602932
E0,2022-11-06,West Ham,Crystal Palace,A,1,3,10,3,0.4,0.1,0.4,1.2,0.6,1.6,13.2,9.0,3.8,3.4,12.6,17.6,7,8,0.375,0.1875,0.4375,16,0.4,0.6,0.0,1.4,1540.64786999709,1490.0663106483414,50.58155934874867,1510.4514628560848,1511.6233358471457,-1.171872991060809
E0,2022-11-06,Tottenham,Liverpool,A,7,2,12,2,0.8,0.4,1.2,1.6,1.0,1.6,12.0,14.8,3.8,5.4,16.8,11.2,8,8,0.125,0.5625,0.3125,16,0.6,1.2,0.8,0.8,1570.6335865929602,1527.4266399779872,43.20694661497305,1553.8561635501303,1544.68010862567,9.17605492446046
E0,2022-11-12,Newcastle,Chelsea,H,10,7,11,7,0.6,0.4,2.2,1.0,1.2,1.4,10.6,12.0,4.6,4.6,14.8,12.2,6,6,0.2857142857142857,0.7142857142857143,0.0,14,0.8,1.0,0.6,0.2,1559.6168453061289,1515.25702823007,44.35981707605879,1543.463238066712,1514.2122425321727,29.250995534539243
E0,2022-11-12,Wolves,Arsenal,A,2,10,6,10,0.2,0.6,0.4,1.6,1.4,0.8,12.8,12.8,3.6,3.8,13.8,9.2,7,6,0.375,0.375,0.25,8,0.2,1.2,0.6,0.6,1466.2552776596583,1546.1481518072555,-79.89287414759701,1471.4791252904715,1564.3442239879128,-92.86509869744124
E0,2022-11-12,Nott'm Forest,Crystal Palace,H,1,5,5,5,0.2857142857142857,0.2,0.0,3.2,0.8,1.6,7.2,10.6,1.6,4.0,17.2,13.8,7,6,0.5,0.5,0.0,0,0.0,1.8,0.2,1.2,1493.4066629022832,1502.877197180015,-9.470534277731758,1479.0981209370907,1518.0287791129824,-38.93065817589172
E0,2022-11-12,Man City,Brentford,A,8,3,15,3,1.0,0.2,1.6,1.0,0.8,2.4,16.2,9.2,6.4,3.0,8.8,14.0,7,7,1.0,0.0,0.0,2,1.0,0.6,0.6,1.2,1591.1711132481337,1464.9749209696129,126.1961922785208,1580.04901755868,1489.738203442901,90.31081411577908
E0,2022-11-12,Tottenham,Leeds,H,7,3,9,3,0.8,0.3,1.2,1.6,1.0,2.2,12.0,13.0,3.8,4.0,16.8,13.4,6,7,0.75,0.25,0.0,4,0.6,1.2,0.4,1.0,1561.2197459266602,1480.8692953476918,80.35045057896832,1549.1492432169805,1485.540772422858,63.60847079412224
E0,2022-11-12,West Ham,Leicester,A,1,6,10,6,0.3,0.3,0.4,1.2,2.2,2.6,13.2,12.2,3.8,5.6,12.6,16.4,6,7,0.375,0.3125,0.3125,16,0.4,0.6,0.6,1.8,1527.8369834654166,1504.5462805785287,23.290702886887857,1504.046019590248,1512.3817315997212,-8.335712009473127
E0,2022-11-12,Liverpool,Southampton,H,4,3,10,3,0.6,0.2,1.0,1.4,0.2,1.4,15.2,9.4,5.8,1.8,12.2,13.2,6,6,0.8125,0.0625,0.125,16,0.4,0.8,0.0,0.4,1561.933577273353,1446.2687757181277,115.66480155522528,1549.38702895882,1463.993932673462,85.39309628535807
E0,2022-11-12,Bournemouth,Everton,H,5,5,5,5,0.3,0.2,1.8,2.2,0.6,1.0,8.4,6.6,4.2,2.2,17.6,19.4,7,7,0.5,0.4,0.1,10,1.0,1.2,0.4,0.8,1481.3951052270168,1465.5690233483765,15.826081878640252,1478.5283505477214,1485.5683221029744,-7.039971555253032
E0,2022-11-13,Fulham,Man United,A,6,7,8,7,0.3,0.3,1.8,2.2,1.6,2.2,9.4,10.8,3.8,4.6,16.2,11.0,8,7,0.0,0.75,0.25,4,1.2,1.2,0.8,0.8,1482.0210386633444,1503.0369468647536,-21.015908201409275,1484.8584492007003,1533.3789953414423,-48.520546140742226
E0,2022-11-13,Brighton,Aston Villa,A,4,2,10,2,0.5,0.1,1.6,2.4,0.4,2.0,12.2,10.0,5.4,3.6,10.0,15.0,8,7,0.1666666666666666,0.5,0.3333333333333333,6,0.8,1.2,0.2,1.2,1508.4639176521523,1457.269931097101,51.1939865550512,1514.762227671158,1490.2234596300095,24.538768041148387
E0,2022-12-26,Leicester,Newcastle,A,9,10,7,10,0.4,0.5,2.2,1.6,2.2,1.0,12.8,10.6,6.0,4.6,15.4,14.8,44,44,0.5714285714285714,0.4285714285714285,0.0,14,0.8,1.2,0.8,1.0,1520.2171826209135,1527.3096308272952,-7.092448206381505,1519.4249367922075,1546.2989138012708,-26.873977009063083
E0,2022-12-26,Southampton,Brighton,A,3,4,5,4,0.2,0.4,0.4,1.8,1.6,2.4,8.8,12.2,2.6,5.4,14.8,10.0,44,43,0.25,0.0833333333333333,0.6666666666666666,12,0.0,0.4,0.8,1.2,1481.7190896287962,1521.0605376901635,-39.34144806136737,1462.6274129718531,1508.891294863114,-46.26388189126101
E0,2022-12-26,Aston Villa,Liverpool,A,5,4,10,4,0.4,0.4,0.6,1.8,1.0,1.4,10.8,15.2,3.4,5.8,12.0,12.2,43,44,0.25,0.75,0.0,8,0.2,1.0,0.4,0.8,1523.176988162918,1536.8404806442873,-13.663492481369303,1496.094392438053,1550.753548660429,-54.659156222375714
E0,2022-12-26,Arsenal,West Ham,H,13,1,15,1,0.9,0.2,1.6,0.2,0.4,1.2,12.4,13.2,4.0,3.8,9.4,12.6,44,44,0.75,0.0625,0.1875,16,0.8,0.2,0.4,0.6,1582.54029616857,1480.2550557150796,102.28524045349036,1567.3146082754788,1497.0028143977615,70.31179387771726
E0,2022-12-26,Crystal Palace,Fulham,A,5,6,10,6,0.6,0.2,0.4,1.0,1.8,2.2,11.8,9.4,3.6,3.8,12.0,16.2,44,43,0.75,0.0,0.25,4,0.2,0.6,1.2,1.2,1533.18036104595,1487.695859738056,45.48450130789388,1512.234969737238,1481.693883682517,30.541086054720836
E0,2022-12-26,Brentford,Tottenham,D,5,7,8,7,0.4,0.4,1.0,2.4,1.2,1.6,9.4,12.0,4.0,3.8,17.2,16.8,44,44,0.0,0.5,0.5,2,0.6,1.0,0.6,1.2,1514.5014859161893,1537.0787405073006,-22.57725459111134,1497.2784813299268,1551.318701894278,-54.04022056435133
E0,2022-12-26,Everton,Wolves,A,4,2,7,2,0.4,0.0,0.4,1.4,0.4,1.6,8.2,12.8,2.4,3.6,19.8,13.8,44,44,0.375,0.5,0.125,8,0.4,0.8,0.2,1.2,1505.5676208575724,1476.7029729212848,28.86464793628761,1479.6823852494026,1468.5087410029057,11.173644246496906
E0,2022-12-27,Chelsea,Bournemouth,H,7,5,10,5,0.5,0.2,1.0,1.2,1.8,2.2,11.0,8.4,4.2,4.2,12.4,17.6,45,45,0.5,0.4,0.1,10,0.6,0.4,1.0,1.2,1513.1674568342755,1475.661595868426,37.50586096584948,1511.376566797614,1484.4142874012932,26.96227939632081
E0,2022-12-27,Man United,Nott'm Forest,H,7,1,13,1,0.6,0.0,1.8,2.4,0.0,3.2,11.8,7.2,6.0,1.6,11.8,17.2,44,45,0.5,0.5,0.0,0,1.0,1.0,0.0,1.8,1563.7210438181316,1464.7895789718982,98.93146484623344,1536.5435608596258,1484.8919303128357,51.65163054679033
E0,2022-12-28,Leeds,Man City,A,3,8,5,8,0.3,0.6,1.6,2.8,1.6,1.0,13.4,16.2,4.6,6.4,13.6,8.8,46,46,0.25,0.5,0.25,4,0.6,1.4,1.0,0.6,1490.2122494980242,1568.9269218692266,-78.71467237120237,1483.3713137455604,1572.5087396716544,-89.13742592609401
E0,2022-12-30,West Ham,Brentford,A,1,5,9,5,0.3,0.2,0.4,1.4,1.0,2.4,13.6,9.4,4.0,4.0,14.2,17.2,4,4,0.0,1.0,0.0,2,0.2,0.8,0.6,1.0,1513.7505730804437,1480.0554767436645,33.69509633677899,1495.811237233857,1497.5452145958975,-1.733977362040605
E0,2022-12-30,Liverpool,Leicester,H,7,9,10,9,0.6,0.4,1.4,1.2,2.2,1.6,15.0,12.8,6.6,6.0,12.2,15.4,4,4,0.6875,0.1875,0.125,16,0.4,0.8,0.8,1.2,1564.6666166765708,1518.6326909635018,46.03392571306904,1556.34342679785,1511.4536614820624,44.8897653157876
E0,2022-12-31,Bournemouth,Crystal Palace,A,2,5,7,5,0.4,0.2,1.2,2.2,0.4,1.0,8.6,11.8,4.4,3.6,18.4,12.0,4,5,0.1,0.4,0.5,10,0.4,1.2,0.2,0.6,1493.1669789341606,1491.2895784285256,1.8774005056350231,1481.439597395582,1500.3735046561362,-18.93390726055418
E0,2022-12-31,Fulham,Southampton,H,9,3,5,3,0.3,0.2,2.2,1.8,0.4,1.8,12.2,8.8,5.4,2.6,12.4,14.8,5,5,0.25,0.5,0.25,4,1.4,1.0,0.0,0.4,1475.6919076269778,1443.53573631491,32.156171312067954,1493.5553487636184,1458.92460691654,34.6307418470783
E0,2022-12-31,Man City,Everton,D,10,4,12,4,0.9,0.1,1.6,0.6,0.4,1.4,17.2,8.2,6.2,2.4,8.2,19.8,3,5,0.6875,0.0625,0.25,16,1.0,0.6,0.4,0.8,1576.090557474082,1453.7971496412326,122.29340783284944,1576.2917420828476,1476.0321146533483,100.25962742949925
E0,2022-12-31,Newcastle,Leeds,D,13,3,13,3,0.6,0.2,2.6,0.6,1.6,2.8,12.0,13.4,5.2,4.6,11.8,13.6,5,3,0.25,0.5,0.25,4,0.8,0.6,0.6,1.4,1565.2881967752462,1476.5303779930966,88.75781878214957,1554.270189111416,1479.588311334367,74.68187777704907
E0,2022-12-31,Brighton,Arsenal,A,7,13,7,13,0.5,0.6,2.0,2.2,1.6,0.2,12.2,12.4,5.4,4.0,10.8,9.4,5,5,0.4166666666666667,0.3333333333333333,0.25,12,0.8,1.0,0.8,0.2,1496.7220520360647,1552.0889203823874,-55.36686834632269,1512.594100918427,1568.5061854393834,-55.91208452095634
E0,2022-12-31,Wolves,Man United,A,4,7,3,7,0.2,0.4,0.8,1.8,1.8,2.4,10.8,11.8,3.6,6.0,15.2,11.8,5,4,0.25,0.375,0.375,8,0.4,1.2,1.0,1.0,1460.314509084527,1509.3660779011202,-49.051568816593544,1472.1590115989598,1538.429882674002,-66.27087107504212
E0,2023-01-01,Nott'm Forest,Chelsea,D,1,7,8,7,0.375,0.4,0.0,2.6,1.0,1.2,7.2,11.0,2.0,4.2,17.2,12.4,5,5,0.5,0.5,0.0,0,0.0,1.4,0.6,0.4,1504.9942816537723,1509.5856767609523,-4.591395107179778,1483.0056084984594,1514.3512568033252,-31.34564830486579
E0,2023-01-01,Tottenham,Aston Villa,A,7,5,9,5,0.8,0.2,1.4,1.8,0.6,1.8,12.6,10.8,4.6,3.4,15.8,12.0,6,6,0.75,0.25,0.0,8,1.0,1.2,0.2,1.0,1565.5586632812551,1469.0117967131887,96.54686656806666,1551.0519686283071,1490.5045143006323,60.54745432767504
E0,2023-01-02,Brentford,Liverpool,H,7,7,6,7,0.4,0.5,1.4,2.4,1.4,1.2,8.6,15.0,4.4,6.6,19.8,12.2,3,3,0.0,0.5,0.5,2,0.6,1.0,0.4,0.8,1515.0349524481308,1548.0202369191295,-32.98528447099875,1505.5090856691809,1558.999661598617,-53.49057592943609
E0,2023-01-03,Everton,Brighton,A,2,7,6,7,0.3,0.5,0.2,1.4,2.0,2.2,6.2,12.2,1.6,5.4,18.6,10.8,3,3,0.5,0.25,0.25,12,0.2,0.6,0.8,1.0,1498.267079665464,1528.4661498007893,-30.1990701353252,1479.3365120947574,1508.717799314138,-29.381287219380734
E0,2023-01-03,Arsenal,Newcastle,D,13,13,15,13,1.0,0.5,1.8,0.6,2.6,0.6,12.6,12.0,4.0,5.2,10.2,11.8,3,3,0.7857142857142857,0.2142857142857142,0.0,14,1.0,0.6,0.8,0.6,1584.9234504963792,1543.2521814475858,41.67126904879342,1572.382487043672,1552.3849421446755,19.99754489899624
E0,2023-01-03,Leicester,Fulham,A,9,9,7,9,0.4,0.3,2.0,0.8,2.2,1.8,10.4,12.2,5.0,5.4,16.4,12.4,4,3,0.5,0.25,0.25,4,0.8,0.4,1.4,1.0,1504.2746320006231,1511.418789900259,-7.144157899635957,1508.7974266812955,1495.134813634399,13.662613046896697
E0,2023-01-03,Man United,Bournemouth,H,10,2,13,2,0.7,0.2,1.4,1.2,1.2,2.2,12.6,8.6,5.6,4.4,9.4,18.4,3,3,0.8,0.1,0.1,10,0.6,0.6,0.4,1.2,1567.4936874468838,1469.7122158570032,97.78147158988054,1541.3288693004602,1475.889442979316,65.43942632114408
E0,2023-01-04,Leeds,West Ham,D,4,1,4,1,0.3,0.2,1.2,1.8,0.4,1.4,11.6,13.6,3.6,4.0,14.0,14.2,4,5,0.25,0.75,0.0,4,0.4,0.8,0.2,0.8,1482.6462446756375,1477.8719013872703,4.774343288367163,1481.4735583011072,1487.8473661605735,-6.373807859466297
E0,2023-01-04,Aston Villa,Wolves,D,7,4,9,4,0.4,0.1,1.0,1.8,0.8,1.8,9.6,10.8,2.8,3.6,11.4,15.2,3,4,0.1666666666666666,0.6666666666666666,0.1666666666666666,6,0.6,1.0,0.4,1.2,1511.9972318880757,1484.003514113393,27.993717774682636,1500.0980911241938,1469.2600249725017,30.838066151692377
E0,2023-01-04,Crystal Palace,Tottenham,A,7,7,9,7,0.6,0.4,0.8,1.0,1.4,1.8,11.0,12.6,3.0,4.6,8.6,15.8,4,3,0.125,0.6875,0.1875,16,0.2,0.6,1.0,1.2,1509.4574308837468,1536.5452739753591,-27.087843091612285,1505.9236590724022,1541.4583918047456,-35.5347327323434
E0,2023-01-04,Southampton,Nott'm Forest,A,3,1,2,1,0.1,0.0,0.6,2.0,0.0,2.6,9.2,7.2,3.0,2.0,14.2,17.2,4,3,0.5,0.5,0.0,0,0.2,0.6,0.0,1.4,1474.3134775181704,1461.016935343146,13.296542175024342,1457.3451420457595,1484.517580475389,-27.172438429629437
E0,2023-01-05,Chelsea,Man City,A,5,10,10,10,0.5,0.6,0.8,1.2,1.6,0.6,9.8,17.2,4.0,6.2,13.4,8.2,4,5,0.3125,0.5625,0.125,16,0.4,0.6,1.0,0.6,1519.1168368456983,1576.492926691613,-57.376089845914976,1512.8392848263957,1572.9873446414383,-60.14805981504287
E0,2023-01-12,Fulham,Chelsea,H,9,5,8,5,0.4,0.4,1.8,1.4,0.8,1.2,11.4,9.8,4.4,4.0,13.2,13.4,9,7,0.0,1.0,0.0,4,0.8,0.8,0.4,0.6,1478.850837368539,1506.5617328070932,-27.71089543855419,1497.9668995848629,1511.054767634134,-13.087868049271036
E0,2023-01-13,Aston Villa,Leeds,H,7,4,7,4,0.4,0.2,1.0,1.8,1.2,1.8,9.6,11.6,2.8,3.6,11.4,14.0,9,9,0.4,0.2,0.4,5,0.6,1.0,0.4,0.8,1509.6304543012354,1480.300871926577,29.329582374658457,1498.9147023307737,1481.5921137739451,17.322588556828578
E0,2023-01-14,Brentford,Bournemouth,H,7,1,9,1,0.4,0.2,1.4,2.4,1.0,2.6,8.6,8.0,4.4,4.6,19.8,18.0,12,11,0.0,0.0,1.0,1,0.6,1.0,0.2,1.4,1531.3679167347573,1467.695295858112,63.67262087664517,1513.675567812494,1474.8809829798706,38.794584832623514
E0,2023-01-14,Nott'm Forest,Leicester,H,4,9,9,9,0.3333333333333333,0.3,0.2,1.8,2.0,0.8,7.4,10.4,1.6,5.0,15.4,16.4,10,11,0.0,1.0,0.0,1,0.0,1.2,0.8,0.4,1508.0182256076316,1513.3202213619684,-5.301995754336758,1490.7591303327283,1505.965340730832,-15.206210398103394
E0,2023-01-14,Everton,Southampton,A,2,3,3,3,0.3,0.2,0.2,1.4,0.6,2.0,6.2,9.2,1.6,3.0,18.6,14.2,11,10,0.4117647058823529,0.4117647058823529,0.1764705882352941,17,0.2,0.6,0.2,0.6,1490.020926396128,1440.3768065733486,49.64411982277943,1475.2134354600894,1451.10359218842,24.109843271669433
E0,2023-01-14,Man United,Man City,H,10,12,13,12,0.7,0.6,1.4,1.2,1.6,0.4,12.6,17.0,5.6,6.0,9.4,9.2,11,9,0.3529411764705882,0.5294117647058824,0.1176470588235294,17,0.6,0.6,1.0,0.4,1569.510607445775,1580.061961076137,-10.5513536303622,1542.3373292999058,1574.7718618337003,-32.43453253379448
E0,2023-01-14,Wolves,West Ham,H,5,2,3,2,0.2,0.1,1.0,1.6,0.8,1.6,9.8,13.8,3.4,3.6,14.2,15.6,10,10,0.5555555555555556,0.4444444444444444,0.0,9,0.4,1.2,0.4,0.8,1454.51653583161,1477.6347904415943,-23.11825460998421,1470.4434137659218,1487.7288106877356,-17.2853969218138
E0,2023-01-14,Brighton,Liverpool,H,9,6,4,6,0.5,0.4,2.2,1.8,1.6,1.8,14.8,13.6,5.8,6.2,9.8,11.4,11,12,0.0769230769230769,0.6923076923076923,0.2307692307692307,13,1.2,0.8,0.6,1.0,1488.9694488274872,1531.6872726325032,-42.717823805016,1512.840875948806,1550.8331794553037,-37.99230350649759
E0,2023-01-15,Chelsea,Crystal Palace,H,2,7,7,7,0.5,0.2,0.6,1.6,0.8,1.0,12.2,11.0,5.2,3.0,11.4,8.6,3,11,0.8235294117647058,0.1764705882352941,0.0,17,0.4,0.8,0.2,0.6,1515.5478024611746,1502.3898872610573,13.15791520011726,1508.1948466485676,1497.8677572673514,10.327089381216185
E0,2023-01-15,Newcastle,Fulham,H,11,9,13,9,0.6,0.4,1.8,0.4,1.8,1.4,9.8,11.4,3.4,4.4,14.6,13.2,12,3,0.6,0.0,0.4,5,0.6,0.4,0.8,0.8,1561.517702841766,1517.082961801187,44.43474104057918,1553.021397655299,1500.8268205704292,52.19457708487016
E0,2023-01-15,Tottenham,Arsenal,A,10,13,6,13,0.7,0.7,2.0,1.2,1.8,0.6,14.0,12.6,5.2,4.0,15.2,10.2,11,12,0.4117647058823529,0.3529411764705882,0.2352941176470588,17,1.8,0.8,1.0,0.6,1546.371509634132,1559.841523590965,-13.470013956832872,1549.514293609796,1571.7460315330486,-22.231737923252467
E0,2023-01-18,Crystal Palace,Man United,D,6,10,9,10,0.5,0.5,0.8,1.2,1.4,1.2,11.4,12.6,3.8,5.6,8.8,9.4,3,4,0.1875,0.6875,0.125,16,0.2,0.8,0.6,0.6,1493.3456272736455,1515.1640511540368,-21.81842388039104,1494.269882773819,1547.2840970569505,-53.0142142831312
E0,2023-01-19,Man City,Tottenham,H,9,10,10,10,0.8,0.5,1.2,0.8,2.0,1.2,14.8,14.0,4.8,5.2,9.6,15.2,5,4,0.5625,0.3125,0.125,16,1.0,0.8,1.8,0.8,1569.4817625912638,1552.6570775854602,16.82468500580353,1569.825094076656,1544.892099216299,24.932994860357212
E0,2023-01-21,Bournemouth,Nott'm Forest,D,0,4,6,4,0.3,0.1111111111111111,0.6,2.6,0.2,1.8,7.4,7.4,3.8,1.6,16.6,15.4,7,7,1.0,0.0,0.0,1,0.2,1.4,0.0,1.2,1482.066670101629,1473.5000350578257,8.566635043803444,1471.5064731657276,1498.1609463132927,-26.654473147565113
E0,2023-01-21,Crystal Palace,Newcastle,D,6,11,7,11,0.4,0.5,0.8,1.2,1.8,0.4,11.4,9.8,3.8,3.4,8.8,14.6,3,6,0.2,0.3333333333333333,0.4666666666666667,15,0.2,0.8,0.6,0.4,1494.4987535980088,1544.5250924688328,-50.02633887082402,1494.8464459360007,1556.8516768867416,-62.00523095074095
E0,2023-01-21,West Ham,Everton,H,1,2,6,2,0.3,0.1,0.6,1.6,0.2,1.4,12.0,6.2,3.6,1.6,17.0,18.6,7,7,0.3529411764705882,0.5294117647058824,0.1176470588235294,17,0.2,1.0,0.2,0.6,1497.822830933877,1460.405944524051,37.41688640982602,1483.8110846925665,1470.6398196713112,13.171265021255294
E0,2023-01-21,Liverpool,Chelsea,D,6,2,12,2,0.7,0.3,1.2,1.8,0.6,1.6,13.2,12.2,6.0,5.2,12.4,11.4,7,6,0.3125,0.25,0.4375,16,0.4,1.4,0.4,0.8,1569.9790862781042,1500.8418908359606,69.1371954421436,1542.7363940686737,1511.7927211421002,30.943672926573527
E0,2023-01-21,Leicester,Brighton,D,9,9,4,9,0.3,0.5,1.8,0.8,2.2,1.8,9.8,14.8,4.2,5.8,17.4,9.8,7,7,0.6153846153846154,0.1538461538461538,0.2307692307692307,13,0.8,0.4,1.2,0.8,1498.6104600996955,1536.7123030701252,-38.10184297042974,1498.5635247502678,1520.9376613354364,-22.37413658516857
E0,2023-01-21,Southampton,Aston Villa,A,6,7,2,7,0.1,0.2,1.0,1.4,1.0,1.8,10.8,9.6,4.0,2.8,12.4,11.4,7,8,0.5555555555555556,0.3333333333333333,0.1111111111111111,9,0.6,0.2,0.6,1.0,1461.830377803491,1488.198950360312,-26.368572556820936,1455.677207977198,1501.5981054662689,-45.92089748907074
E0,2023-01-22,Man City,Wolves,H,9,5,10,5,0.8,0.1,1.2,0.8,1.0,1.6,14.8,9.8,4.8,3.4,9.6,14.2,3,8,0.6666666666666666,0.2222222222222222,0.1111111111111111,9,1.0,0.8,0.4,1.2,1578.3862527092467,1486.370291700233,92.01596100901338,1574.2773391356473,1474.3611397610907,99.91619937455653
E0,2023-01-22,Arsenal,Man United,H,13,8,13,8,0.9,0.5,2.0,0.6,1.2,1.2,13.6,13.2,4.2,5.6,10.4,9.2,7,4,0.2941176470588235,0.4117647058823529,0.2941176470588235,17,1.0,0.6,0.6,0.8,1583.6505394751323,1514.0109248296735,69.63961464545855,1576.368225926546,1546.7075338947689,29.660692031777216
E0,2023-01-22,Leeds,Brentford,D,4,7,4,7,0.3,0.3,1.2,1.8,1.4,2.4,12.8,8.6,3.6,4.4,13.6,19.8,9,8,0.3333333333333333,0.3333333333333333,0.3333333333333333,3,0.6,0.8,0.6,1.0,1482.8833556213135,1495.983218890231,-13.099863268917488,1478.90871063845,1517.050077626637,-38.141366988186974
E0,2023-01-23,Fulham,Tottenham,A,9,7,10,7,0.5,0.4,1.6,1.0,2.2,2.0,10.8,14.2,4.0,5.2,13.8,15.6,8,4,0.0,0.8,0.2,5,0.8,0.6,1.8,1.6,1484.5706793396716,1543.7525874674773,-59.18190812780563,1496.9965413389868,1540.4398541573073,-43.443312818320464
E0,2023-02-03,Chelsea,Fulham,D,2,9,7,9,0.6,0.4,0.6,1.6,1.6,1.0,11.6,10.8,4.6,4.0,12.8,13.8,13,11,0.8,0.2,0.0,5,0.4,0.8,0.8,0.6,1522.7435514482395,1509.4224033383018,13.321148109937669,1513.535232452576,1494.4582419430335,19.076990509542384
E0,2023-02-04,Everton,Arsenal,H,2,13,3,13,0.2,0.8,0.2,1.4,2.0,0.6,6.4,13.6,2.0,4.2,16.6,10.4,14,13,0.3125,0.5625,0.125,16,0.2,0.2,1.0,0.6,1480.8736948185715,1569.08591237796,-88.21221755938814,1466.9443771299802,1578.235641693443,-111.29126456346285
E0,2023-02-04,Aston Villa,Leicester,A,9,9,10,9,0.5,0.3,1.0,1.6,1.8,0.8,10.4,9.8,3.4,4.2,11.8,17.4,14,14,0.375,0.5,0.125,8,0.8,1.0,0.8,0.4,1514.997260572226,1498.5165894008398,16.48067117138612,1505.1133149230473,1499.6745482928209,5.438766630226382
E0,2023-02-04,Brentford,Southampton,H,8,6,9,6,0.5,0.3,1.2,1.4,1.0,1.4,8.6,10.8,3.8,4.0,18.4,12.4,13,14,0.5,0.5,0.0,2,0.4,0.4,0.6,0.2,1538.116936363043,1449.524038150905,88.59289821213792,1516.6357285126085,1452.1619985204195,64.47372999218874
E0,2023-02-04,Brighton,Bournemouth,H,10,0,7,0,0.5,0.1,2.6,1.8,0.6,2.6,13.2,7.4,5.2,3.8,10.2,16.6,14,14,0.125,0.625,0.25,8,1.4,0.8,0.2,1.4,1505.1630196007477,1460.9462762298265,44.216743370920994,1519.826637792883,1471.2063425802548,48.62029521262821
E0,2023-02-04,Man United,Crystal Palace,H,7,6,15,6,0.8,0.2,1.4,1.6,0.8,1.2,11.8,11.4,5.2,3.8,13.0,8.8,13,14,0.6470588235294118,0.1764705882352941,0.1764705882352941,17,0.6,1.0,0.2,0.8,1579.4041429598635,1495.1941382739924,84.21000468587135,1544.8401181278718,1494.3253063468424,50.51481178102949
E0,2023-02-04,Wolves,Liverpool,H,5,6,3,6,0.3,0.3,1.0,1.6,1.2,1.8,10.2,13.2,3.2,6.0,12.8,12.4,13,14,0.0,1.0,0.0,8,0.4,1.2,0.4,1.4,1462.351987821948,1515.493701859243,-53.14171403729483,1471.441830849229,1540.9938827581975,-69.55205190896868
E0,2023-02-04,Newcastle,West Ham,D,11,1,13,1,0.6,0.1,1.8,0.4,0.6,1.6,11.2,12.0,4.4,3.6,12.8,17.0,14,14,0.5714285714285714,0.2857142857142857,0.1428571428571428,14,0.6,0.4,0.2,1.0,1569.1782613046507,1469.7993384512563,99.37892285339444,1557.3728164759,1487.506527233898,69.86628924200204
E0,2023-02-05,Nott'm Forest,Leeds,H,5,4,11,4,0.4,0.2,0.4,1.8,1.2,1.8,9.4,12.8,2.2,3.6,16.8,13.6,15,14,0.5,0.5,0.0,0,0.2,1.0,0.6,0.8,1522.8218575687602,1474.9340656555864,47.887791913173714,1498.4610768987654,1479.3230597524785,19.138017146286984
E0,2023-02-05,Tottenham,Man City,H,10,9,3,9,0.6,0.5,2.4,1.6,1.2,0.8,14.4,14.8,5.4,4.8,12.0,9.6,13,14,0.2941176470588235,0.5882352941176471,0.1176470588235294,17,1.8,1.2,1.0,0.8,1537.1271208471371,1570.168425562048,-33.04130471491089,1542.9781535532602,1577.196648047509,-34.218494494248716
E0,2023-02-08,Man United,Leeds,D,7,4,15,4,0.8,0.1,1.4,1.6,1.2,1.6,11.8,12.0,5.2,4.0,13.0,13.8,4,3,0.75,0.0,0.25,4,0.6,1.0,0.6,0.8,1583.9260892796342,1469.894338135219,114.03175114441524,1547.101091287757,1476.8031959922946,70.29789529546247
E0,2023-02-11,Arsenal,Brentford,D,12,8,13,8,0.9,0.2,1.8,0.6,1.2,1.4,14.2,8.6,4.2,3.8,10.8,18.4,7,7,0.6666666666666666,0.3333333333333333,0.0,3,1.0,0.6,0.4,0.4,1587.385371008926,1495.154520662174,92.23085034675204,1571.2578622662722,1519.981736802583,51.27612546368891
E0,2023-02-11,Crystal Palace,Brighton,D,6,10,5,10,0.4,0.5,1.0,1.0,2.6,1.8,11.6,13.2,4.0,5.2,9.8,10.2,7,7,0.3333333333333333,0.1666666666666666,0.5,12,0.4,0.6,1.4,0.8,1493.4564744196923,1534.4902559850186,-41.03378156532608,1492.0643331869574,1521.4067048224915,-29.34237163553439
E0,2023-02-11,Fulham,Nott'm Forest,H,7,5,7,5,0.5,0.1,1.0,0.6,0.4,1.8,10.6,9.4,3.8,2.2,13.4,16.8,8,6,1.0,0.0,0.0,1,0.4,0.4,0.2,1.0,1479.4940805477656,1474.100296228771,5.393784318994676,1494.9350700931457,1500.9809406589493,-6.045870565803625
E0,2023-02-11,Leicester,Tottenham,H,9,10,4,10,0.2,0.5,1.8,1.2,2.4,1.6,10.6,14.4,4.4,5.4,17.0,12.0,7,6,0.2352941176470588,0.7058823529411765,0.0588235294117647,17,0.6,0.4,1.8,1.2,1500.832507184802,1548.8291862593833,-47.99667907458115,1507.3060340251868,1546.933960967206,-39.62792694201926
E0,2023-02-11,Southampton,Wolves,A,3,5,1,5,0.1,0.1,0.8,2.0,1.0,1.6,11.8,10.2,4.6,3.2,12.2,12.8,7,7,0.1111111111111111,0.6666666666666666,0.2222222222222222,9,0.6,0.4,0.4,1.2,1454.7999588899345,1480.5316738765102,-25.731714986575753,1448.815990230445,1480.4149965406775,-31.599006310232653
E0,2023-02-11,Bournemouth,Newcastle,D,0,11,4,11,0.3,0.4,0.6,2.4,1.8,0.4,8.8,11.2,3.6,4.4,16.6,12.8,7,7,0.2222222222222222,0.3333333333333333,0.4444444444444444,9,0.2,1.4,0.6,0.4,1481.4664089306834,1545.567371647149,-64.10096271646557,1469.6262755506464,1554.753918269353,-85.12764271870674
E0,2023-02-11,West Ham,Chelsea,D,2,2,6,2,0.4,0.2,0.8,1.6,0.6,1.6,12.4,11.6,3.2,4.6,14.2,12.8,7,8,0.2941176470588235,0.5294117647058824,0.1764705882352941,17,0.2,1.0,0.4,0.8,1505.2137160165394,1504.3269134569125,0.8868025596268581,1490.1254254404444,1513.0584043024642,-22.93297886201981
E0,2023-02-12,Leeds,Man United,A,2,7,5,7,0.3,0.5,1.2,1.8,1.4,1.6,10.8,11.8,3.2,5.2,14.2,13.0,4,4,0.0,0.6,0.4,5,0.6,1.2,0.6,1.0,1483.7120538493705,1510.27609329588,-26.56403944650947,1478.8300558401438,1545.074231439908,-66.24417559976428
E0,2023-02-12,Man City,Aston Villa,H,9,9,10,9,0.8,0.3,1.2,0.8,1.0,1.6,14.6,10.4,4.6,3.4,9.4,11.8,7,8,0.8888888888888888,0.0,0.1111111111111111,9,1.0,0.6,0.8,1.0,1584.2248705329698,1495.2293692738683,88.99550125910127,1573.240840633563,1497.4818291906813,75.75901144288173
E0,2023-02-13,Liverpool,Everton,H,6,2,10,2,0.6,0.1,1.2,2.2,0.2,1.4,14.6,6.4,5.4,2.0,12.8,16.6,9,9,0.3529411764705882,0.0588235294117647,0.5882352941176471,17,0.4,1.4,0.2,0.2,1566.4940636571523,1453.0150594413883,113.47900421576378,1532.020717066749,1473.9221565571506,58.09856050959843
E0,2023-02-15,Arsenal,Man City,A,12,9,11,9,0.8,0.5,1.8,0.6,1.2,0.8,14.2,14.6,4.2,4.6,10.8,9.4,4,3,0.0625,0.8125,0.125,16,1.0,0.6,1.0,0.6,1582.3207292843758,1562.2568107341565,20.06391855021957,1568.725541403997,1576.1441617947607,-7.418620390763408
E0,2023-02-18,Nott'm Forest,Man City,D,4,9,11,9,0.4,0.5,0.4,2.2,1.6,1.0,10.8,13.4,2.4,4.8,16.2,9.4,7,3,0.0,1.0,0.0,1,0.2,1.2,1.2,0.6,1527.8615850891276,1578.699983786348,-50.83839869722033,1496.0166406143376,1584.3657483208567,-88.34910770651913
E0,2023-02-18,Everton,Leeds,H,2,2,3,2,0.3,0.1,0.2,1.6,1.2,1.8,7.4,10.8,2.2,3.2,16.4,14.2,5,6,0.4,0.2,0.4,5,0.2,0.4,0.6,1.2,1494.829253672913,1473.9480578309172,20.881195841995805,1472.0542433822643,1474.4844694539315,-2.430226071667221
E0,2023-02-18,Newcastle,Liverpool,A,9,6,11,6,0.5,0.2,1.6,0.4,1.2,2.2,11.6,14.6,4.8,5.4,11.6,12.8,7,5,0.0666666666666666,0.6666666666666666,0.2666666666666666,15,0.6,0.2,0.4,1.4,1563.9404648915574,1497.5473704763458,66.39309441521164,1552.7364651629264,1533.8886302416356,18.84783492129077
E0,2023-02-18,Brighton,Fulham,A,11,7,9,7,0.5,0.4,2.6,1.4,1.0,0.6,15.0,10.6,6.2,3.8,9.4,13.4,7,7,0.0,0.4,0.6,5,1.4,0.8,0.4,0.4,1508.3231536599649,1510.3760596385257,-2.0529059785608297,1521.4428694976054,1499.8993701377574,21.543499359848056
E0,2023-02-18,Chelsea,Southampton,A,3,3,7,3,0.5,0.3,0.6,1.0,0.8,2.0,11.0,11.8,4.0,4.6,11.0,12.2,7,7,0.5882352941176471,0.1176470588235294,0.2941176470588235,17,0.2,0.6,0.6,0.4,1521.7898951480156,1442.8320215709557,78.95787357706013,1513.807236356071,1445.204872344973,68.60236401109796
E0,2023-02-18,Aston Villa,Arsenal,A,9,12,7,12,0.4,0.7,1.2,1.6,1.8,0.6,9.2,14.2,2.6,4.2,11.6,10.8,6,3,0.3333333333333333,0.6666666666666666,0.0,9,1.0,0.6,1.0,0.6,1499.734289107494,1555.1303535236186,-55.396064416124545,1494.5785080294836,1560.5039548779014,-65.92544684841778
E0,2023-02-18,Wolves,Bournemouth,A,8,0,6,0,0.4,0.1,1.2,1.4,0.6,2.4,10.4,8.8,2.8,3.6,13.4,16.6,7,7,0.6,0.0,0.4,5,0.8,0.8,0.2,1.4,1480.2983192048453,1457.786142170609,22.512177034236178,1484.02611442615,1471.643728657073,12.382385769076793
E0,2023-02-18,Brentford,Crystal Palace,D,9,6,11,6,0.5,0.2,1.4,0.8,1.0,1.0,8.0,11.6,3.6,4.0,19.2,9.8,7,7,0.0,0.0,1.0,3,0.6,0.4,0.4,0.6,1544.8089529429924,1490.672191954222,54.13676098877045,1522.5140576648582,1492.0281685118434,30.485889153014796
E0,2023-02-19,Man United,Leicester,H,10,9,13,9,0.8,0.4,1.6,1.0,1.8,1.2,12.4,10.6,5.6,4.4,15.0,17.0,7,8,0.5882352941176471,0.1764705882352941,0.2352941176470588,17,1.0,0.8,0.6,0.4,1579.872369583936,1513.7795608655715,66.09280871836427,1549.4198178261204,1517.0727223911142,32.34709543500617
E0,2023-02-19,Tottenham,West Ham,H,7,2,6,2,0.6,0.1,2.0,2.0,0.8,1.6,12.0,12.4,4.8,3.2,13.8,14.2,8,8,0.4705882352941176,0.2352941176470588,0.2941176470588235,17,1.2,1.2,0.2,1.0,1545.0387356750289,1475.0371348643496,70.00160081067929,1537.167272601279,1489.3765933868376,47.7906792144413
E0,2023-02-24,Fulham,Wolves,D,10,8,9,8,0.5,0.2,1.0,0.2,1.2,1.4,10.8,10.4,3.8,2.8,14.4,13.4,6,6,0.0,0.6,0.4,5,0.6,0.2,0.8,0.8,1489.422680636989,1487.7539096474543,1.6687709895345506,1504.288623665751,1479.255495304245,25.033128361505987
E0,2023-02-25,Everton,Aston Villa,A,2,9,6,9,0.4,0.3,0.2,1.6,1.2,1.6,7.4,9.2,2.2,2.6,16.4,11.6,7,7,0.1111111111111111,0.6666666666666666,0.2222222222222222,9,0.2,0.4,1.0,0.6,1504.2861348224944,1489.422726951473,14.863407871021536,1476.7826839570548,1491.2756688391553,-14.492984882100473
E0,2023-02-25,Leeds,Southampton,H,2,6,5,6,0.2,0.3,0.6,1.2,1.0,1.8,10.0,10.6,2.2,4.8,14.4,13.2,7,7,0.4,0.2,0.4,5,0.4,0.8,0.6,0.4,1475.0208810769457,1454.3179368164072,20.702944260538516,1469.7560288791406,1450.947829967699,18.808198911441877
E0,2023-02-25,Leicester,Arsenal,A,6,12,4,12,0.3,0.7,1.4,1.8,2.4,1.0,10.0,15.4,3.4,4.8,19.8,11.2,6,7,0.2941176470588235,0.5294117647058824,0.1764705882352941,17,0.4,0.8,1.4,0.6,1520.365883916657,1561.736031904275,-41.37014798761834,1513.1110215995927,1563.8067940682297,-50.69577246863673
E0,2023-02-25,West Ham,Nott'm Forest,H,2,4,4,4,0.4,0.1,0.8,1.8,0.4,2.2,11.0,10.8,2.4,2.4,14.2,16.2,6,7,0.0,1.0,0.0,1,0.2,1.4,0.2,1.2,1503.7160519093256,1464.1716961395475,39.54435576977812,1485.5234153111865,1497.013305680458,-11.489890369271508
E0,2023-02-25,Bournemouth,Man City,A,3,7,5,7,0.2,0.5,0.2,1.6,1.2,1.0,8.0,13.4,2.6,4.2,16.0,8.4,7,7,0.0,1.0,0.0,11,0.2,0.8,0.8,0.6,1485.5013151435369,1576.706653654107,-91.20533851057009,1476.414347778978,1583.3690832547363,-106.9547354757583
E0,2023-02-25,Crystal Palace,Liverpool,D,4,6,3,6,0.3,0.3,0.8,1.0,1.2,2.0,10.6,14.6,3.6,5.6,11.2,12.8,7,7,0.1764705882352941,0.7647058823529411,0.0588235294117647,17,0.4,0.8,0.4,1.2,1493.3841450694651,1515.212176247178,-21.828031177712777,1492.4372917923642,1542.7210331270517,-50.28374133468742
E0,2023-02-26,Tottenham,Chelsea,H,7,3,9,3,0.6,0.2,2.0,2.0,0.6,1.0,12.0,11.0,4.8,4.0,13.8,11.0,7,8,0.2941176470588235,0.5882352941176471,0.1176470588235294,17,1.2,1.2,0.2,0.6,1552.7450918263312,1505.8245775641262,46.92051426220496,1541.02045067693,1508.064278733345,32.956171943585105
E0,2023-03-01,Arsenal,Everton,H,12,2,8,2,0.7,0.1,2.2,1.0,0.2,1.6,14.6,7.4,4.4,2.2,9.2,16.4,4,4,0.5294117647058824,0.3529411764705882,0.1176470588235294,17,1.2,0.6,0.2,0.4,1565.877556232184,1449.2792330916154,116.59832314056872,1566.702121836317,1471.7711867683893,94.93093506792776
E0,2023-03-01,Liverpool,Wolves,H,4,8,10,8,0.7,0.2,0.6,1.8,1.2,1.4,13.8,9.2,4.6,2.4,11.6,13.0,4,5,0.8888888888888888,0.1111111111111111,0.0,9,0.2,1.0,0.6,0.8,1570.2298900069254,1487.6892010890706,82.54068891785482,1543.5386122564346,1479.2231410250529,64.31547123138171
E0,2023-03-04,Southampton,Leicester,H,6,6,0,6,0.1,0.4,0.8,1.4,1.4,1.8,10.4,10.0,4.2,3.4,13.0,19.8,7,7,0.2941176470588235,0.4117647058823529,0.2941176470588235,17,0.6,0.6,0.4,0.8,1447.5777231189902,1505.8561592825288,-58.27843616353857,1447.1663895089223,1510.2156938315052,-63.04930432258266
E0,2023-03-04,Wolves,Tottenham,H,5,7,6,7,0.4,0.4,0.8,1.6,2.0,2.0,8.6,12.0,1.8,4.8,13.6,13.8,3,6,0.3333333333333333,0.5555555555555556,0.1111111111111111,9,0.4,1.2,1.2,1.2,1470.7570809610352,1529.2958095275287,-58.538728566493546,1475.5770913522288,1544.8724683237992,-69.29537697157048
E0,2023-03-04,Chelsea,Leeds,H,3,2,7,2,0.5,0.1,0.6,1.2,0.6,1.2,12.0,10.0,4.0,2.2,10.6,14.4,6,7,0.6,0.2,0.2,5,0.2,0.8,0.4,0.8,1510.303979902564,1464.4911766813357,45.81280322122825,1504.2122610864758,1473.5374693379167,30.674791748559073
E0,2023-03-04,Aston Villa,Crystal Palace,H,12,4,4,4,0.4,0.2,1.6,0.8,0.8,1.0,10.4,10.6,3.6,3.6,10.6,11.2,7,7,0.4444444444444444,0.3333333333333333,0.2222222222222222,9,1.4,0.0,0.4,0.8,1493.1286107268377,1491.4904385152631,1.638172211574329,1496.287166027821,1491.619712662981,4.66745336483973
E0,2023-03-04,Arsenal,Bournemouth,H,12,3,8,3,0.7,0.2,2.2,1.0,0.2,1.6,14.6,8.0,4.4,2.6,9.2,16.0,3,7,0.6363636363636364,0.1818181818181818,0.1818181818181818,11,1.2,0.6,0.2,0.8,1565.8269516016678,1467.3273804144192,98.49957118724863,1566.6768195210589,1473.7145309844789,92.96228853658
E0,2023-03-04,Man City,Newcastle,H,7,9,10,9,0.8,0.4,1.8,1.2,1.6,0.4,15.0,11.6,4.6,4.8,9.4,11.6,7,14,0.8,0.0666666666666666,0.1333333333333333,15,0.8,0.8,0.6,0.2,1590.0315128553657,1541.5324654342955,48.49904742106992,1586.0689000492353,1543.9040622775103,42.164837771724706
E0,2023-03-04,Brighton,West Ham,H,11,2,6,2,0.5,0.0,2.6,1.4,0.8,1.8,15.0,11.0,6.2,2.4,9.4,14.2,14,7,0.5384615384615384,0.0,0.4615384615384615,13,1.4,0.8,0.2,1.4,1499.5446466039778,1467.3307787130473,32.21386789093049,1517.053615969612,1490.751704186016,26.30191178359587
E0,2023-03-05,Nott'm Forest,Everton,D,4,1,11,1,0.4,0.1,0.4,2.0,0.2,2.4,11.4,7.2,2.6,2.4,15.0,14.6,8,4,0.0,0.0,1.0,1,0.2,1.2,0.2,0.8,1529.8549152213686,1449.3298377221315,80.52507749923689,1491.7850168056284,1471.7964890836474,19.988527721980972
E0,2023-03-05,Liverpool,Man United,H,4,10,13,10,0.7,0.5,0.6,1.8,1.6,1.0,13.8,12.4,4.6,5.6,11.6,15.0,4,14,0.2941176470588235,0.2941176470588235,0.4117647058823529,17,0.2,1.0,1.0,0.8,1577.5219893525737,1518.9672660683048,58.5547232842689,1547.1846619292587,1553.381518617642,-6.196856688383377
E0,2023-03-06,Brentford,Fulham,H,9,10,11,10,0.5,0.5,1.4,0.8,1.0,0.2,8.0,10.8,3.6,3.8,19.2,14.4,16,10,0.0,1.0,0.0,1,0.6,0.4,0.6,0.2,1543.990706381951,1519.1545666945128,24.836139687438163,1522.1049343843376,1504.320977944943,17.783956439394615
E0,2023-03-11,Crystal Palace,Man City,A,4,7,4,7,0.3,0.6,0.8,1.0,1.8,1.2,9.6,15.0,3.6,4.6,11.0,9.4,7,7,0.1764705882352941,0.5882352941176471,0.2352941176470588,17,0.4,0.6,0.8,0.8,1491.7489868106995,1582.1062872431053,-90.35730043240574,1487.5922308554143,1589.530329292022,-101.93809843660756
E0,2023-03-11,Tottenham,Nott'm Forest,H,6,4,9,4,0.6,0.1,1.6,1.8,0.4,2.0,13.0,11.4,4.4,2.6,13.6,15.0,7,6,1.0,0.0,0.0,1,0.8,1.2,0.2,1.2,1560.44912712007,1453.7151183898882,106.7340087301818,1539.9327548212173,1489.546805147112,50.38594967410518
E0,2023-03-11,Leeds,Brighton,D,1,11,5,11,0.2,0.4,0.6,1.4,2.6,1.4,10.6,15.0,2.4,6.2,13.8,9.4,7,7,0.0,0.6,0.4,5,0.4,1.0,1.4,0.8,1482.583761994498,1534.562585335246,-51.97882334074802,1471.3787035708074,1521.244146482953,-49.86544291214568
E0,2023-03-11,Everton,Brentford,H,2,9,6,9,0.4,0.2,0.6,2.2,1.4,0.8,6.2,8.0,2.4,3.6,13.4,19.2,6,5,0.0,0.6666666666666666,0.3333333333333333,3,0.2,0.8,0.6,0.4,1494.2631404451631,1500.2191623867243,-5.9560219415611755,1474.0347007421635,1525.8455512394555,-51.810850497291995
E0,2023-03-11,Bournemouth,Liverpool,H,3,4,5,4,0.2,0.3,0.6,1.8,0.6,1.8,7.0,13.8,2.6,4.6,19.2,11.6,7,6,0.0909090909090909,0.8181818181818182,0.0909090909090909,11,0.4,1.4,0.2,1.0,1480.1016815545386,1516.8473345059435,-36.74565295140496,1472.9942734471088,1553.0639616769297,-80.06968822982071
E0,2023-03-11,Leicester,Chelsea,A,3,3,4,3,0.3,0.2,1.0,2.0,0.6,1.2,10.4,12.0,2.2,4.0,18.4,10.6,7,7,0.1176470588235294,0.5294117647058824,0.3529411764705882,17,0.2,0.8,0.2,0.8,1514.5752283804818,1498.1205422703874,16.45468611009437,1504.9795983477072,1506.3710268535851,-1.3914285058779114
E0,2023-03-12,Fulham,Arsenal,A,7,12,10,12,0.4,0.8,0.8,0.8,2.2,1.0,8.0,14.6,2.6,4.4,16.4,9.2,6,8,0.0,0.8,0.2,5,0.4,0.6,1.2,0.6,1489.487389195373,1567.52668744045,-78.0392982450769,1500.5803610898247,1567.3970770584287,-66.81671596860406
E0,2023-03-12,Man United,Southampton,D,7,6,13,6,0.8,0.3,1.2,2.2,0.8,1.4,11.2,10.4,4.6,4.2,15.8,13.0,7,8,0.4705882352941176,0.0588235294117647,0.4705882352941176,17,0.8,1.8,0.6,0.6,1587.7957711669792,1446.7550558988548,141.04071526812436,1547.5022188699709,1452.4024849927205,95.0997338772504
E0,2023-03-12,West Ham,Aston Villa,D,2,12,7,12,0.5,0.4,0.6,2.0,1.6,0.8,10.0,10.4,2.0,3.6,15.0,10.6,8,8,0.5555555555555556,0.1111111111111111,0.3333333333333333,9,0.2,1.4,1.4,0.0,1514.172629658985,1499.4457213288042,14.726908330180777,1486.561173672675,1500.314647835388,-13.75347416271302
E0,2023-03-12,Newcastle,Wolves,H,6,5,8,5,0.5,0.2,0.8,0.6,0.8,1.6,11.2,8.6,4.4,1.8,10.6,13.6,8,8,0.1111111111111111,0.2222222222222222,0.6666666666666666,9,0.0,0.2,0.4,1.2,1546.275659120725,1480.3971017434224,65.87855737730297,1540.442633034724,1480.5168048548107,59.9258281799132
E0,2023-03-15,Brighton,Crystal Palace,H,9,4,9,4,0.5,0.2,2.4,1.4,0.8,1.0,14.0,9.6,5.0,3.6,10.2,11.0,4,4,0.1538461538461538,0.3076923076923077,0.5384615384615384,13,1.4,1.0,0.4,0.6,1507.92570763066,1483.435474900129,24.490232730530806,1518.7051947439113,1484.8448178339606,33.86037690995067
E0,2023-03-15,Southampton,Brentford,A,7,8,3,8,0.2,0.2,0.6,1.0,1.0,0.6,12.0,9.2,4.4,4.0,13.4,18.8,3,4,0.3333333333333333,0.6666666666666666,0.0,3,0.4,0.4,0.4,0.2,1458.0499140865863,1492.354692384172,-34.3047782975857,1455.2563538908196,1521.9133162381795,-66.65696234736015
E0,2023-03-17,Nott'm Forest,Newcastle,A,4,6,9,6,0.4,0.4,0.6,2.0,0.8,0.6,11.6,11.2,3.0,4.4,14.6,10.6,6,5,0.0,1.0,0.0,1,0.4,1.2,0.0,0.2,1525.3784919043362,1534.6096069487226,-9.231115044386344,1487.730584314798,1542.3983294864092,-54.66774517161139
E0,2023-03-18,Brentford,Leicester,D,8,3,13,3,0.5,0.4,1.0,0.4,1.0,2.0,9.4,10.4,3.4,2.2,14.4,18.4,3,7,0.0,0.6666666666666666,0.3333333333333333,3,0.4,0.2,0.2,0.8,1551.4719400921874,1495.3839683149326,56.08797177725478,1529.2116133645595,1499.732180019785,29.47943334477463
E0,2023-03-18,Southampton,Tottenham,D,7,6,3,6,0.1,0.4,0.6,1.0,1.6,1.8,12.0,13.0,4.4,4.4,13.4,13.6,3,7,0.1764705882352941,0.5882352941176471,0.2352941176470588,17,0.4,0.4,0.8,1.2,1443.453319833827,1519.4163825223643,-75.96306268853755,1447.9580567644398,1541.7489756535315,-93.7909188890917
E0,2023-03-18,Wolves,Leeds,A,4,1,9,1,0.4,0.1,0.8,1.8,0.6,1.4,8.0,10.6,2.0,2.4,14.8,13.8,6,7,0.4,0.4,0.2,5,0.6,1.2,0.4,1.0,1480.6365079661994,1460.1736451471168,20.4628628190826,1478.5611084031257,1473.9176553098491,4.643453093276548
E0,2023-03-18,Chelsea,Everton,D,5,2,7,2,0.5,0.1,1.0,1.2,0.6,2.2,13.0,6.2,4.8,2.4,11.6,13.4,7,7,0.5294117647058824,0.2352941176470588,0.2352941176470588,17,0.4,0.6,0.2,0.8,1514.6215114367828,1453.8062610391642,60.81525039761869,1511.6184451815077,1477.9669357434398,33.651509438067706
E0,2023-03-18,Aston Villa,Bournemouth,H,10,3,7,3,0.5,0.1,1.4,0.8,0.6,1.8,11.2,7.0,4.0,2.6,12.6,19.2,6,7,0.0,1.0,0.0,3,1.2,0.0,0.4,1.4,1501.183574341972,1465.8868653396792,35.2967090022928,1499.5819244805164,1477.844157107133,21.73776737338335
E0,2023-03-19,Arsenal,Crystal Palace,H,12,1,10,1,0.7,0.2,2.0,0.6,0.4,1.2,14.8,8.8,4.4,3.0,9.8,12.0,7,4,0.5294117647058824,0.1764705882352941,0.2941176470588235,17,0.8,0.2,0.4,0.6,1567.2674666764078,1478.622866938624,88.64459973778389,1570.5722374144443,1482.438513853208,88.13372356123637
E0,2023-04-01,Chelsea,Aston Villa,A,5,10,8,10,0.4,0.4,1.0,1.2,1.4,0.8,13.0,11.2,4.8,4.0,11.6,12.6,14,14,0.7777777777777778,0.1111111111111111,0.1111111111111111,9,0.4,0.6,1.2,0.0,1510.7180575725786,1497.9802746190608,12.737782953517808,1509.6667182494052,1503.0425030542756,6.624215195129636
E0,2023-04-01,Nott'm Forest,Wolves,D,4,4,8,4,0.4,0.2,0.6,2.0,0.8,1.8,11.6,8.0,3.0,2.0,14.6,14.8,15,14,0.0,1.0,0.0,1,0.4,1.2,0.6,1.2,1518.216225184111,1476.485708840052,41.73051634405897,1484.149450954685,1472.5774279786096,11.57202297607546
E0,2023-04-01,Crystal Palace,Leicester,H,1,4,4,4,0.3,0.4,0.6,1.8,1.0,1.8,8.4,11.8,2.8,2.0,12.0,16.4,13,14,0.4705882352941176,0.2941176470588235,0.2352941176470588,17,0.6,0.8,0.4,0.8,1486.2541607677922,1498.7087010401106,-12.454540272318354,1481.2259946031895,1501.3945463823738,-20.168551779184327
E0,2023-04-01,Brighton,Brentford,D,9,8,12,8,0.5,0.3,2.4,1.4,1.0,0.4,14.0,9.4,5.0,3.4,10.2,14.4,17,14,0.6666666666666666,0.3333333333333333,0.0,3,1.4,1.0,0.4,0.2,1512.738315592165,1506.9512866369314,5.787028955233609,1521.1114987246638,1527.5492470019703,-6.437748277306582
E0,2023-04-01,Arsenal,Leeds,H,12,4,10,4,0.7,0.2,2.0,0.6,1.2,1.4,14.8,9.6,4.4,2.4,9.8,16.2,13,14,0.8,0.0,0.2,5,0.8,0.2,0.8,1.2,1569.692505176445,1472.141005996149,97.55149918029564,1571.7847566644627,1479.9013357343651,91.8834209300976
E0,2023-04-01,Man City,Liverpool,H,10,4,13,4,0.8,0.3,1.8,0.8,0.4,1.4,16.8,13.6,5.2,4.6,8.6,10.6,21,21,0.3529411764705882,0.3529411764705882,0.2941176470588235,17,0.8,0.4,0.0,0.8,1596.9543713409385,1507.1475671858957,89.80680415504298,1592.2777423134755,1548.2140780169057,44.06366429656987
E0,2023-04-01,Bournemouth,Fulham,H,3,7,5,7,0.3,0.5,0.6,1.8,0.8,0.8,7.6,8.0,2.4,2.6,19.6,16.4,14,20,0.3333333333333333,0.3333333333333333,0.3333333333333333,3,0.4,1.4,0.4,0.6,1489.8014488745866,1511.6733329842764,-21.871884109689745,1474.3835785333736,1497.4052007338091,-23.02162220043556
E0,2023-04-02,West Ham,Southampton,H,2,7,8,7,0.5,0.3,0.6,2.0,0.6,1.0,10.0,12.0,2.0,4.4,15.0,13.4,21,15,0.4705882352941176,0.2941176470588235,0.2352941176470588,17,0.2,1.4,0.4,0.4,1515.6380763687284,1452.4627936950528,63.17528267367561,1487.2938970275468,1449.7035441241746,37.59035290337215
E0,2023-04-02,Newcastle,Man United,H,6,7,8,7,0.6,0.4,0.6,0.8,1.2,2.2,11.8,11.2,4.2,4.6,10.0,15.8,16,21,0.2,0.6666666666666666,0.1333333333333333,15,0.2,0.2,0.8,1.8,1550.1870520240957,1507.2086665729628,42.97838545113291,1545.9794628465218,1544.648349971872,1.3311128746497616
E0,2023-04-03,Everton,Tottenham,D,2,4,9,4,0.4,0.4,0.8,2.4,1.4,2.4,8.2,13.6,2.8,3.8,14.2,13.6,16,16,0.0588235294117647,0.6470588235294118,0.2941176470588235,17,0.4,1.2,0.4,1.8,1502.1276104477154,1515.9254078028948,-13.797797355179457,1479.9186626755418,1540.0034882937966,-60.084825618254854
E0,2023-04-04,Chelsea,Liverpool,D,5,4,5,4,0.3,0.3,1.0,1.2,0.6,1.6,13.0,13.2,4.8,4.4,11.6,10.8,3,3,0.2352941176470588,0.2941176470588235,0.4705882352941176,17,0.4,0.6,0.0,0.8,1500.1174806458605,1500.5237169553482,-0.4062363094878947,1504.3664297860462,1544.9021529016318,-40.5357231155856
E0,2023-04-04,Leeds,Nott'm Forest,H,4,4,6,4,0.2,0.1,1.4,2.0,0.6,2.0,9.0,11.6,2.6,3.0,17.6,14.6,3,3,0.0,1.0,0.0,1,1.0,1.8,0.4,1.2,1487.6616654725815,1450.0826767252595,37.578988747322,1479.0202098876675,1483.5549619708004,-4.534752083132844
E0,2023-04-04,Bournemouth,Brighton,A,3,9,8,9,0.4,0.3,0.6,1.8,2.4,1.4,7.6,14.0,2.4,5.0,19.6,10.2,3,3,0.5555555555555556,0.2222222222222222,0.2222222222222222,9,0.4,1.4,1.4,1.0,1500.1360076692,1529.4846818571625,-29.348674187962388,1479.5508579306802,1520.4095756496845,-40.85871771900429
E0,2023-04-04,Leicester,Aston Villa,A,4,10,4,10,0.3,0.5,1.2,1.8,1.4,0.8,11.2,9.6,2.2,3.6,19.6,16.8,3,3,0.5555555555555556,0.3333333333333333,0.1111111111111111,9,0.6,0.8,1.0,0.0,1504.0803917246371,1508.580851545779,-4.500459821141931,1496.8273141530071,1508.3427915176349,-11.515477364627714
E0,2023-04-05,Man United,Brentford,H,4,6,11,6,0.7,0.3,1.0,2.6,1.2,1.0,9.2,9.0,3.6,3.2,18.2,17.0,3,4,0.6666666666666666,0.3333333333333333,0.0,3,0.6,2.2,0.6,0.4,1582.0880333707814,1508.35513278689,73.73290058389148,1540.3081522377956,1528.2511700769496,12.05698216084602
E0,2023-04-05,West Ham,Newcastle,A,2,6,11,6,0.5,0.5,0.6,2.0,0.6,0.8,10.0,11.8,2.0,4.2,15.0,10.0,3,3,0.2666666666666666,0.5333333333333333,0.2,15,0.2,1.4,0.2,0.2,1520.6283614981612,1541.7718736689478,-21.143512170786607,1489.7890395922632,1550.3196605805983,-60.53062098833516
E0,2023-04-08,Southampton,Man City,A,4,10,4,10,0.1,0.6,0.2,1.0,1.8,0.8,11.2,16.8,4.0,5.2,13.4,8.6,6,7,0.0588235294117647,0.7647058823529411,0.1764705882352941,17,0.0,0.4,0.8,0.4,1446.944294553297,1587.6011132860126,-140.65681873271592,1447.2084015594585,1595.5896674287492,-148.38126586929093
E0,2023-04-08,Wolves,Chelsea,H,5,5,9,5,0.4,0.2,1.0,1.4,1.0,1.2,7.6,13.0,2.0,4.8,15.6,11.6,7,4,0.2222222222222222,0.3333333333333333,0.4444444444444444,9,0.8,0.8,0.4,0.6,1468.669147117167,1508.615378926232,-39.94623180906501,1473.1719169624944,1503.8356802377452,-30.663763275250854
E0,2023-04-08,Leicester,Bournemouth,A,4,3,4,3,0.2,0.1,1.2,1.8,0.6,1.8,11.2,7.6,2.2,2.4,19.6,19.6,4,4,0.1818181818181818,0.3636363636363636,0.4545454545454545,11,0.6,0.8,0.4,1.4,1496.8508782121442,1458.9657081921605,37.88517001998366,1493.2125573967608,1476.3599265065616,16.85263089019918
E0,2023-04-08,Tottenham,Brighton,H,5,9,12,9,0.6,0.4,1.2,1.8,2.2,1.2,13.4,15.8,3.6,5.4,13.4,10.2,5,4,0.6153846153846154,0.2307692307692307,0.1538461538461538,13,0.6,1.2,1.4,0.8,1564.081568784699,1535.8665447054,28.2150240792987,1538.7525096942386,1523.600507073803,15.152002620435267
E0,2023-04-08,Brentford,Newcastle,A,5,8,11,8,0.5,0.5,1.2,1.2,1.6,1.0,9.0,13.2,3.4,5.6,18.8,8.0,3,3,0.0,0.6666666666666666,0.3333333333333333,3,0.6,0.4,0.8,0.2,1548.1472073670095,1554.914292854435,-6.767085487425447,1525.473438792695,1556.890870173342,-31.417431380646804
E0,2023-04-08,Aston Villa,Nott'm Forest,H,10,1,9,1,0.5,0.1,1.6,1.0,0.6,2.4,9.4,12.0,3.6,3.0,17.0,17.2,4,4,0.0,0.0,1.0,1,1.0,0.0,0.4,1.2,1508.1047314894906,1442.1504751260572,65.95425636343339,1511.9575482738817,1479.5888611711994,32.36868710268209
E0,2023-04-08,Man United,Everton,H,4,2,11,2,0.8,0.0,1.0,2.6,0.8,2.4,9.2,8.2,3.6,2.8,18.2,14.2,3,5,0.4705882352941176,0.1764705882352941,0.3529411764705882,17,0.6,2.2,0.4,1.2,1587.6434959392905,1457.7097149033684,129.93378103592204,1543.0858835220502,1481.1696412750998,61.91624224695033
E0,2023-04-08,Fulham,West Ham,A,4,2,7,2,0.4,0.0,0.8,1.2,0.6,2.0,7.8,10.0,2.6,2.0,15.8,15.0,7,3,0.0,0.8,0.2,5,0.4,1.0,0.2,1.4,1483.137068483342,1458.9497176863651,24.187350796976716,1492.2379213365025,1483.2178299995196,9.020091336982889
E0,2023-04-09,Leeds,Crystal Palace,A,4,1,8,1,0.3,0.2,1.4,2.0,0.6,1.8,9.0,8.4,2.6,2.8,17.6,12.0,5,8,0.4,0.4,0.2,5,1.0,1.8,0.6,0.8,1495.5938670717835,1476.197828438587,19.396038633196667,1482.9863106872683,1485.7932268325562,-2.806916145287687
E0,2023-04-09,Liverpool,Arsenal,D,5,12,13,12,0.7,0.8,0.6,1.0,2.0,0.6,10.2,14.8,4.4,4.4,10.8,9.8,5,8,0.5882352941176471,0.1764705882352941,0.2352941176470588,17,0.0,0.6,0.8,0.2,1589.2805888479156,1573.877008152481,15.403580695434584,1545.4329024499327,1572.6658825111608,-27.23298006122809
E0,2023-04-15,Man City,Leicester,H,13,4,15,4,0.8,0.4,2.6,0.8,1.2,1.8,16.4,11.2,5.8,2.2,7.0,19.6,7,7,0.8235294117647058,0.1764705882352941,0.0,17,1.4,0.6,0.6,0.8,1603.5782215714858,1489.5742365813774,114.0039849901084,1598.0069680547076,1487.5905473155449,110.41642073916272
E0,2023-04-15,Wolves,Brentford,H,5,5,9,5,0.4,0.3,1.0,1.4,1.2,1.2,7.6,9.0,2.0,3.4,15.6,18.8,7,7,0.3333333333333333,0.3333333333333333,0.3333333333333333,3,0.8,0.8,0.6,0.4,1480.31693215679,1502.799670218381,-22.482738061590908,1478.9958094823055,1523.302737737078,-44.3069282547724
E0,2023-04-15,Tottenham,Bournemouth,A,5,6,15,6,0.6,0.2,1.2,1.8,0.8,1.4,13.4,10.0,3.6,3.4,13.4,20.0,7,7,0.7272727272727273,0.0909090909090909,0.1818181818181818,11,0.6,1.2,0.4,1.2,1570.9445251973657,1470.2097283545922,100.73479684277343,1542.1839879005722,1481.9819365877777,60.202051312794765
E0,2023-04-15,Everton,Fulham,A,2,4,10,4,0.4,0.4,0.8,2.4,0.8,1.2,10.2,7.8,2.6,2.6,17.8,15.8,7,7,0.4,0.4,0.2,5,0.4,1.4,0.4,1.0,1504.6295676468314,1501.338774189663,3.2907934571685473,1478.004186430897,1487.417219739501,-9.413033308603644
E0,2023-04-15,Chelsea,Brighton,A,5,6,5,6,0.3,0.4,0.8,1.0,1.6,1.4,11.6,15.4,3.0,4.6,11.8,10.0,7,7,0.6153846153846154,0.0769230769230769,0.3076923076923077,13,0.2,0.4,0.8,0.8,1499.0559815492586,1529.003588292733,-29.947606743474353,1498.011787717934,1520.1690288674697,-22.15724114953582
E0,2023-04-15,Aston Villa,Newcastle,H,10,10,9,10,0.6,0.6,1.6,1.0,2.0,1.2,9.4,12.0,3.6,5.0,17.0,9.2,7,7,0.3333333333333333,0.3333333333333333,0.3333333333333333,9,1.0,0.0,1.2,0.2,1513.8607575013675,1559.255694965669,-45.39493746430139,1514.8355612798198,1559.0615712289589,-44.2260099491391
E0,2023-04-15,Southampton,Crystal Palace,A,4,4,4,4,0.1,0.3,0.2,1.0,1.4,1.6,11.2,9.6,4.0,3.8,13.4,11.4,7,6,0.4705882352941176,0.3529411764705882,0.1764705882352941,17,0.0,0.4,1.2,0.6,1442.1096933013796,1492.5832475797608,-50.47355427838124,1444.7911009334998,1493.9859364031431,-49.194835469643294
E0,2023-04-16,West Ham,Arsenal,D,4,10,8,10,0.4,0.7,0.4,1.6,2.0,1.0,8.8,13.8,2.6,4.4,15.4,10.6,8,7,0.0588235294117647,0.7647058823529411,0.1764705882352941,17,0.0,1.2,0.8,0.4,1507.485942312674,1572.9878668639426,-65.50192455126853,1488.0385315965211,1572.2213118668917,-84.18278027037036
E0,2023-04-16,Nott'm Forest,Man United,A,0,4,6,4,0.4,0.4,0.4,2.6,1.0,2.6,9.2,9.2,2.4,3.6,15.6,18.2,8,8,0.0,1.0,0.0,1,0.2,1.6,0.6,2.2,1517.0272472163415,1498.5282711048096,18.49897611153187,1476.7108481652608,1546.2513383662526,-69.54049020099183
E0,2023-04-17,Leeds,Liverpool,A,4,5,7,5,0.3,0.3,1.4,2.0,0.6,1.0,9.0,10.2,2.6,4.4,17.6,10.8,8,8,0.2,0.6,0.2,5,1.0,1.8,0.0,0.6,1479.20844793061,1501.5852160519498,-22.376768121339865,1474.7936011166817,1545.8774730942018,-71.08387197752018
E0,2023-04-21,Arsenal,Southampton,D,11,4,12,4,0.7,0.3,2.4,1.2,0.2,1.0,13.0,11.2,4.8,4.0,11.4,13.4,5,6,0.5294117647058824,0.1764705882352941,0.2941176470588235,17,0.8,0.4,0.0,0.4,1571.4547568698404,1447.47250856562,123.98224830422032,1570.3081860100783,1440.9437734015469,129.36441260853144
E0,2023-04-22,Liverpool,Nott'm Forest,H,5,0,11,0,0.7,0.1,1.4,1.2,0.4,2.6,10.2,9.2,4.4,2.4,10.6,15.6,5,6,0.0,1.0,0.0,1,0.8,0.8,0.2,1.6,1590.169730136454,1436.3944491141804,153.7752810222737,1552.5658563861396,1468.1499141717788,84.41594221436071
E0,2023-04-22,Leicester,Wolves,H,1,5,3,5,0.2,0.2,0.6,2.0,1.0,1.4,11.4,7.6,2.0,2.0,18.2,15.6,7,7,0.4444444444444444,0.2222222222222222,0.3333333333333333,9,0.6,0.8,0.8,0.8,1485.6068580497124,1477.6746868078214,7.932171241890956,1487.7258797667837,1485.512231177406,2.2136485893777262
E0,2023-04-22,Crystal Palace,Everton,D,6,2,6,2,0.3,0.0,1.6,1.4,0.8,2.4,9.4,10.2,3.4,2.6,11.2,17.8,7,7,0.1176470588235294,0.5294117647058824,0.3529411764705882,17,1.4,0.4,0.4,1.4,1495.3886252265254,1451.378805214963,44.0098200115624,1497.833263935096,1471.9338640705682,25.899399864527823
E0,2023-04-22,Fulham,Leeds,H,7,4,4,4,0.4,0.2,1.4,1.2,1.4,2.0,11.0,9.0,4.0,2.6,14.8,17.6,7,5,0.3333333333333333,0.6666666666666666,0.0,3,0.8,0.8,1.0,1.8,1473.4956652893388,1470.3787543027534,3.1169109865854807,1493.48754209983,1468.1052178247442,25.382324275085693
E0,2023-04-22,Brentford,Aston Villa,D,4,10,8,10,0.4,0.6,1.0,1.4,1.6,1.0,9.2,9.4,3.6,3.6,16.4,17.0,7,7,0.3333333333333333,0.3333333333333333,0.3333333333333333,3,0.4,0.4,1.0,0.0,1543.8058052557756,1515.810365058272,27.995440197503513,1516.786316041978,1525.137538894095,-8.35122285211719
E0,2023-04-23,Bournemouth,West Ham,A,9,4,7,4,0.3,0.1,1.4,1.6,0.4,1.6,8.8,8.8,4.2,2.6,20.8,15.4,8,7,0.2727272727272727,0.2727272727272727,0.4545454545454545,11,0.8,1.2,0.0,1.2,1493.754144820963,1468.5911208803682,25.163023940594485,1488.4819907555343,1489.9516574533343,-1.4696666978002213
E0,2023-04-23,Newcastle,Tottenham,H,9,5,10,5,0.7,0.3,1.8,1.6,1.2,1.8,10.6,13.4,4.0,3.6,10.2,13.4,8,8,0.2,0.6666666666666666,0.1333333333333333,15,1.2,0.6,0.6,1.2,1558.8674474922489,1513.4234506037787,45.44399688847011,1548.7595936146836,1535.6839337328156,13.075659881867978
E0,2023-04-25,Wolves,Crystal Palace,H,2,6,9,6,0.5,0.3,0.8,1.6,1.6,1.4,8.6,9.4,2.2,3.4,15.2,11.2,3,3,0.3333333333333333,0.5555555555555556,0.1111111111111111,9,0.4,1.0,1.4,0.4,1493.3497755469905,1500.2779026436667,-6.928127096676235,1481.5393104521927,1495.2729858491866,-13.733675396993933
E0,2023-04-25,Aston Villa,Fulham,H,11,7,12,7,0.6,0.5,1.6,0.6,1.4,1.2,11.0,11.0,3.6,4.0,14.8,14.8,3,3,0.6666666666666666,0.3333333333333333,0.0,3,1.0,0.2,0.8,0.8,1534.464712729918,1513.4794189103209,20.98529381959725,1525.1709855721756,1496.706738889725,28.464246682450263
E0,2023-04-25,Leeds,Leicester,D,3,1,7,1,0.3,0.3,1.2,2.0,0.6,2.0,9.4,11.4,2.6,2.0,15.2,18.2,3,3,0.2,0.6,0.2,5,1.0,1.8,0.6,0.8,1465.8316813467347,1489.8449014838552,-24.01322013712047,1464.8860210348485,1491.6988004919972,-26.812779457148736
E0,2023-04-26,Man City,Arsenal,H,13,11,15,11,0.8,0.7,2.6,0.8,2.4,1.2,16.4,13.0,5.8,4.8,7.0,11.4,11,5,0.8235294117647058,0.0588235294117647,0.1176470588235294,17,1.4,0.6,0.8,0.4,1603.307556669008,1569.161615150316,34.14594151869187,1597.8716356034688,1567.0583966521713,30.813238951297535
E0,2023-04-26,Nott'm Forest,Brighton,H,0,8,3,8,0.3,0.5,0.8,2.8,1.6,1.2,9.4,18.0,3.2,5.8,16.0,9.8,4,11,0.0,0.0,1.0,1,0.6,2.0,0.8,0.6,1499.905379229377,1536.4550468766984,-36.54966764732103,1467.9137489864515,1523.8947581594523,-55.981009173000984
E0,2023-04-26,Chelsea,Brentford,A,5,4,5,4,0.3,0.3,0.8,1.0,1.0,1.4,11.6,9.2,3.0,3.6,11.8,16.4,11,4,0.3333333333333333,0.3333333333333333,0.3333333333333333,3,0.2,0.4,0.4,0.4,1491.6045229652932,1489.7668268281805,1.8376961371127436,1494.286058425951,1516.7528693638974,-22.46681093794632
E0,2023-04-26,West Ham,Liverpool,A,7,5,8,5,0.3,0.3,1.2,1.4,1.4,1.2,9.2,10.2,3.8,4.4,15.4,10.6,3,4,0.1176470588235294,0.7647058823529411,0.1176470588235294,17,0.2,1.0,0.8,0.8,1511.3121940263006,1514.961982635825,-3.649788609524421,1499.1865639882112,1552.8020215714669,-53.61545758325565
E0,2023-04-27,Everton,Newcastle,A,3,9,7,9,0.3,0.5,0.8,2.0,1.8,1.6,11.0,10.6,3.4,4.0,17.2,10.2,5,4,0.4666666666666667,0.4,0.1333333333333333,15,0.4,1.2,1.2,0.6,1492.4889229261737,1538.6517397371183,-46.16281681094483,1474.4941421564777,1554.20352848489,-79.70938632841239
E0,2023-04-27,Southampton,Bournemouth,A,5,9,4,9,0.1,0.3,0.8,1.0,1.4,1.6,10.0,8.8,4.0,4.2,15.6,20.8,6,4,0.4545454545454545,0.0909090909090909,0.4545454545454545,11,0.2,0.6,0.8,1.2,1434.4150382374737,1483.2098366901057,-48.794798452631994,1444.1935627594537,1479.2470842206574,-35.05352146120367
E0,2023-04-27,Tottenham,Man United,D,2,6,12,6,0.6,0.4,1.2,3.0,1.2,2.4,13.6,10.6,3.6,4.4,16.4,17.4,4,11,0.2941176470588235,0.5882352941176471,0.1176470588235294,17,0.8,1.4,0.8,2.0,1557.9444168618522,1515.6501390917738,42.29427777007845,1530.239998862609,1554.8122723597348,-24.572273497125934
E0,2023-04-29,Crystal Palace,West Ham,H,6,7,6,7,0.2,0.2,1.6,1.6,1.2,1.4,11.6,9.2,4.2,3.8,11.4,15.4,4,3,0.2352941176470588,0.3529411764705882,0.4117647058823529,17,1.4,0.6,0.2,1.0,1490.2680690547063,1487.0609339501218,3.2071351045847223,1489.1433756633642,1495.146793307862,-6.003417644497858
E0,2023-04-29,Brentford,Nott'm Forest,H,7,0,6,0,0.4,0.1,1.4,1.2,0.8,2.8,8.2,9.4,3.0,3.2,16.8,16.0,3,3,0.0,0.0,1.0,1,0.6,0.4,0.6,2.0,1543.7389118996143,1435.922118743526,107.81679315608858,1522.8783312067408,1476.5227226060451,46.35560860069563
E0,2023-04-29,Brighton,Wolves,H,7,2,10,2,0.5,0.2,1.6,1.6,0.8,1.6,18.0,8.6,5.8,2.2,11.0,15.2,3,4,0.3333333333333333,0.2222222222222222,0.4444444444444444,9,0.6,0.8,0.4,1.0,1511.3344694422065,1469.728845357395,41.60562408481155,1515.285784539859,1487.6689206380152,27.61686390184377
E0,2023-04-30,Bournemouth,Leeds,H,9,3,6,3,0.3,0.1,1.4,1.6,1.2,2.0,11.0,9.4,4.4,2.6,20.0,15.2,3,5,0.0,1.0,0.0,1,0.8,1.2,1.0,1.8,1475.284331751209,1463.9403607229624,11.343971028246642,1482.6362212705692,1464.7973609304936,17.8388603400756
E0,2023-04-30,Fulham,Man City,A,6,13,7,13,0.4,0.7,1.4,1.4,2.6,0.8,9.2,16.4,3.2,5.8,15.2,7.0,5,4,0.0,1.0,0.0,5,0.8,0.8,1.4,0.6,1479.9340588691298,1592.4357145379297,-112.50165566879993,1492.784893833268,1602.5873143736092,-109.80242054034125
E0,2023-04-30,Man United,Aston Villa,H,7,11,11,11,0.8,0.6,1.2,2.2,1.6,0.6,12.8,11.0,5.2,3.6,16.0,14.8,3,5,0.4444444444444444,0.2222222222222222,0.3333333333333333,9,0.6,2.0,1.0,0.2,1593.974405627696,1515.877258414433,78.09714721326282,1556.2174669934648,1529.092830628633,27.12463636483176
E0,2023-04-30,Newcastle,Southampton,H,12,5,10,5,0.7,0.2,2.6,1.4,0.8,1.0,12.6,10.0,5.2,4.0,10.6,15.6,3,3,0.5333333333333333,0.2,0.2666666666666666,15,1.8,0.6,0.2,0.6,1569.7553172326618,1453.9720872814337,115.78322995122812,1558.4641620396114,1440.804425709542,117.65973633006956
E0,2023-04-30,Liverpool,Tottenham,H,7,2,13,2,0.7,0.3,1.8,1.4,1.2,3.0,11.8,13.6,4.4,3.6,10.8,16.4,4,3,0.5882352941176471,0.1176470588235294,0.2941176470588235,17,1.0,0.8,0.8,1.4,1590.6420605071085,1502.5355808633658,88.10647964374266,1556.841792251816,1528.834804228879,28.006988022937097
E0,2023-05-01,Leicester,Everton,D,2,3,3,3,0.2,0.0,0.8,1.6,0.8,2.0,10.6,11.0,2.0,3.4,15.6,17.2,6,4,0.2941176470588235,0.4705882352941176,0.2352941176470588,17,0.8,0.4,0.4,1.2,1493.552699500139,1456.499361386782,37.053338113357086,1491.787460596352,1470.2335086017565,21.553951994595536
E0,2023-05-02,Arsenal,Chelsea,H,8,5,13,5,0.6,0.1,1.8,1.6,0.8,1.0,10.6,11.6,4.2,3.0,12.8,11.8,6,6,0.3529411764705882,0.2941176470588235,0.3529411764705882,17,0.4,0.8,0.2,0.4,1564.9551781540267,1496.9675938866092,67.98758426741756,1562.3427178820311,1488.160596583108,74.182121298923
E0,2023-05-03,Man City,West Ham,H,13,6,15,6,0.8,0.2,2.4,0.8,1.6,2.0,17.0,8.8,6.4,4.4,5.8,17.0,3,4,0.8235294117647058,0.0588235294117647,0.1176470588235294,17,1.0,0.6,0.4,1.2,1612.7389142092886,1480.9413395731565,131.79757463613214,1604.0411763739298,1492.0869961193794,111.95418025455048
E0,2023-05-03,Liverpool,Fulham,H,7,6,13,6,0.7,0.4,1.8,1.4,1.4,1.4,11.8,9.2,4.4,3.2,10.8,15.2,3,3,0.4,0.2,0.4,5,1.0,0.8,0.8,0.8,1592.1113027586407,1505.635728797406,86.47557396123466,1557.576413377582,1491.3310318329472,66.24538154463471
E0,2023-05-04,Brighton,Man United,H,7,7,10,7,0.6,0.4,1.6,1.6,1.2,2.2,18.0,12.8,5.8,5.2,11.0,16.0,5,4,0.3846153846153846,0.6153846153846154,0.0,13,0.6,0.8,0.6,2.0,1519.5469566368824,1518.4605283592336,1.0864282776487926,1519.3920281371968,1559.1712386604577,-39.77921052326087
E0,2023-05-06,Bournemouth,Chelsea,A,9,4,9,4,0.4,0.1,1.4,1.6,1.0,1.6,11.0,10.8,4.4,3.4,20.0,12.0,6,4,0.3636363636363636,0.5454545454545454,0.0909090909090909,11,0.8,1.2,0.4,0.4,1486.2302628925895,1489.391447000564,-3.1611841079741225,1488.1091868412595,1484.3725231400854,3.736663701174166
E0,2023-05-06,Man City,Leeds,H,13,3,15,3,0.8,0.1,2.4,0.8,1.4,2.6,17.0,10.8,6.4,3.8,5.8,14.6,3,6,0.6,0.2,0.2,5,1.0,0.6,1.0,2.0,1614.335394048906,1452.9944295815817,161.34096446732428,1604.8394162937386,1459.324395359803,145.5150209339356
E0,2023-05-06,Tottenham,Crystal Palace,H,2,6,10,6,0.6,0.3,1.6,3.0,1.6,1.6,13.4,11.6,4.2,4.2,15.8,11.4,6,7,0.7058823529411765,0.1176470588235294,0.1764705882352941,17,1.2,1.4,1.4,0.6,1555.1340275943924,1488.0186822720216,67.11534532237079,1528.100183103113,1492.2031728518468,35.89701025126624
E0,2023-05-06,Wolves,Aston Villa,H,1,8,12,8,0.6,0.6,0.6,2.6,1.2,0.8,9.0,10.6,2.2,2.8,17.6,14.6,7,6,0.5714285714285714,0.1428571428571428,0.2857142857142857,7,0.4,1.2,0.6,0.2,1505.6089959186356,1509.9697150804473,-4.36071916181163,1483.5626770406773,1526.13905896164,-42.57638192096283
E0,2023-05-06,Liverpool,Brentford,H,7,7,13,7,0.8,0.4,1.8,1.4,1.4,1.2,11.8,8.2,4.4,3.0,10.8,16.8,3,7,0.3333333333333333,0.3333333333333333,0.3333333333333333,3,1.0,0.8,0.6,0.4,1594.353016228667,1502.0177505138668,92.33526571480024,1558.697270112595,1524.504473020622,34.192797091973034
E0,2023-05-07,Newcastle,Arsenal,A,12,8,12,8,0.7,0.6,2.6,1.4,1.8,1.6,12.6,10.6,5.2,4.2,10.6,12.8,7,5,0.2,0.7333333333333333,0.0666666666666666,15,1.8,0.6,0.4,0.8,1571.939820205541,1559.730257610035,12.20956259550576,1559.556413526051,1566.1307913250537,-6.574377799002605
E0,2023-05-07,West Ham,Man United,H,6,4,5,4,0.3,0.4,1.6,2.2,0.8,2.4,8.8,13.8,4.6,5.2,17.0,17.2,4,3,0.1176470588235294,0.5882352941176471,0.2941176470588235,17,0.4,1.4,0.2,2.2,1503.2326526656022,1513.3569810949127,-10.12432842931048,1491.2887561995708,1556.619465028297,-65.33070882872653
E0,2023-05-08,Nott'm Forest,Southampton,H,0,2,5,2,0.4,0.2,1.0,2.4,0.8,1.6,8.8,9.2,3.2,3.6,15.2,16.6,9,8,1.0,0.0,0.0,1,0.6,1.6,0.2,1.2,1517.1233264685643,1451.7875843085544,65.33574216001011,1474.8965807921638,1439.7121742231022,35.18440656906159
E0,2023-05-08,Fulham,Leicester,H,3,2,4,2,0.4,0.2,1.2,1.6,0.8,1.6,10.0,10.6,3.4,2.0,14.0,15.6,5,7,0.4,0.4,0.2,5,0.6,0.8,0.8,0.4,1477.0263348684882,1490.0222216925654,-12.99588682407716,1490.210175097934,1490.42434071681,-0.2141656188759952
E0,2023-05-08,Brighton,Everton,A,7,4,13,4,0.6,0.0,1.6,1.6,1.2,1.6,18.0,14.0,5.8,4.0,11.0,17.2,4,7,0.3076923076923077,0.4615384615384615,0.2307692307692307,13,0.6,0.8,0.6,0.8,1524.6505039012034,1459.2256011458658,65.4249027553376,1521.9438017693574,1471.5966284812985,50.34717328805891
E0,2023-05-13,Leeds,Newcastle,D,3,12,5,12,0.2,0.5,1.6,2.8,2.6,1.4,9.4,12.6,3.8,5.2,15.6,10.6,7,6,0.4,0.2,0.4,5,1.2,1.8,1.8,0.6,1465.6543611380246,1547.1730068465608,-81.51864570853627,1459.091458258023,1551.8615441318689,-92.7700858738458
E0,2023-05-13,Aston Villa,Tottenham,H,7,2,15,2,0.6,0.2,1.0,0.8,1.6,3.0,11.4,13.4,2.6,4.2,12.4,15.8,7,7,0.3333333333333333,0.6666666666666666,0.0,9,0.6,0.2,1.2,1.4,1542.308402842833,1501.0663386118335,41.24206423099941,1521.9569280096682,1530.8737958903075,-8.916867880639302
E0,2023-05-13,Chelsea,Nott'm Forest,D,6,0,2,0,0.2,0.1,1.4,1.6,1.0,2.4,10.6,8.8,3.6,3.2,12.0,15.2,7,5,0.0,0.0,1.0,1,0.8,0.4,0.6,1.6,1479.353599279607,1432.6698351157631,46.68376416384376,1490.0866965822538,1476.8740110512497,13.212685531004354
E0,2023-05-13,Crystal Palace,Bournemouth,H,6,9,8,9,0.2,0.4,1.6,1.6,1.4,1.6,10.8,11.0,4.0,4.4,10.8,20.0,7,7,0.4545454545454545,0.0909090909090909,0.4545454545454545,11,1.4,0.6,0.8,1.2,1496.387663431672,1489.9881107899294,6.399552641742503,1489.429560064652,1482.395013399091,7.034546665560811
E0,2023-05-13,Man United,Wolves,H,4,1,13,1,0.8,0.2,0.8,1.2,0.6,2.6,16.0,9.0,5.2,2.2,16.6,17.6,6,7,0.4444444444444444,0.2222222222222222,0.3333333333333333,9,0.2,1.0,0.4,1.2,1599.8819489616817,1461.516358162719,138.36559079896278,1552.7400881862352,1487.7448079926492,64.99528019358604
E0,2023-05-13,Southampton,Fulham,A,2,3,1,3,0.1,0.4,1.4,2.2,1.2,1.6,11.4,10.0,4.2,3.4,15.6,14.0,5,5,0.4,0.4,0.2,5,0.6,1.2,0.6,0.8,1427.63676413765,1503.3940153273795,-75.75725118972969,1437.7347439640166,1495.2198604609607,-57.4851164969441
E0,2023-05-14,Arsenal,Brighton,A,8,7,13,7,0.6,0.5,2.0,1.6,1.6,1.6,10.6,18.0,5.0,5.8,15.0,11.0,7,6,0.3846153846153846,0.3846153846153846,0.2307692307692307,13,0.4,0.8,0.6,0.8,1572.531325040072,1519.2370996375112,53.29422540256087,1573.825660719236,1510.0182578697163,63.807402849519576
E0,2023-05-14,Everton,Man City,A,6,13,4,13,0.3,0.7,1.8,1.4,2.4,0.8,14.0,17.0,4.4,6.4,19.8,5.8,6,8,0.0588235294117647,0.6470588235294118,0.2941176470588235,17,1.0,0.8,1.0,0.6,1483.967655816731,1595.3434385385713,-111.37578272184032,1483.5221723809393,1605.0723533955186,-121.55018101457928
E0,2023-05-14,Brentford,West Ham,H,4,6,8,6,0.5,0.2,1.0,1.4,1.6,2.2,7.0,8.8,2.2,4.6,18.4,17.0,8,7,1.0,0.0,0.0,3,0.4,0.4,0.4,1.4,1546.9911955273774,1479.3448597335391,67.64633579383826,1522.7560648220424,1495.1681330416327,27.58793178040969
E0,2023-05-15,Leicester,Liverpool,A,2,7,4,7,0.2,0.3,1.4,2.4,1.8,1.4,12.0,11.8,3.8,4.4,16.8,10.8,7,9,0.1764705882352941,0.7058823529411765,0.1176470588235294,17,1.4,0.8,1.0,0.8,1490.826459741055,1523.0415239965234,-32.215064255468405,1485.4146553537837,1560.445678311175,-75.03102295739154
E0,2023-05-18,Newcastle,Brighton,H,10,9,12,9,0.6,0.5,2.6,1.6,1.8,1.2,13.2,17.6,5.4,6.6,11.4,11.4,5,4,0.0769230769230769,0.3846153846153846,0.5384615384615384,13,1.8,0.8,1.0,0.6,1556.550081417177,1536.4326059669766,20.11747545020012,1549.467064240207,1518.616011034449,30.851053205758035
E0,2023-05-20,Tottenham,Brentford,A,2,4,10,4,0.6,0.3,1.8,3.2,1.0,1.4,10.2,7.0,3.4,2.2,15.8,18.4,7,6,0.3333333333333333,0.0,0.6666666666666666,3,1.4,1.4,0.4,0.4,1560.6812531687815,1498.5209341167072,62.16031905207456,1528.3862205852372,1527.1514196993244,1.2348008859128186
E0,2023-05-20,Bournemouth,Man United,A,9,4,6,4,0.3,0.3,1.0,1.4,0.8,1.2,11.2,16.0,3.6,5.2,17.2,16.6,7,7,0.0909090909090909,0.8181818181818182,0.0909090909090909,11,0.6,0.8,0.2,1.0,1474.8019160082526,1505.5982274107887,-30.79631140253605,1476.5574576361278,1555.024523987122,-78.46706635099417
E0,2023-05-20,Fulham,Crystal Palace,D,6,6,6,6,0.5,0.2,1.2,1.0,1.6,1.6,10.0,10.8,3.2,4.0,12.2,10.8,7,7,0.2,0.6,0.2,5,0.8,0.4,1.4,0.6,1487.0457055945417,1482.4714566976322,4.574248896909467,1499.987526888594,1495.2671158276153,4.720411060978677
E0,2023-05-20,Liverpool,Aston Villa,D,10,7,13,7,0.8,0.5,2.4,1.2,1.0,0.8,12.0,11.4,4.2,2.6,10.6,12.4,5,7,0.7777777777777778,0.2222222222222222,0.0,9,1.2,0.8,0.6,0.2,1597.8498326258266,1501.6054531765035,96.2443794493231,1565.150775795403,1524.4445033147383,40.70627248066444
E0,2023-05-20,Wolves,Everton,D,1,6,12,6,0.7,0.1,0.6,2.6,1.8,1.4,9.2,14.0,2.0,4.4,20.0,19.8,7,6,0.5555555555555556,0.3333333333333333,0.1111111111111111,9,0.4,1.0,1.0,0.8,1513.9732578225794,1483.0766889451477,30.89656887743172,1485.4603721917624,1482.5116171254087,2.9487550663536695
E0,2023-05-20,Nott'm Forest,Arsenal,H,1,8,7,8,0.4,0.6,1.2,2.2,2.0,1.6,9.2,10.6,2.6,5.0,15.0,15.0,7,6,0.0,1.0,0.0,1,0.6,1.8,0.4,0.8,1521.0781869867355,1575.1199963983995,-54.04180941166419,1478.350241062532,1565.2279075545032,-86.87766649197124
E0,2023-05-21,Man City,Chelsea,H,15,6,15,6,0.9,0.2,2.8,0.6,1.4,1.6,13.6,10.6,6.0,3.6,6.4,12.0,7,8,0.5882352941176471,0.2941176470588235,0.1176470588235294,17,1.2,0.4,0.8,0.4,1614.801268252466,1500.819793884901,113.98147436756494,1606.0829086510491,1488.6104665709713,117.47244208007784
E0,2023-05-21,Brighton,Southampton,H,6,2,10,2,0.6,0.2,1.6,2.0,1.4,2.2,16.0,11.4,5.8,4.2,13.0,15.6,3,8,0.1538461538461538,0.2307692307692307,0.6153846153846154,13,1.0,1.0,0.6,1.2,1500.7994161019217,1447.8327237903834,52.966692311538054,1511.4776571785028,1432.9670775363836,78.51057964211918
E0,2023-05-21,West Ham,Leeds,H,6,3,7,3,0.4,0.1,1.6,1.8,1.6,2.8,9.0,9.4,5.0,3.8,17.8,15.6,7,8,0.6,0.2,0.2,5,0.4,0.8,1.2,1.8,1510.9914063497265,1452.5285553780218,58.46285097170448,1490.7727781643507,1461.485938149685,29.286840014665813
E0,2023-05-22,Newcastle,Leicester,D,10,2,12,2,0.6,0.1,2.6,1.6,1.4,2.4,13.2,12.0,5.4,3.8,11.4,16.8,4,7,0.4666666666666667,0.5333333333333333,0.0,15,1.8,0.8,1.4,0.8,1570.8267891290693,1480.002850966512,90.8239381625574,1556.6054180961537,1480.7095578695555,75.89586022659796
E0,2023-05-24,Brighton,Man City,D,6,15,10,15,0.7,0.7,1.6,2.0,2.8,0.6,16.0,13.6,5.8,6.0,13.0,6.4,3,3,0.0769230769230769,0.9230769230769232,0.0,13,1.0,1.0,1.2,0.4,1508.2149485983507,1597.3645490496324,-89.14960045128169,1515.1854234267173,1605.7567075072045,-90.57128408048698
E0,2023-05-25,Man United,Chelsea,H,7,6,13,6,0.8,0.2,1.0,0.8,1.4,1.4,18.8,11.2,6.0,4.4,14.2,13.4,5,4,0.2941176470588235,0.2352941176470588,0.4705882352941176,17,0.2,0.6,0.8,0.0,1604.450820563455,1501.4721961725904,102.97862439086452,1558.4517542017988,1488.936667714816,69.51508648698291
E0,2023-05-28,Southampton,Liverpool,D,1,10,1,10,0.1,0.4,1.6,2.8,2.4,1.2,9.0,12.0,3.6,4.2,18.8,10.6,7,8,0.0588235294117647,0.8235294117647058,0.1176470588235294,17,0.8,1.4,1.2,0.8,1418.1014312823838,1532.4517189649794,-114.35028768259554,1429.259311288169,1562.8760462171913,-133.6167349290222
E0,2023-05-28,Man United,Fulham,H,7,6,15,6,0.8,0.4,1.0,0.8,1.2,1.0,18.8,10.0,6.0,3.2,14.2,12.2,3,8,0.8,0.0,0.2,5,0.2,0.6,0.8,0.4,1608.8252749108192,1512.929348182646,95.8959267281732,1560.6389813754809,1499.5838303879284,61.05515098755245
E0,2023-05-28,Leicester,West Ham,H,2,6,4,6,0.2,0.2,1.2,2.2,1.6,1.8,9.4,9.0,3.8,5.0,19.2,17.8,6,7,0.3529411764705882,0.3529411764705882,0.2941176470588235,17,1.2,0.8,0.4,0.8,1481.416264772599,1470.554149978975,10.862114793624189,1482.9746145963695,1495.0111835232497,-12.036568926879909
E0,2023-05-28,Leeds,Tottenham,A,0,2,5,2,0.2,0.2,1.0,3.0,1.8,3.2,9.6,10.2,3.6,3.4,14.8,15.8,7,8,0.2,0.8,0.0,5,0.6,1.8,1.4,1.4,1470.4433209213478,1496.091188001693,-25.647867080344895,1457.2475327907855,1520.4715357106124,-63.22400291982672
E0,2023-05-28,Aston Villa,Brighton,H,5,6,15,6,0.7,0.4,0.8,1.0,1.6,2.0,11.6,16.0,2.8,5.8,9.0,13.0,8,4,0.5714285714285714,0.1428571428571428,0.2857142857142857,7,0.4,0.4,1.0,1.0,1547.2835534529738,1522.155898255084,25.127655197889908,1526.7192328929505,1517.9120597872711,8.80717310567934
E0,2023-05-28,Crystal Palace,Nott'm Forest,D,7,1,10,1,0.3,0.1,1.8,1.2,1.2,2.2,11.4,9.2,4.2,2.6,10.0,15.0,8,8,0.0,1.0,0.0,1,1.4,0.4,0.6,1.8,1508.0627749575983,1435.6222951383284,72.44047981926997,1495.6708123282806,1483.236147062909,12.434665265371676
E0,2023-05-28,Chelsea,Newcastle,D,3,10,2,10,0.2,0.4,1.0,2.0,2.6,1.6,11.6,13.2,4.2,5.4,13.6,11.4,3,6,0.6666666666666666,0.3333333333333333,0.0,15,0.8,0.4,1.8,0.8,1476.4011392570417,1542.3840470632376,-65.98290780619595,1486.749440541134,1554.3403613693392,-67.5909208282053
E0,2023-05-28,Brentford,Man City,H,6,13,8,13,0.6,0.6,1.0,1.0,2.2,0.6,7.8,12.2,2.0,5.8,16.2,7.8,8,4,0.3333333333333333,0.6666666666666666,0.0,3,0.8,0.2,1.0,0.2,1555.7819052819416,1591.911276328525,-36.1293710465834,1535.066104573949,1603.0300711466507,-67.96396657270179
E0,2023-05-28,Arsenal,Wolves,H,5,1,10,1,0.6,0.1,1.4,1.8,0.6,2.6,9.8,9.2,4.2,2.0,13.8,20.0,8,8,0.4444444444444444,0.3333333333333333,0.2222222222222222,9,0.4,0.8,0.4,1.0,1555.3358187106066,1456.9474865609457,98.38833214966098,1560.342001554126,1485.4392291232057,74.90277243092032
E0,2023-05-28,Everton,Bournemouth,H,6,9,4,9,0.3,0.4,1.6,1.2,1.0,1.4,15.4,11.2,4.6,3.6,18.4,17.2,8,8,0.3636363636363636,0.5454545454545454,0.0909090909090909,11,0.8,0.4,0.6,0.8,1481.9465453056698,1478.3129992640029,3.633546041666932,1482.5327601939655,1473.1302274214509,9.40253277251486
E0,2023-08-11,Burnley,Man City,A,5,10,9,10,0.4,0.6,0.8,1.2,2.0,0.8,12.4,12.8,3.4,5.6,18.8,9.2,446,75,0.0625,0.75,0.1875,16,0.4,0.6,0.8,0.4,1491.0173459417804,1553.6725067647426,-62.655160822962216,1489.61034612742,1565.0761234805714,-75.46577735315145
E0,2023-08-12,Newcastle,Aston Villa,H,8,5,10,5,0.6,0.4,1.8,1.6,0.8,1.0,12.8,11.6,4.6,2.8,14.4,9.0,76,76,0.3,0.4,0.3,10,1.2,0.8,0.4,0.4,1544.4187727025453,1504.123791263061,40.29498143948422,1535.092626150967,1519.9767231736364,15.11590297733028
E0,2023-08-12,Sheffield United,Crystal Palace,A,3,7,6,7,0.4,0.2,0.4,1.6,1.8,1.2,9.2,11.4,1.6,4.2,17.0,10.0,811,76,0.5,0.5,0.0,4,0.0,1.0,1.4,0.4,1491.5910803445315,1488.7968292983053,2.794251046226236,1484.54375709487,1495.2978645490416,-10.754107454171615
E0,2023-08-12,Everton,Fulham,A,6,6,4,6,0.4,0.3,1.6,1.2,1.2,1.0,15.4,10.0,4.6,3.4,18.4,14.0,76,76,0.3333333333333333,0.5,0.1666666666666666,6,0.8,0.4,0.8,0.2,1493.0423047529905,1506.565248812034,-13.522944059043766,1490.8660090290527,1498.6724591247423,-7.806450095689797
E0,2023-08-12,Brighton,Luton,H,6,0,10,0,0.6,0.5,1.6,2.0,,,14.2,,5.8,,13.6,,76,7,0.5,0.5,0.0,0,1.0,0.8,,,1509.157708284037,1500.0,9.157708284036971,1509.9262429221117,1500.0,9.926242922111667
E0,2023-08-12,Bournemouth,West Ham,D,9,3,3,3,0.3,0.2,1.0,1.0,1.6,2.2,10.6,10.4,3.4,4.6,15.8,17.2,76,76,0.25,0.3333333333333333,0.4166666666666667,12,0.6,0.6,0.6,1.0,1478.524795237862,1475.296344067193,3.2284511706689045,1479.428192673276,1494.1700247512172,-14.741832077941126
E0,2023-08-12,Arsenal,Nott'm Forest,H,5,2,10,2,0.6,0.0,1.4,1.8,1.2,2.0,9.8,8.0,4.2,3.2,13.8,14.0,76,76,0.5,0.5,0.0,2,0.4,0.8,0.6,2.0,1542.5608171760075,1460.4700971644932,82.09072001151458,1543.172050361215,1490.5697982430556,52.60225211815941
E0,2023-08-13,Brentford,Tottenham,D,6,4,10,4,0.6,0.2,1.0,1.0,2.0,2.8,7.8,9.0,2.0,4.2,16.2,15.8,77,77,0.25,0.25,0.5,4,0.8,0.2,1.6,1.0,1545.28192491427,1507.1011930903542,38.18073182391595,1527.4483142522304,1518.5759774907206,8.872336761509814
E0,2023-08-13,Chelsea,Liverpool,D,3,11,3,11,0.1,0.4,1.0,2.0,3.0,1.2,11.6,17.2,4.2,5.6,13.6,10.2,77,77,0.2222222222222222,0.2777777777777778,0.5,18,0.8,0.4,1.6,0.6,1486.819595235199,1517.290579340985,-30.4709841057861,1492.4375411290505,1539.9009147827426,-47.463373653692315
E0,2023-08-14,Man United,Wolves,H,7,1,15,1,0.8,0.1,1.0,0.8,0.4,3.2,18.8,9.0,6.0,1.2,14.2,19.0,78,78,0.5,0.2,0.3,10,0.2,0.6,0.2,1.2,1575.0103486605876,1465.6689973559323,109.34135130465528,1541.6768247567416,1487.501374192597,54.17545056414451
E0,2023-08-18,Nott'm Forest,Sheffield United,H,2,3,10,3,0.5,0.2,1.4,2.0,0.4,1.6,8.0,9.2,3.2,1.6,15.4,17.0,6,6,0.5,0.5,0.0,0,0.8,1.6,0.0,1.0,1520.669499321618,1477.4964338452085,43.17306547640965,1488.438845679439,1481.209583478324,7.229262201115034
E0,2023-08-19,Man City,Newcastle,H,10,8,15,8,1.0,0.4,1.8,0.6,1.8,1.6,13.6,12.8,5.6,4.6,9.6,14.4,8,7,0.8125,0.0625,0.125,16,0.4,0.2,1.2,0.8,1576.4797401964,1525.7664795993885,50.71326059701187,1569.1431783426235,1541.0512032521735,28.091975090450205
E0,2023-08-19,Tottenham,Man United,H,4,7,7,7,0.6,0.3,2.2,3.0,1.0,0.8,11.0,18.8,5.0,6.0,15.0,14.2,6,5,0.2777777777777778,0.5555555555555556,0.1666666666666666,18,1.4,0.8,0.2,0.6,1530.0507618910867,1508.3433008528957,21.707461038191013,1519.741385149883,1541.422600932692,-21.681215782809204
E0,2023-08-19,Fulham,Brentford,A,6,6,7,6,0.4,0.3,0.8,0.8,1.0,1.0,7.6,7.8,2.4,2.0,14.8,16.2,7,6,0.5,0.5,0.0,2,0.6,0.2,0.8,0.2,1490.7796694374513,1509.6147035901909,-18.83503415273958,1501.796341610581,1526.282906593068,-24.486564982486925
E0,2023-08-19,Liverpool,Bournemouth,H,11,9,13,9,0.7,0.4,3.2,1.4,1.0,1.0,18.4,10.6,5.0,3.4,9.8,15.8,6,7,0.75,0.1666666666666666,0.0833333333333333,12,1.6,0.6,0.6,0.6,1562.5112502245,1480.3315901086903,82.17966011580984,1537.4945744826607,1478.768437137237,58.726137345423695
E0,2023-08-19,Wolves,Brighton,A,0,6,13,6,0.7,0.3,0.2,3.2,1.6,2.0,12.0,14.2,2.2,5.8,18.6,13.6,5,7,0.2,0.4,0.4,10,0.0,1.4,1.0,0.8,1509.3337510292615,1510.6947775601866,-1.3610265309248462,1487.755598016647,1516.2748858965106,-28.519287879863896
E0,2023-08-20,Aston Villa,Everton,H,2,6,15,6,0.8,0.1,0.6,1.8,1.6,1.2,11.8,15.4,3.0,4.6,10.6,18.4,8,8,0.7,0.1,0.2,10,0.2,1.0,0.8,0.4,1535.829655084212,1488.6897133051152,47.13994177909672,1514.0181460724298,1487.7421265432145,26.27601952921532
E0,2023-08-20,West Ham,Chelsea,H,1,3,7,3,0.5,0.2,1.0,2.4,1.0,2.0,10.0,11.6,3.2,4.2,16.6,13.6,8,7,0.2777777777777778,0.5,0.2222222222222222,18,0.6,1.2,0.8,0.4,1513.0437054352412,1498.0554870229016,14.98821841233962,1494.8297802872564,1494.843881429132,-0.0141011418756988
E0,2023-08-21,Crystal Palace,Arsenal,A,7,5,11,5,0.3,0.5,1.0,1.0,1.4,1.8,13.0,9.8,4.2,4.2,9.4,13.8,9,9,0.1666666666666666,0.5555555555555556,0.2777777777777778,18,0.8,0.4,0.4,0.8,1501.7988997997777,1543.7832835464226,-41.98438374664488,1498.6320381655871,1545.3030029248318,-46.6709647592445
E0,2023-08-25,Chelsea,Luton,H,3,0,3,0,0.1,0.0,1.2,2.4,1.0,4.0,12.4,9.0,4.8,3.0,14.2,27.0,5,13,0.5,0.5,0.0,0,0.8,0.8,1.0,3.0,1491.6322758353626,1487.3027140512024,4.329561784160205,1489.0214875207998,1493.651357025601,-4.629869504801263
E0,2023-08-26,Bournemouth,Tottenham,A,6,4,4,4,0.3,0.2,1.0,1.6,2.2,3.0,9.4,11.0,3.0,5.0,18.2,15.0,7,7,0.1666666666666666,0.6666666666666666,0.1666666666666666,12,0.6,0.8,1.4,0.8,1477.2052841657835,1509.4320084086792,-32.22672424289567,1477.1085945826896,1525.6461733270094,-48.53757874431972
E0,2023-08-26,Arsenal,Fulham,D,7,6,10,6,0.7,0.4,1.2,1.4,0.8,0.8,10.8,7.6,3.8,2.4,12.4,14.8,5,7,0.8333333333333334,0.0,0.1666666666666666,6,0.6,0.6,0.6,0.2,1546.822722303241,1512.8130137837109,34.00970851953025,1549.600665606772,1493.8049453989124,55.79572020785963
E0,2023-08-26,Brentford,Crystal Palace,D,9,7,11,7,0.5,0.3,1.6,0.8,1.0,1.0,10.0,13.0,3.4,4.2,14.6,9.4,7,5,0.0,0.0,1.0,4,1.2,0.2,0.8,0.4,1542.9511095959451,1495.465176531397,47.485933064548135,1534.2743028047366,1494.3343754836471,39.9399273210895
E0,2023-08-26,Everton,Wolves,A,6,0,3,0,0.4,0.1,1.6,1.6,0.2,3.2,14.2,12.0,4.8,2.2,15.2,18.6,6,7,0.3,0.5,0.2,10,0.8,0.6,0.0,1.4,1486.7945397813137,1466.1774450040316,20.617094777281864,1482.0290933658644,1482.0722762154703,-0.0431828496059552
E0,2023-08-26,Man United,Nott'm Forest,H,4,2,15,2,0.8,0.0,0.6,1.2,1.4,2.0,18.8,8.0,5.6,3.2,16.4,15.4,7,8,1.0,0.0,0.0,2,0.0,1.0,0.8,1.6,1574.5019010124884,1456.2081920372598,118.29370897522858,1535.5178127555655,1491.120261063215,44.39755169235059
E0,2023-08-26,Brighton,West Ham,A,6,1,10,1,0.6,0.2,2.0,2.0,1.0,2.4,12.2,10.0,5.4,3.2,15.2,16.6,7,6,0.5714285714285714,0.0,0.4285714285714285,14,1.4,1.0,0.6,1.2,1521.8549942328343,1476.6158551392716,45.239139093562926,1521.958207697687,1500.652174195589,21.30603350209799
E0,2023-08-27,Newcastle,Liverpool,A,5,11,10,11,0.6,0.4,1.4,1.6,3.2,1.4,12.2,18.4,4.0,5.0,14.8,9.8,8,8,0.0625,0.6875,0.25,16,0.8,0.8,1.6,0.6,1556.3359269049588,1512.4778987408213,43.85802816413752,1538.548426832154,1539.154417037208,-0.6059902050540131
E0,2023-08-27,Burnley,Aston Villa,A,5,2,6,2,0.4,0.3,0.8,1.2,0.6,1.8,12.4,11.8,3.4,3.0,18.8,10.6,16,7,0.25,0.25,0.5,8,0.4,0.6,0.2,1.0,1482.883236217676,1492.2066370606476,-9.32340084297175,1485.5432912653678,1519.73117924978,-34.1878879844121
E0,2023-08-27,Sheffield United,Man City,A,3,10,6,10,0.4,0.7,0.4,1.6,1.8,0.6,8.8,13.6,2.0,5.6,15.6,9.6,9,8,0.0,1.0,0.0,4,0.2,1.0,0.4,0.2,1484.9227331114398,1561.806616488847,-76.88388337740753,1478.5281680945482,1571.6459547626432,-93.11778666809504
E0,2023-09-01,Luton,West Ham,A,0,4,0,4,0.5,0.3,0.5,3.5,1.0,1.8,10.0,10.8,2.0,3.0,23.0,18.4,7,6,0.5,0.5,0.0,0,0.5,2.5,0.8,1.2,1500.0,1491.6087107478577,8.391289252142315,1488.989244664711,1508.148601999882,-19.15935733517108
E0,2023-09-02,Brentford,Bournemouth,D,9,6,11,6,0.4,0.4,1.6,0.8,1.0,1.6,10.0,9.4,3.4,3.0,14.6,18.2,7,7,0.5,0.0,0.5,2,1.2,0.2,0.6,0.8,1539.728661602301,1477.0119049995958,62.71675660270512,1532.6630788079144,1471.794489498699,60.868589309215395
E0,2023-09-02,Burnley,Tottenham,A,5,7,3,7,0.3,0.2,0.8,1.2,2.4,1.8,12.4,12.2,3.4,5.6,18.8,12.2,6,7,0.125,0.625,0.25,16,0.4,0.6,1.4,0.6,1470.704953019353,1520.0602185766604,-49.35526555730735,1479.4541496662064,1530.960278411,-51.506128744793614
E0,2023-09-02,Chelsea,Nott'm Forest,A,3,2,6,2,0.2,0.0,1.2,2.4,1.4,2.0,12.4,7.6,4.8,3.0,14.2,15.4,8,7,0.0,0.0,1.0,2,0.8,0.8,0.4,1.4,1500.9565005571433,1454.283226842692,46.67327371445117,1493.68359988169,1490.1577784659312,3.525821415758855
E0,2023-09-02,Man City,Fulham,H,10,7,15,7,1.0,0.4,1.8,0.6,1.2,1.0,17.2,9.0,5.6,3.0,10.0,15.8,6,7,1.0,0.0,0.0,6,0.8,0.4,0.8,0.6,1581.485293036439,1514.5804095203157,66.90488351612362,1573.6525538304286,1494.688643267215,78.96391056321363
E0,2023-09-02,Brighton,Newcastle,H,6,5,7,5,0.6,0.4,2.0,2.0,1.4,1.6,12.2,12.2,5.4,4.0,15.2,14.8,7,6,0.3571428571428571,0.1428571428571428,0.5,14,1.4,1.0,0.8,0.8,1506.8621386242485,1520.760926759349,-13.898788135100858,1514.461779893394,1535.392250379908,-20.930470486514196
E0,2023-09-02,Sheffield United,Everton,D,3,6,6,6,0.3,0.1,0.4,1.6,1.6,1.6,8.8,14.2,2.0,4.8,15.6,15.2,6,7,0.5,0.5,0.0,4,0.2,1.0,0.8,0.6,1480.9095349758688,1477.263646950415,3.6458880254538144,1476.5215690267628,1477.2467778496368,-0.7252088228740377
E0,2023-09-03,Crystal Palace,Wolves,H,5,3,8,3,0.3,0.1,0.8,1.2,0.2,2.8,14.2,11.0,4.8,2.0,9.6,18.6,8,8,0.5,0.4,0.1,10,0.6,0.4,0.2,1.2,1493.2035744358973,1475.7420760364864,17.461498399410857,1495.9455994804694,1486.8545917316978,9.091007748771515
E0,2023-09-03,Liverpool,Aston Villa,H,11,4,13,4,0.8,0.4,2.4,1.4,1.0,1.8,17.6,12.2,4.4,3.8,11.8,11.2,7,7,0.7,0.2,0.1,10,1.2,0.4,0.2,1.0,1565.8309353335949,1504.3849202589706,61.44601507462403,1542.3105934894538,1525.8203208489413,16.490272640512558
E0,2023-09-03,Arsenal,Man United,H,7,4,10,4,0.7,0.3,1.2,1.4,0.6,1.2,10.8,18.8,3.8,5.6,12.4,16.4,8,8,0.3333333333333333,0.3888888888888889,0.2777777777777778,18,0.6,0.6,0.0,1.0,1545.0553265666365,1496.5337244986429,48.521602067993626,1548.7169677384695,1536.4802953528497,12.236672385620295
E0,2023-09-16,West Ham,Man City,A,7,10,10,10,0.5,0.7,1.4,1.4,1.8,0.6,11.4,17.2,3.2,5.6,18.4,10.0,15,14,0.0555555555555555,0.8333333333333334,0.1111111111111111,18,1.0,0.8,0.8,0.4,1524.688493251906,1565.8198146244183,-41.131321372512275,1512.2386861801774,1575.5333767795023,-63.29469059932512
E0,2023-09-16,Tottenham,Sheffield United,H,10,3,7,3,0.7,0.1,2.8,1.4,0.4,1.6,14.2,8.8,6.2,2.0,13.0,15.6,14,14,0.5,0.25,0.25,4,1.6,0.6,0.2,1.0,1541.8603382453396,1472.1336030776563,69.72673516768305,1536.011915563212,1477.022356482758,58.989559080454
E0,2023-09-16,Newcastle,Brentford,H,5,9,7,9,0.6,0.4,1.6,1.6,1.6,0.8,12.4,10.0,4.0,3.4,14.6,14.6,14,14,0.75,0.0,0.25,4,1.0,0.8,1.2,0.2,1550.023574000467,1525.597496013528,24.426077986939163,1528.9769828796575,1530.7020299543526,-1.725047074694885
E0,2023-09-16,Fulham,Luton,H,7,0,7,0,0.3,0.0,1.4,1.8,0.6666666666666666,3.0,8.4,12.0,3.2,1.6666666666666667,14.2,18.333333333333332,14,15,0.5,0.5,0.0,0,0.8,1.2,0.6666666666666666,2.0,1474.7968770141142,1477.9784893294218,-3.181612315307575,1492.807820318141,1484.8991604844157,7.908659833725551
E0,2023-09-16,Aston Villa,Crystal Palace,H,4,5,15,5,0.8,0.3,1.0,2.2,0.8,1.2,12.6,14.2,4.2,4.8,11.8,9.6,13,13,0.5,0.3,0.2,10,0.2,1.2,0.6,0.4,1547.255721438912,1498.6876245250412,48.56809691387093,1523.1574231316597,1498.3402354764066,24.817187655252837
E0,2023-09-16,Man United,Brighton,A,3,6,15,6,0.9,0.4,0.4,1.4,2.0,2.0,17.4,12.2,4.4,5.4,16.2,15.2,13,14,0.5714285714285714,0.4285714285714285,0.0,14,0.0,1.0,1.4,1.0,1576.426866207056,1522.061421162539,54.36544504451672,1531.87668586705,1520.8770473936445,10.99963847340564
E0,2023-09-16,Wolves,Liverpool,A,3,11,10,11,0.6,0.4,0.6,2.2,2.4,1.4,11.4,17.6,2.4,4.4,17.4,11.8,13,13,0.1,0.9,0.0,10,0.6,1.4,1.2,0.4,1497.967107426909,1518.790251645313,-20.823144218403968,1484.4599557357606,1544.9734912067356,-60.51353547097506
E0,2023-09-17,Bournemouth,Chelsea,D,4,3,4,3,0.3,0.2,0.8,1.6,1.2,2.4,10.6,12.4,2.8,4.8,17.6,14.2,15,15,0.3333333333333333,0.5833333333333334,0.0833333333333333,12,0.4,0.8,0.8,0.8,1466.5770739978022,1486.4106992062368,-19.83362520843457,1473.7555383522608,1487.8297362436042,-14.074197891343374
E0,2023-09-17,Everton,Arsenal,A,6,7,3,7,0.3,0.5,2.0,2.0,1.2,1.4,15.4,10.8,5.0,3.8,15.4,12.4,15,14,0.3333333333333333,0.5555555555555556,0.1111111111111111,18,1.0,0.6,0.6,0.6,1477.2299087488586,1552.378608910303,-75.14870016144437,1476.7459903936417,1553.3205772242693,-76.5745868306276
E0,2023-09-18,Nott'm Forest,Burnley,D,5,5,12,5,0.5,0.2,1.4,1.6,0.8,1.2,8.0,12.4,3.0,3.4,16.8,18.8,16,16,0.5,0.5,0.0,0,0.6,1.0,0.4,0.6,1526.03233008917,1488.2033463130597,37.82898377611059,1496.011642104017,1474.4025125139942,21.609129590022803
E0,2023-09-23,Crystal Palace,Fulham,D,5,7,10,7,0.4,0.3,1.0,1.4,1.4,1.8,12.6,8.4,4.6,3.2,11.0,14.2,7,7,0.5,0.1666666666666666,0.3333333333333333,6,0.8,0.8,0.8,1.2,1497.9928464277718,1510.8187636221678,-12.82591719439597,1493.6701594993633,1495.7048221949683,-2.0346626956052205
E0,2023-09-23,Luton,Wolves,D,0,3,0,3,0.0,0.1,0.5,2.5,0.6,2.2,10.75,11.4,1.75,2.4,17.0,17.4,7,7,0.5,0.5,0.0,0,0.5,1.75,0.6,1.4,1491.819831639409,1470.952804044612,20.867027594797037,1482.002158607588,1480.4375623796943,1.5645962278936167
E0,2023-09-23,Man City,Nott'm Forest,H,10,5,15,5,1.0,0.1,1.8,0.8,1.4,1.6,21.2,8.0,7.8,3.0,9.8,16.8,7,5,0.5,0.0,0.5,2,1.2,0.4,0.6,1.0,1585.2469389345868,1465.9909541188638,119.25598481572295,1579.5022804174223,1495.2446920657312,84.25758835169131
E0,2023-09-23,Burnley,Man United,A,6,3,0,3,0.3,0.3,1.0,1.0,0.4,1.4,10.8,17.4,3.2,4.4,18.2,16.2,5,7,0.0625,0.5625,0.375,16,0.4,0.6,0.0,1.0,1460.6016787149292,1487.3265055270438,-26.724826812114543,1475.16946255228,1523.202873849158,-48.03341129687783
E0,2023-09-23,Brentford,Everton,A,9,6,9,6,0.4,0.1,1.6,0.6,2.0,2.0,10.2,15.4,3.2,5.0,14.2,15.4,7,6,0.5,0.25,0.25,4,1.2,0.2,1.0,0.6,1535.8065638951773,1476.2620720384248,59.54449185675253,1527.7586998219012,1473.383720151903,54.37497966999831
E0,2023-09-24,Arsenal,Tottenham,D,9,10,10,10,0.7,0.3,1.0,1.0,2.8,1.4,11.2,14.2,3.6,6.2,10.8,13.0,7,8,0.3888888888888889,0.3888888888888889,0.2222222222222222,18,0.8,0.4,1.6,0.6,1554.2625455382356,1530.1634928810845,24.099052657151333,1556.682847466008,1537.4102280891689,19.2726193768392
E0,2023-09-24,Brighton,Bournemouth,H,9,4,10,4,0.6,0.4,2.4,1.6,0.8,1.6,10.8,10.6,5.6,2.8,15.6,17.6,8,7,0.3,0.5,0.2,10,1.8,0.8,0.4,0.8,1519.6926736247494,1480.9340027067194,38.75867091803002,1529.5508594115363,1473.961441768829,55.5894176427073
E0,2023-09-24,Chelsea,Aston Villa,A,4,4,6,4,0.1,0.3,1.0,1.8,1.0,2.2,13.8,12.6,5.2,4.2,13.6,11.8,7,8,0.7,0.2,0.1,10,0.6,0.8,0.2,1.2,1489.2487732809716,1499.059124824407,-9.810351543435443,1487.623832827036,1527.8274991087028,-40.20366628166675
E0,2023-09-24,Liverpool,West Ham,H,11,7,13,7,0.8,0.4,2.6,1.4,1.4,1.4,16.8,11.4,4.8,3.2,12.6,18.4,8,8,0.7777777777777778,0.1111111111111111,0.1111111111111111,18,1.6,0.4,1.0,0.8,1571.1567307681582,1499.7888791084488,71.36785165970946,1548.9958845628016,1508.2697825422574,40.72610202054421
E0,2023-09-24,Sheffield United,Newcastle,A,3,5,4,5,0.3,0.4,0.6,1.8,1.6,1.6,8.6,12.4,2.6,4.0,19.2,14.6,8,8,0.25,0.75,0.0,4,0.4,1.2,1.0,0.8,1481.911109887859,1507.9303917588484,-26.01928187098929,1475.624043956801,1531.920313012109,-56.29626905530813
E0,2023-09-30,West Ham,Sheffield United,H,7,3,9,3,0.5,0.1,1.6,1.6,0.6,1.8,12.8,8.6,3.2,2.6,18.0,19.2,6,6,0.5,0.25,0.25,4,1.0,1.2,0.4,1.2,1516.750685976066,1469.3369780257426,47.41370795032344,1506.3727116871007,1466.7555695716228,39.61714211547792
E0,2023-09-30,Tottenham,Liverpool,H,11,11,10,11,0.7,0.5,3.0,1.4,2.6,1.4,15.8,16.8,6.8,4.8,14.0,12.6,6,6,0.1111111111111111,0.6111111111111112,0.2777777777777778,18,1.6,0.6,1.6,0.4,1544.6569632972537,1526.8350383574452,17.82192493980824,1537.9839686357136,1550.8929554179583,-12.908986782244938
E0,2023-09-30,Wolves,Man City,H,4,10,7,10,0.5,0.8,0.8,2.0,1.8,0.8,11.0,21.2,3.0,7.8,16.0,9.8,7,7,0.2,0.7,0.1,10,0.8,1.4,1.2,0.4,1489.9223207147768,1573.7576219002583,-83.83530118548151,1480.8317381502736,1579.6173813935357,-98.78564324326204
E0,2023-09-30,Newcastle,Burnley,H,5,6,10,6,0.7,0.2,2.4,1.4,1.0,1.0,13.8,10.8,5.4,3.2,13.8,18.2,6,7,0.4285714285714285,0.2142857142857142,0.3571428571428571,14,1.4,0.6,0.4,0.6,1555.9102342653698,1489.7372463896309,66.17298787573895,1540.788787397287,1472.1751076588794,68.61367973840765
E0,2023-09-30,Everton,Luton,A,8,1,3,0,0.2,0.0,2.2,1.8,0.6,2.2,14.4,12.6,4.6,2.2,14.8,14.2,7,7,0.5,0.5,0.0,0,1.2,0.6,0.6,1.6,1470.505368265381,1472.184485575767,-1.679117310385891,1482.1256410280855,1481.6079828370086,0.5176581910770892
E0,2023-09-30,Bournemouth,Arsenal,A,1,9,2,9,0.3,0.6,0.8,2.2,1.0,1.0,9.8,11.2,3.2,3.6,18.0,10.8,6,6,0.1666666666666666,0.6666666666666666,0.1666666666666666,12,0.2,1.2,0.8,0.4,1466.9888808309388,1559.1031493937803,-92.11426856284174,1470.8799768063748,1556.109106919463,-85.22913011308833
E0,2023-09-30,Aston Villa,Brighton,H,7,9,15,9,0.9,0.5,1.2,2.0,2.4,1.6,12.4,10.8,5.0,5.6,12.6,15.6,6,6,0.625,0.125,0.25,8,0.4,1.2,1.8,0.8,1556.5958733929983,1539.4090451983234,17.186828194674945,1532.0292885217468,1532.6323243739907,-0.6030358522439201
E0,2023-09-30,Man United,Crystal Palace,A,6,5,12,5,0.8,0.3,0.6,1.2,1.0,1.4,16.4,12.6,4.2,4.6,14.2,11.0,7,7,0.6666666666666666,0.1666666666666666,0.1666666666666666,18,0.0,0.8,0.8,0.8,1559.079242171272,1489.347472570955,69.73176960031697,1526.1972287425583,1492.731651261441,33.465577481117634
E0,2023-10-01,Nott'm Forest,Brentford,D,4,9,13,9,0.4,0.4,1.0,1.6,1.6,0.6,7.8,10.2,3.2,3.2,15.4,14.2,8,8,0.0,0.5,0.5,2,0.4,0.6,1.2,0.2,1524.4984300125986,1519.7108357486252,4.78759426397346,1495.129591089618,1519.0167789457182,-23.887187856100127
E0,2023-10-02,Fulham,Chelsea,A,5,4,7,4,0.4,0.2,1.0,1.8,1.0,1.8,8.6,13.8,3.4,5.2,14.6,13.6,9,8,0.1666666666666666,0.6666666666666666,0.1666666666666666,6,0.4,1.2,0.6,0.8,1480.590880767769,1485.9988923731005,-5.4080116053312395,1496.643330432891,1483.4220434139916,13.221287018899377
E0,2023-10-03,Luton,Burnley,A,4,5,1,5,0.0,0.2,0.8,2.0,0.8,1.2,11.2,10.6,2.4,3.4,17.0,18.0,3,3,0.5,0.5,0.0,0,0.4,1.4,0.4,0.6,1491.0314800982503,1482.9684724077972,8.063007690453105,1485.766191550959,1468.7907206679624,16.975470882996888
E0,2023-10-07,Crystal Palace,Nott'm Forest,D,8,4,8,4,0.4,0.1,1.2,1.2,1.0,1.6,12.8,7.8,4.6,3.2,13.2,15.4,7,6,0.0,0.5,0.5,2,0.8,0.8,0.4,0.6,1496.1158299519268,1465.7607521666375,30.355077785289268,1497.9326080806543,1494.5386417858049,3.3939662948496334
E0,2023-10-07,Man United,Brentford,H,6,7,9,7,0.8,0.4,0.6,1.2,1.4,0.8,16.4,12.4,4.2,4.0,14.2,12.4,7,6,0.75,0.25,0.0,4,0.0,0.8,1.2,0.4,1548.6773285328447,1520.8927343562514,27.784594176593373,1520.996271923345,1519.6077282495314,1.3885436738135013
E0,2023-10-07,Fulham,Sheffield United,H,5,3,7,3,0.3,0.1,1.0,1.8,0.6,1.4,8.6,10.2,3.4,2.8,14.6,19.2,5,7,0.5,0.0,0.5,2,0.4,1.2,0.4,0.6,1469.5673950474109,1461.8151104645474,7.752284582863467,1491.131587572712,1462.9946357910253,28.136951781686548
E0,2023-10-07,Everton,Bournemouth,H,8,1,3,1,0.2,0.3,2.2,1.8,0.8,2.2,14.4,9.8,4.6,3.2,14.8,18.0,7,7,0.4166666666666667,0.5,0.0833333333333333,12,1.2,0.6,0.2,1.2,1462.18895083748,1474.7710727818107,-12.582121944330764,1477.9674323141353,1466.9996895713164,10.967742742818928
E0,2023-10-07,Burnley,Chelsea,A,5,4,0,4,0.3,0.3,0.8,1.2,0.8,1.6,10.0,13.8,3.0,5.0,19.0,13.6,4,5,0.125,0.625,0.25,16,0.2,0.8,0.2,0.8,1454.612968928128,1497.0223780934584,-42.409409165330544,1473.3031422192448,1488.9337862741709,-15.630644054926051
E0,2023-10-07,Luton,Tottenham,A,3,11,1,11,0.0,0.3,0.8,2.2,3.0,1.4,10.8,15.8,2.2,6.8,19.2,14.0,4,7,0.5,0.5,0.0,0,0.4,1.4,1.6,0.6,1482.0066369956855,1531.310973974174,-49.30433697848843,1481.253769999677,1541.616215557778,-60.36244555810117
E0,2023-10-08,Brighton,Liverpool,D,6,8,10,8,0.6,0.5,2.0,2.8,2.2,1.8,10.6,16.0,5.0,4.6,16.6,16.6,8,8,0.1428571428571428,0.6428571428571429,0.2142857142857142,14,1.4,1.4,1.4,0.6,1525.855603549658,1519.5705445133165,6.285059036341636,1525.7835324817445,1547.260708495894,-21.47717601414979
E0,2023-10-08,West Ham,Newcastle,D,7,5,12,5,0.5,0.5,1.6,1.6,2.4,1.4,12.8,13.8,3.2,5.4,18.0,13.8,8,8,0.25,0.5625,0.1875,16,1.0,1.2,1.4,0.6,1524.2725535372613,1525.6673405292042,-1.394786991942965,1510.1336454676984,1544.1731743882035,-34.03952892050529
E0,2023-10-08,Wolves,Aston Villa,D,4,7,7,7,0.6,0.4,0.8,2.0,1.2,2.0,11.0,12.4,3.0,5.0,16.0,12.6,8,8,0.625,0.125,0.25,8,0.8,1.4,0.4,1.2,1501.371446516162,1507.4627036504955,-6.091257134333546,1486.5563010509663,1538.8780804139935,-52.32177936302719
E0,2023-10-08,Arsenal,Man City,H,12,9,11,9,0.6,0.7,1.6,0.2,1.8,1.0,12.6,23.2,4.8,8.6,9.6,6.4,8,8,0.0555555555555555,0.8333333333333334,0.1111111111111111,18,1.0,0.0,1.4,0.6,1553.115064445146,1562.308496098873,-9.193431653727204,1559.9893941545215,1573.8928184928432,-13.903424338321656
E0,2023-10-21,Sheffield United,Man United,A,0,6,4,6,0.3,0.3,0.6,2.0,0.6,1.2,9.2,16.4,2.6,4.2,20.0,14.2,14,14,0.25,0.5,0.25,4,0.6,1.2,0.0,0.8,1464.1741611175032,1493.315215313845,-29.141054196341884,1457.8121594774648,1524.2816242050724,-66.4694647276076
E0,2023-10-21,Chelsea,Arsenal,D,7,12,5,12,0.1,0.6,1.6,1.6,1.6,0.2,13.0,12.6,4.8,4.8,12.6,9.6,14,13,0.2777777777777778,0.3888888888888889,0.3333333333333333,18,0.8,0.8,1.0,0.0,1480.845194454883,1566.8637238638971,-86.01852940901426,1493.8150255620926,1565.022148010667,-71.20712244857441
E0,2023-10-21,Nott'm Forest,Luton,D,4,3,11,3,0.4,0.25,0.8,1.4,0.6,2.0,9.6,9.6,3.4,2.0,13.8,19.4,14,14,0.5,0.5,0.0,0,0.4,0.4,0.2,1.4,1523.3165314049725,1480.500903003668,42.815628401304366,1496.9243887272137,1479.1853838789034,17.739004848310287
E0,2023-10-21,Liverpool,Everton,H,8,8,13,8,0.8,0.2,1.8,1.4,2.2,1.8,12.8,14.4,3.8,4.6,16.4,14.8,13,14,0.3888888888888889,0.0555555555555555,0.5555555555555556,18,1.0,0.4,1.2,0.6,1574.9508724784716,1493.7459137907906,81.20495868768103,1547.2734129960786,1483.0083840289562,64.26502896712236
E0,2023-10-21,Man City,Brighton,H,9,6,15,6,1.0,0.5,1.8,1.0,2.0,2.8,20.6,10.6,8.2,5.0,6.6,16.6,13,13,0.8571428571428571,0.0714285714285714,0.0714285714285714,14,1.4,0.6,1.4,1.4,1585.477140886813,1525.7114614138302,59.76567947298281,1568.8600646366976,1525.7708279815597,43.08923665513794
E0,2023-10-21,Brentford,Burnley,H,7,5,6,5,0.3,0.2,1.6,1.0,0.8,1.2,13.6,10.0,4.4,3.0,13.6,19.0,14,14,0.5,0.5,0.0,2,1.2,0.8,0.2,0.8,1518.3227221428117,1491.993315510362,26.32940663244949,1516.322375967804,1468.421902931323,47.90047303648089
E0,2023-10-21,Bournemouth,Wolves,A,1,4,2,4,0.2,0.1,0.8,2.4,0.8,2.0,11.0,11.0,4.0,3.0,19.6,16.0,14,13,0.1666666666666666,0.5,0.3333333333333333,6,0.2,1.2,0.8,1.4,1459.228306360822,1471.7411555857705,-12.512849224948468,1461.9587378564952,1486.7907157775148,-24.831977921019643
E0,2023-10-21,Newcastle,Crystal Palace,H,5,8,10,8,0.7,0.4,2.4,1.4,1.2,1.2,12.2,12.8,5.0,4.6,13.0,13.2,13,14,0.3125,0.1875,0.5,16,1.6,0.6,0.8,0.8,1562.6790082472037,1499.7493862093822,62.92962203782122,1544.1279495022927,1495.546861139246,48.581088363046774
E0,2023-10-22,Aston Villa,West Ham,H,7,7,15,7,1.0,0.4,1.2,2.0,1.6,1.6,14.8,12.8,5.2,3.2,12.2,18.0,14,14,0.1,0.5,0.4,10,0.6,1.2,1.0,1.2,1570.2934571774915,1495.9947373981354,74.29871977935613,1538.6436656874448,1510.1788703536097,28.464795333835355
E0,2023-10-23,Tottenham,Fulham,H,11,5,12,5,0.7,0.3,2.4,1.2,1.0,1.8,16.6,8.6,6.2,3.4,12.6,14.6,16,16,0.8333333333333334,0.0,0.1666666666666666,6,1.2,0.4,0.4,1.2,1551.9214571413822,1512.6957800980128,39.22567704336939,1543.6846016785516,1496.3140638862724,47.370537792279265
E0,2023-10-27,Crystal Palace,Tottenham,A,7,11,6,11,0.4,0.4,0.8,1.6,2.4,1.2,14.0,16.6,4.2,6.2,13.0,12.6,6,4,0.1111111111111111,0.7222222222222222,0.1666666666666666,18,0.6,0.8,1.2,0.4,1491.3443360691097,1535.4477462157208,-44.10341014661117,1490.322222565852,1546.2377821601517,-55.915559594299566
E0,2023-10-28,Chelsea,Brentford,A,7,7,5,7,0.1,0.3,1.6,1.6,1.6,1.0,13.0,13.6,4.8,4.4,12.6,13.6,7,7,0.25,0.5,0.25,4,0.8,0.8,1.2,0.8,1485.4144162316154,1514.3220297927965,-28.90761356118105,1496.0996364504588,1521.4946562807313,-25.39501983027253
E0,2023-10-28,Arsenal,Sheffield United,H,10,0,11,0,0.6,0.1,1.6,0.6,0.6,2.0,13.2,9.2,4.2,2.6,9.4,20.0,7,7,0.5,0.25,0.25,4,1.2,0.2,0.6,1.2,1563.180572157437,1451.4501578374266,111.73041432001035,1562.737537122301,1455.9541685032443,106.78336861905676
E0,2023-10-28,Bournemouth,Burnley,H,1,5,2,5,0.1,0.2,0.8,2.4,0.8,1.6,11.0,9.6,4.0,3.0,19.6,19.4,7,7,0.3,0.7,0.0,10,0.2,1.2,0.2,1.2,1451.9300701867228,1481.6487548845075,-29.718684697784735,1458.3096197694458,1463.2496226183955,-4.940002848949916
E0,2023-10-28,Wolves,Newcastle,D,7,5,5,5,0.5,0.4,1.2,1.2,2.4,1.4,13.8,12.2,4.4,5.0,14.6,13.0,7,7,0.2,0.2,0.6,10,1.2,1.0,1.6,0.6,1501.8402759692594,1525.5768907573818,-23.736614788122324,1490.439833864565,1549.3525880756863,-58.912754211121865
E0,2023-10-29,Man United,Man City,A,9,9,9,9,0.8,0.6,1.0,1.2,1.8,1.0,15.4,20.6,4.4,8.2,13.6,6.6,8,8,0.3888888888888889,0.5,0.1111111111111111,18,0.2,0.8,1.4,0.6,1555.2480330962997,1552.242988386582,3.0050447097175947,1526.1396151792928,1569.8792709261515,-43.73965574685872
E0,2023-10-29,Liverpool,Nott'm Forest,H,8,4,13,4,0.8,0.1,1.8,1.4,0.8,1.4,12.8,9.6,3.8,3.4,16.4,13.8,8,8,0.5,0.5,0.0,2,1.0,0.4,0.4,0.4,1583.6883060177704,1470.532246049455,113.15605996831572,1551.642129765728,1495.5487641125749,56.093365653153114
E0,2023-10-29,West Ham,Everton,A,7,5,10,5,0.5,0.2,1.6,2.0,1.2,2.0,12.4,13.6,3.4,3.8,18.4,15.4,7,8,0.3888888888888889,0.5,0.1111111111111111,18,1.0,1.6,0.8,0.8,1524.3630033090838,1485.0084802514918,39.354523057591905,1507.239274681341,1478.6396672593069,28.59960742203407
E0,2023-10-29,Aston Villa,Luton,H,7,4,15,4,1.0,0.2,1.2,2.0,1.0,2.2,14.8,9.8,5.2,2.4,12.2,20.2,7,8,0.5,0.5,0.0,0,0.6,1.2,0.6,1.6,1576.1726485220288,1483.2521522329455,92.9204962890833,1541.5832613597136,1480.561008493542,61.022252866171584
E0,2023-10-29,Brighton,Fulham,D,6,5,10,5,0.6,0.3,2.0,2.4,0.8,1.8,10.0,8.6,5.2,3.4,14.2,13.4,8,6,0.0,0.5,0.5,6,1.4,1.0,0.4,1.2,1525.830194549289,1507.5894191348127,18.240775414476275,1524.7516216921056,1493.7608834046723,30.99073828743326
E0,2023-11-04,Brentford,West Ham,H,7,7,6,7,0.4,0.3,1.4,0.8,1.6,2.0,12.8,12.4,4.6,3.4,12.6,18.4,7,6,1.0,0.0,0.0,4,1.0,0.8,1.0,1.6,1528.667282768666,1490.115546053598,38.55173671506782,1527.5629062121748,1502.120782399716,25.442123812458703
E0,2023-11-04,Burnley,Crystal Palace,A,4,7,0,7,0.3,0.4,0.8,1.8,0.8,1.6,8.8,14.0,2.6,4.2,17.6,13.0,7,8,0.4375,0.375,0.1875,16,0.2,1.2,0.6,0.8,1444.8504903522842,1489.3001090625946,-44.44961871031046,1458.6326330730062,1488.3580661972385,-29.72543312423204
E0,2023-11-04,Everton,Brighton,D,7,6,3,6,0.2,0.4,1.2,1.8,2.0,2.4,11.8,10.0,3.8,5.2,15.2,14.2,6,6,0.5,0.2857142857142857,0.2142857142857142,14,0.8,0.8,1.4,1.0,1472.270854267122,1523.6730488349222,-51.40219456780005,1483.758159540932,1524.08134898487,-40.32318944393819
E0,2023-11-04,Man City,Bournemouth,H,9,1,15,1,1.0,0.3,1.8,1.0,0.8,2.4,21.4,11.0,8.6,4.0,6.8,19.6,6,7,1.0,0.0,0.0,12,1.6,0.6,0.2,1.2,1587.515553465721,1464.6891693521686,122.82638411355242,1576.3728388458312,1462.926609314835,113.44622953099588
E0,2023-11-04,Sheffield United,Wolves,H,0,7,1,7,0.2,0.2,0.6,2.8,1.2,1.2,7.4,13.8,2.4,4.4,19.4,14.6,7,7,0.25,0.5,0.25,4,0.6,2.0,1.2,1.0,1460.458179169062,1479.0393917598697,-18.58121259080758,1453.3998814386368,1490.6032340874503,-37.20335264881351
E0,2023-11-04,Newcastle,Arsenal,H,5,10,12,10,0.7,0.5,2.6,1.6,1.6,0.6,12.2,13.2,5.2,4.2,10.8,9.4,7,7,0.1875,0.75,0.0625,16,1.6,0.8,1.2,0.2,1573.128285393991,1562.294502087165,10.833783306826035,1549.1891878528004,1565.2918241869083,-16.102636334107956
E0,2023-11-04,Fulham,Man United,A,3,9,7,9,0.4,0.4,0.8,2.0,1.0,1.2,8.8,15.4,4.0,4.4,13.2,13.6,6,6,0.0,0.8333333333333334,0.1666666666666666,6,0.4,1.2,0.2,0.8,1479.9323476745317,1497.0311972622862,-17.098849587754557,1494.4311561119075,1519.6460472596132,-25.21489114770543
E0,2023-11-05,Nott'm Forest,Aston Villa,H,4,7,9,7,0.4,0.3,0.6,1.6,1.2,2.0,10.2,14.8,3.2,5.2,15.0,12.2,7,7,0.0,0.5,0.5,2,0.2,0.6,0.6,1.2,1520.565282175695,1506.9938741973983,13.571407978296747,1492.1374785094126,1543.7968550847313,-51.659376575318674
E0,2023-11-05,Luton,Liverpool,D,4,8,1,8,0.0,0.5,1.0,2.0,1.8,1.4,9.4,12.8,2.0,3.8,18.2,16.4,7,7,0.5,0.5,0.0,0,0.6,1.4,1.0,0.4,1477.8698647541387,1519.5959535136856,-41.72608875954688,1478.3474147685242,1555.0534153688902,-76.706000600366
E0,2023-11-06,Tottenham,Chelsea,A,13,7,12,7,0.7,0.4,2.4,1.0,1.6,1.6,15.0,13.0,5.2,4.8,13.0,12.6,10,9,0.3333333333333333,0.5555555555555556,0.1111111111111111,18,1.6,0.6,0.8,0.8,1557.0278181045824,1506.784856669302,50.24296143528022,1548.2019385287654,1490.031386519015,58.17055200975028
E0,2023-11-11,Arsenal,Burnley,H,10,4,11,4,0.6,0.2,1.6,0.6,0.8,1.8,13.8,8.8,3.8,2.6,10.0,17.6,7,7,0.75,0.0625,0.1875,16,1.2,0.4,0.2,1.2,1568.289146286652,1472.4147757937285,95.8743704929234,1561.1742170028317,1455.905452470585,105.26876453224668
E0,2023-11-11,Crystal Palace,Everton,A,7,7,5,7,0.4,0.3,1.0,1.6,1.2,1.8,10.0,11.8,3.2,3.8,14.8,15.2,7,7,0.1111111111111111,0.5,0.3888888888888889,18,0.6,0.8,0.8,0.8,1487.416023331882,1495.2454648147416,-7.829441482859693,1491.0852467996597,1484.7779707405236,6.307276059136029
E0,2023-11-11,Man United,Luton,H,9,4,6,4,0.7,0.1666666666666666,1.0,1.2,1.0,2.0,13.8,9.4,4.4,2.0,15.2,18.2,7,6,0.5,0.5,0.0,0,0.4,0.8,0.6,1.4,1542.26089725694,1478.8249647829098,63.43593247403032,1522.7301656666602,1479.5142728261817,43.215892840478546
E0,2023-11-11,Bournemouth,Newcastle,H,1,5,4,5,0.2,0.3,1.0,3.4,2.6,1.6,10.6,12.2,3.8,5.2,21.2,10.8,7,7,0.2,0.3,0.5,10,0.4,1.6,1.6,0.8,1461.1640492775018,1525.25009031161,-64.08604103410812,1461.6214769427704,1553.3067950368772,-91.68531809410683
E0,2023-11-11,Wolves,Tottenham,H,7,13,5,13,0.5,0.5,1.4,1.4,2.4,1.0,11.2,15.0,3.8,5.2,13.8,13.0,7,5,0.4,0.5,0.1,10,1.4,1.2,1.6,0.6,1502.1670764150313,1539.3760589529486,-37.208982537917336,1485.5717425330645,1537.7882531950854,-52.216510662021165
E0,2023-11-12,Chelsea,Man City,D,10,9,4,9,0.1,0.6,2.2,1.0,1.8,1.0,13.6,21.4,5.4,8.6,10.6,6.8,6,8,0.2777777777777778,0.6111111111111112,0.1111111111111111,18,1.2,0.4,1.6,0.6,1473.277916368728,1565.2301242259416,-91.95220785721358,1500.4450718526953,1577.677971217896,-77.23289936520086
E0,2023-11-12,West Ham,Nott'm Forest,H,6,4,7,4,0.4,0.1,1.8,2.4,0.6,1.6,11.6,10.2,3.2,3.2,18.8,15.0,8,7,0.5,0.5,0.0,2,0.8,1.8,0.2,0.6,1514.126018745834,1463.7096748431302,50.41634390270383,1499.6623974608078,1498.0977058251428,1.5646916356649854
E0,2023-11-12,Brighton,Sheffield United,D,7,0,8,0,0.5,0.1,2.0,2.2,0.6,2.8,9.8,7.4,4.8,2.4,13.8,19.4,8,8,0.0,0.5,0.5,4,1.6,1.0,0.6,2.0,1524.489649134818,1446.3415837082116,78.14806542660631,1523.0615377852782,1458.4313729930232,64.63016479225507
E0,2023-11-12,Aston Villa,Fulham,H,7,3,15,3,1.0,0.2,1.0,1.4,0.8,2.0,14.2,8.8,4.6,4.0,9.8,13.2,7,8,0.75,0.25,0.0,4,0.6,0.8,0.4,1.2,1580.5998359720645,1508.9299645492838,71.66987142278072,1537.836627769001,1491.347037704861,46.48959006414043
E0,2023-11-12,Liverpool,Brentford,H,8,7,15,7,0.9,0.4,1.8,1.4,1.4,0.8,15.0,12.8,4.8,4.6,16.0,12.6,7,8,0.5,0.25,0.25,4,1.2,0.6,1.0,0.8,1590.5108772240949,1526.4585296556838,64.05234756841105,1553.8865573112323,1530.0212911510832,23.865266160149304
E0,2023-11-25,Man City,Liverpool,D,7,8,15,8,1.0,0.5,2.2,1.6,1.8,1.4,18.4,15.0,8.8,4.8,9.0,16.0,13,13,0.3888888888888889,0.3333333333333333,0.2777777777777778,18,1.6,0.8,1.2,0.6,1590.1258182098506,1517.2622373983704,72.86358081148023,1575.3730266509049,1558.7949401239362,16.57808652696872
E0,2023-11-25,Burnley,West Ham,A,3,6,0,6,0.2,0.2,0.8,2.2,1.8,2.4,8.4,11.6,3.0,3.2,18.0,18.8,14,13,0.3125,0.4375,0.25,16,0.4,1.4,0.8,1.8,1439.3961291474416,1485.1987761757814,-45.802647028339834,1455.0984150745649,1502.1972024822026,-47.0987874076377
E0,2023-11-25,Luton,Crystal Palace,H,4,7,2,7,0.0,0.4,1.0,1.6,1.0,1.6,9.2,10.0,2.6,3.2,17.4,14.8,14,14,0.5,0.5,0.0,0,0.6,1.2,0.6,0.8,1480.2035808694538,1494.7544702674372,-14.550889397983385,1478.2581858890717,1487.2690570782825,-9.010871189210777
E0,2023-11-25,Newcastle,Chelsea,H,5,10,12,10,0.7,0.4,2.6,1.8,2.2,1.0,12.4,13.6,6.0,5.4,11.8,10.6,14,13,0.3125,0.625,0.0625,16,1.6,1.2,1.2,0.4,1581.3634997621446,1527.6122273366625,53.75127242548206,1543.6240857608625,1502.7500164196863,40.874069341175755
E0,2023-11-25,Nott'm Forest,Brighton,A,4,7,9,7,0.5,0.4,0.6,1.6,2.0,2.2,10.4,9.8,3.4,4.8,14.6,13.8,13,13,0.5,0.0,0.5,2,0.4,0.6,1.6,1.0,1532.4857368071555,1521.6334264357386,10.85231037141716,1495.562900803748,1521.077197131794,-25.51429632804593
E0,2023-11-25,Sheffield United,Bournemouth,A,1,1,4,1,0.3,0.3,0.6,2.6,1.0,3.4,7.8,10.6,2.0,3.8,18.4,21.2,13,14,0.5,0.0,0.5,2,0.6,1.8,0.4,1.6,1470.5211622778345,1462.078904608039,8.442257669795481,1460.4157136465071,1471.3041862187854,-10.88847257227826
E0,2023-11-25,Brentford,Arsenal,A,4,10,8,10,0.5,0.4,0.8,1.4,1.6,0.6,12.6,13.8,3.6,3.8,14.0,10.0,13,14,0.25,0.5,0.25,4,0.6,1.2,1.2,0.4,1533.5840526464826,1554.0592877190115,-20.475235072528903,1525.1129083383798,1561.981254398852,-36.86834606047205
E0,2023-11-26,Tottenham,Aston Villa,A,10,7,12,7,0.6,0.2,2.2,1.4,1.0,1.4,12.8,14.2,4.4,4.6,14.2,9.8,15,14,0.6,0.4,0.0,10,1.4,1.0,0.6,0.8,1536.200447437222,1495.0734195659377,41.12702787128433,1532.359042030565,1539.6273138935026,-7.268271862937581
E0,2023-11-26,Everton,Man United,A,10,9,4,9,0.2,0.5,1.8,1.4,1.0,1.2,11.6,13.8,4.2,4.4,15.2,15.2,15,15,0.1666666666666666,0.5,0.3333333333333333,18,1.2,0.6,0.4,0.8,1474.3104766663057,1503.1994340763804,-28.88895741007468,1488.5941604619009,1523.9862526037705,-35.3920921418694
E0,2023-11-27,Fulham,Wolves,H,2,7,6,7,0.4,0.2,0.6,2.2,1.4,1.4,9.0,11.2,4.4,3.8,11.8,13.8,15,16,0.0,0.5,0.5,6,0.4,1.0,1.4,1.2,1473.7641108604375,1468.9764086510972,4.787702209340296,1489.5563515803592,1491.0009536975847,-1.444602117225486
E0,2023-12-02,Nott'm Forest,Everton,A,4,10,6,10,0.5,0.4,0.6,1.6,1.8,1.4,10.4,11.6,3.4,4.2,14.6,15.2,7,6,0.0,0.0,1.0,2,0.4,0.6,1.2,0.6,1524.281734115452,1502.877844257496,21.403889857956074,1491.4608994578962,1483.1176212236855,8.34327823421063
E0,2023-12-02,Newcastle,Man United,H,5,12,15,12,0.7,0.5,2.6,1.8,1.6,0.8,12.4,11.2,6.0,4.0,11.8,16.6,7,6,0.25,0.625,0.125,16,1.6,1.2,0.8,0.4,1591.6847718183506,1514.1525125528112,77.53225926553932,1548.7847217889653,1529.4627918419856,19.321929946979708
E0,2023-12-02,Brentford,Luton,H,4,4,7,4,0.5,0.1428571428571428,0.8,1.4,1.0,1.6,12.6,9.2,3.6,2.6,14.0,17.4,7,7,0.5,0.5,0.0,0,0.6,1.2,0.6,1.2,1527.6843146989568,1476.3127909086895,51.37152379026702,1522.163039364617,1481.8927496153287,40.27028974928817
E0,2023-12-02,Burnley,Sheffield United,H,3,1,0,1,0.1,0.1,0.8,2.2,0.6,2.6,8.4,7.8,3.0,2.0,18.0,18.4,7,7,0.25,0.5,0.25,4,0.4,1.4,0.6,1.8,1434.6064204396384,1450.3102650151798,-15.703844575541323,1452.7035607206635,1452.6632219748997,0.0403387457638473
E0,2023-12-02,Arsenal,Wolves,H,10,4,13,4,0.7,0.2,1.6,0.6,1.6,2.0,14.0,11.0,4.0,4.6,9.0,13.2,7,5,0.5,0.3,0.2,10,1.2,0.4,1.4,1.6,1569.903221078692,1461.6111151685734,108.2921059101186,1564.9311233726148,1487.3183069563229,77.61281641629193
E0,2023-12-03,Man City,Tottenham,D,7,10,13,10,0.9,0.5,2.2,1.6,2.2,1.4,18.4,12.8,8.8,4.4,9.0,14.2,8,7,0.5555555555555556,0.3333333333333333,0.1111111111111111,18,1.6,0.8,1.4,1.0,1585.665839707702,1528.5176366239075,57.148203083794215,1573.1430373998303,1527.9627855902093,45.18025180962127
E0,2023-12-03,West Ham,Crystal Palace,D,6,6,7,6,0.5,0.3,1.6,2.4,1.0,1.8,11.4,10.2,3.2,3.8,16.0,14.0,8,8,0.3333333333333333,0.2777777777777778,0.3888888888888889,18,0.8,1.8,0.6,1.2,1519.195628788624,1487.4853428149236,31.71028597370037,1504.5920568361043,1483.6344933520254,20.957563484078943
E0,2023-12-03,Bournemouth,Aston Villa,D,4,7,7,7,0.3,0.3,1.4,3.0,0.8,1.4,12.6,14.0,5.0,4.4,18.0,11.6,8,7,0.75,0.25,0.0,4,0.6,1.6,0.6,0.6,1480.5294678295318,1503.865932446649,-23.336464617117144,1479.0566778903928,1544.023570333858,-64.96689244346521
E0,2023-12-03,Chelsea,Brighton,H,10,7,2,7,0.1,0.4,2.2,1.2,1.8,2.4,11.6,8.8,5.4,4.2,11.0,14.2,8,8,0.5714285714285714,0.1428571428571428,0.2857142857142857,14,1.2,0.6,1.2,1.0,1477.8878055027103,1529.8374291274422,-51.94962362473166,1497.5893803915835,1525.179198477646,-27.58981808606245
E0,2023-12-03,Liverpool,Fulham,H,6,2,15,2,0.9,0.2,1.6,1.4,0.6,2.2,14.8,9.0,4.6,4.4,14.6,11.8,8,6,0.5,0.1666666666666666,0.3333333333333333,6,1.0,0.6,0.4,1.0,1600.327642849502,1505.348592300281,94.9790505492208,1561.0249293750103,1493.2389983216212,67.78593105338928
E0,2023-12-05,Wolves,Burnley,H,4,3,8,3,0.5,0.2,1.4,1.8,0.8,2.2,9.8,8.4,4.4,3.0,13.8,18.0,3,3,0.125,0.5,0.375,8,1.2,1.0,0.4,1.4,1513.025498744072,1470.8007010016884,42.22479774238377,1486.3346692463545,1460.67182756069,25.66284168566449
E0,2023-12-05,Luton,Arsenal,A,4,10,5,10,0.1666666666666666,0.5,1.2,2.0,1.6,0.6,9.2,14.0,2.4,4.0,20.2,9.0,3,3,0.5,0.5,0.0,0,0.8,1.6,1.2,0.4,1487.4727083219675,1559.9590256665374,-72.4863173445699,1477.8746174089133,1565.914761082583,-88.04014367366972
E0,2023-12-06,Brighton,Brentford,H,4,4,9,4,0.4,0.4,1.6,2.8,0.8,1.4,10.4,12.6,4.4,3.6,13.0,14.0,3,4,0.5,0.25,0.25,4,1.0,1.0,0.6,1.2,1520.5209678278495,1516.6417640302768,3.879203797572927,1521.8311967932175,1526.1811715710323,-4.349974777814623
E0,2023-12-06,Crystal Palace,Bournemouth,A,7,4,5,4,0.3,0.3,1.0,1.4,1.4,3.0,10.8,12.6,3.6,5.0,12.6,18.0,3,3,0.5,0.0833333333333333,0.4166666666666667,12,0.6,0.6,0.6,1.6,1479.7836438891277,1477.583887951254,2.199755937873533,1484.3377830866466,1480.6162066424597,3.721576444186894
E0,2023-12-06,Fulham,Nott'm Forest,H,2,4,9,4,0.5,0.1,1.0,2.0,0.6,1.6,9.6,10.4,4.6,3.4,15.6,14.6,3,4,1.0,0.0,0.0,2,0.6,0.8,0.4,0.6,1481.1294043429614,1458.6400648003405,22.48933954262111,1491.645044722098,1487.135667956184,4.509376765913885
E0,2023-12-06,Sheffield United,Liverpool,A,1,6,4,6,0.3,0.4,0.4,3.2,1.6,1.4,7.6,14.8,1.6,4.6,16.6,14.6,4,3,0.0,1.0,0.0,4,0.4,2.0,1.0,0.6,1455.0161789346196,1521.7222159005191,-66.70603696589956,1444.6949551348737,1562.6188829745338,-117.92392783966034
E0,2023-12-06,Aston Villa,Man City,H,8,7,15,7,1.0,0.5,1.2,1.2,2.2,1.6,14.4,18.4,4.4,8.8,11.2,9.0,3,3,0.0,0.9,0.1,10,0.8,0.6,1.6,0.8,1584.1812082210672,1560.620235091959,23.560973129108103,1542.4640415817912,1570.9439455769916,-28.4799039952004
E0,2023-12-06,Man United,Chelsea,H,12,10,6,10,0.7,0.4,1.4,0.4,2.2,1.2,10.8,11.6,3.8,5.4,17.6,11.0,4,3,0.3333333333333333,0.2222222222222222,0.4444444444444444,18,0.8,0.2,1.2,0.6,1544.77307113116,1517.2909552804565,27.48211585070362,1526.952450770154,1500.9373820760115,26.01506869414243
E0,2023-12-07,Everton,Newcastle,H,12,5,4,5,0.2,0.2,1.6,1.0,2.6,1.8,10.8,12.4,3.6,6.0,15.2,11.8,5,5,0.4375,0.4375,0.125,16,1.2,0.6,1.6,1.2,1463.3573981898749,1505.88467175958,-42.52727356970513,1487.4428527253974,1551.295062860797,-63.85221013539967
E0,2023-12-07,Tottenham,West Ham,A,8,6,9,6,0.5,0.3,1.8,1.6,1.6,2.4,10.4,11.4,3.2,3.2,14.6,16.0,4,4,0.5,0.2222222222222222,0.2777777777777778,18,1.2,1.0,0.8,1.8,1527.4079345565108,1489.9884848835843,37.41944967292625,1530.161877413048,1503.8887671014832,26.27311031156478
E0,2023-12-09,Aston Villa,Arsenal,H,8,10,15,10,1.0,0.6,1.2,1.2,2.2,1.2,14.4,16.0,4.4,5.0,11.2,8.6,3,4,0.3,0.7,0.0,10,0.8,0.6,1.4,0.8,1592.380727174923,1562.9213758952053,29.459351279717794,1546.563801058719,1567.3959361969169,-20.832135138197827
E0,2023-12-09,Sheffield United,Brentford,H,1,4,3,4,0.2,0.4,0.4,3.2,1.0,1.6,7.6,12.0,1.6,3.6,16.6,15.8,3,3,0.5,0.5,0.0,0,0.4,2.0,0.6,1.2,1447.364149486505,1508.3826399961636,-61.01849050965848,1440.868940410816,1522.0516095539756,-81.1826691431595
E0,2023-12-09,Wolves,Nott'm Forest,D,4,1,11,1,0.5,0.1,1.4,1.8,0.4,2.6,9.8,9.8,4.4,3.0,13.8,13.2,4,3,0.5,0.0,0.5,2,1.2,1.0,0.2,1.2,1517.3084073948826,1442.2531629583566,75.05524443652598,1488.4761235717597,1478.9422170351922,9.533906536567429
E0,2023-12-09,Brighton,Burnley,D,4,3,9,3,0.5,0.2,1.6,2.8,0.8,2.0,10.4,9.2,4.4,3.2,13.0,15.4,3,4,0.1666666666666666,0.25,0.5833333333333334,12,1.0,1.0,0.4,1.2,1528.780091861963,1466.517792350878,62.262299511085075,1525.9607588102745,1458.5303732352843,67.43038557498994
E0,2023-12-09,Crystal Palace,Liverpool,A,7,6,2,6,0.3,0.4,1.0,1.4,1.4,1.2,10.8,14.6,3.6,5.0,12.6,13.6,3,3,0.1666666666666666,0.7222222222222222,0.1111111111111111,18,0.6,0.6,0.6,0.6,1465.1246192674157,1529.3742453486336,-64.24962608121814,1477.0082707757906,1566.444897698591,-89.43662692280031
E0,2023-12-09,Man United,Bournemouth,A,12,6,9,6,0.7,0.3,1.4,0.4,1.4,2.6,10.8,12.4,3.8,4.8,17.6,17.0,3,3,0.8333333333333334,0.0833333333333333,0.0833333333333333,12,0.8,0.2,0.6,1.4,1552.7168537384714,1492.242912572966,60.473941165505494,1530.9243420738094,1487.9457189533157,42.978623120493694
E0,2023-12-10,Everton,Chelsea,H,12,9,7,9,0.3,0.4,1.6,1.0,2.4,1.6,10.8,11.4,3.6,4.8,15.2,14.0,3,4,0.2222222222222222,0.5,0.2777777777777778,18,1.2,0.6,1.2,0.8,1479.8714941519856,1509.3471726731452,-29.47567852115958,1495.6999007064528,1496.965490772356,-1.265590065903325
E0,2023-12-10,Fulham,West Ham,H,2,6,9,6,0.5,0.4,1.0,2.0,1.6,2.4,9.6,11.8,4.6,3.6,15.6,17.4,4,3,0.0,0.8333333333333334,0.1666666666666666,6,0.6,0.8,1.0,1.6,1497.516306184945,1499.7255747895326,-2.209268604587578,1499.8384956430898,1508.757312054457,-8.918816411367288
E0,2023-12-10,Luton,Man City,A,4,4,4,4,0.1428571428571428,0.4,1.2,2.0,1.6,1.6,9.2,13.0,2.4,6.2,20.2,12.2,5,4,0.5,0.5,0.0,0,0.8,1.6,1.0,1.0,1484.5103580932996,1552.4207161381032,-67.91035804480362,1476.3934422945792,1566.8441861000638,-90.45074380548454
E0,2023-12-10,Tottenham,Newcastle,H,8,5,6,5,0.5,0.2,1.8,1.6,2.4,1.8,10.4,13.2,3.2,6.2,14.6,13.0,3,3,0.625,0.25,0.125,16,1.2,1.0,1.4,1.4,1517.670844650563,1489.3705757974692,28.300268853093485,1525.293332460074,1543.0380148797417,-17.744682419667697
E0,2023-12-15,Nott'm Forest,Tottenham,A,2,8,5,8,0.5,0.5,0.6,2.4,1.8,1.6,9.4,10.4,2.8,3.2,13.8,14.6,6,5,0.0,1.0,0.0,2,0.2,1.2,1.2,1.0,1515.631271112028,1532.9158202695853,-17.284549157557194,1480.563015258344,1531.871354148272,-51.30833888992811
E0,2023-12-16,Burnley,Everton,A,1,12,3,12,0.1,0.5,0.6,2.0,1.6,1.0,7.6,10.8,3.0,3.6,17.6,15.2,7,6,0.5,0.4375,0.0625,16,0.2,1.2,1.2,0.6,1450.542954119691,1511.52830726092,-60.98535314122864,1459.7866636794083,1501.8978608825896,-42.11119720318129
E0,2023-12-16,Man City,Crystal Palace,D,7,7,11,7,0.8,0.3,1.8,1.4,1.0,1.4,12.0,10.8,5.8,3.6,12.4,12.6,6,7,0.6111111111111112,0.1666666666666666,0.2222222222222222,18,1.2,0.8,0.6,0.6,1581.2676560620243,1488.8919222841655,92.3757337778586,1569.1595395837646,1474.8722199569438,94.28731962682082
E0,2023-12-16,Chelsea,Sheffield United,H,6,1,5,1,0.2,0.1,2.0,2.0,0.4,3.2,12.4,7.6,4.8,1.6,13.8,16.6,6,7,0.5,0.25,0.25,4,1.2,1.2,0.4,2.0,1484.5838088715668,1434.373731335127,50.21007753643971,1490.767530596219,1446.2414975636757,44.52603303254364
E0,2023-12-16,Newcastle,Fulham,H,2,2,15,2,0.8,0.2,1.0,2.6,1.0,2.0,10.6,9.6,3.8,4.6,15.8,15.6,6,6,0.6666666666666666,0.0,0.3333333333333333,6,0.6,1.8,0.6,0.8,1596.7054539620142,1502.1606851012343,94.54476886077964,1536.4599931915436,1507.8961697440454,28.56382344749818
E0,2023-12-17,Arsenal,Brighton,H,7,4,13,4,0.7,0.4,1.4,1.4,1.6,2.8,15.4,10.4,4.4,4.4,9.0,13.0,8,8,0.3571428571428571,0.4285714285714285,0.2142857142857142,14,1.0,0.8,1.0,1.0,1571.8704964986289,1523.141425758586,48.729070740042744,1564.40289988087,1524.7044683661509,39.698431514719005
E0,2023-12-17,Brentford,Aston Villa,A,3,8,9,8,0.5,0.3,0.8,1.6,1.2,1.2,10.4,14.4,3.4,4.4,16.4,11.2,8,8,0.25,0.25,0.5,4,0.4,1.0,0.8,0.6,1535.7205791117876,1500.7468749425152,34.97370416927242,1516.6790524011158,1549.5568373747662,-32.87778497365048
E0,2023-12-17,West Ham,Wolves,H,6,4,8,4,0.5,0.2,1.4,2.8,1.4,1.8,11.4,9.8,3.8,4.4,15.8,13.8,7,8,0.4,0.6,0.0,10,1.0,1.6,1.2,1.0,1517.7890493193818,1459.6438397486368,58.14520957074501,1500.6996379535017,1486.8553253486082,13.844312604893505
E0,2023-12-17,Liverpool,Man United,D,9,12,15,12,0.9,0.5,1.6,1.0,1.4,0.4,15.0,10.8,4.6,3.8,10.4,17.6,8,8,0.3333333333333333,0.2777777777777778,0.3888888888888889,18,1.0,0.6,0.8,0.2,1603.5155500485484,1509.1318304091476,94.38371963940084,1568.580948517438,1520.8522698943093,47.72867862312864
E0,2023-12-21,Crystal Palace,Brighton,D,5,4,1,4,0.2,0.3,1.2,1.8,1.4,2.0,10.2,9.4,3.6,4.0,12.6,14.4,5,4,0.2857142857142857,0.2142857142857142,0.5,14,1.0,0.8,0.8,0.8,1460.8525176297217,1515.7145293925043,-54.862011762782686,1476.3780808871911,1520.99102018311,-44.61293929591898
E0,2023-12-22,Aston Villa,Sheffield United,D,8,1,15,1,1.0,0.1,1.4,1.4,0.4,3.2,14.4,5.6,4.0,1.4,10.0,15.6,5,6,0.25,0.5,0.25,4,1.0,0.6,0.4,2.4,1598.3667998070173,1427.4776401220604,170.8891596849569,1553.5392047056253,1442.7934519571425,110.7457527484828
E0,2023-12-23,Fulham,Burnley,A,1,1,12,1,0.6,0.1,1.0,2.6,0.6,2.0,8.8,7.6,4.4,3.0,19.6,17.6,7,7,0.25,0.5,0.25,4,0.6,1.4,0.2,1.2,1513.631654386856,1469.030373239125,44.601281147731015,1504.3459393301996,1456.3674169062087,47.97852242399085
E0,2023-12-23,Liverpool,Arsenal,D,9,7,13,7,0.8,0.6,1.6,1.0,1.4,1.4,15.0,15.4,4.6,4.4,10.4,9.0,6,6,0.5555555555555556,0.1666666666666666,0.2777777777777778,18,1.0,0.6,1.0,0.8,1599.8055784299725,1556.935303263111,42.87027516686135,1566.7259627081498,1568.116348063911,-1.3903853557608272
E0,2023-12-23,Tottenham,Everton,H,10,12,6,12,0.6,0.6,1.8,1.2,1.4,0.8,10.2,9.0,3.4,3.6,15.0,15.6,8,7,0.6111111111111112,0.0555555555555555,0.3333333333333333,18,1.2,0.8,0.8,0.6,1530.8268880269586,1518.3668008073191,12.46008721963949,1538.1115965545896,1505.3171076557892,32.79448889880041
E0,2023-12-23,West Ham,Man United,H,6,10,8,10,0.6,0.5,1.4,2.8,1.2,0.4,11.4,9.8,3.8,3.2,15.8,22.0,6,6,0.1666666666666666,0.5555555555555556,0.2777777777777778,18,1.0,1.6,0.8,0.2,1525.922761837538,1512.8418020277236,13.08095980981443,1504.7664942125798,1522.7072557035972,-17.940761491017383
E0,2023-12-23,Luton,Newcastle,H,4,2,4,2,0.125,0.1,1.2,2.0,1.0,2.6,9.2,10.6,2.4,3.8,20.2,15.8,13,7,0.5,0.5,0.0,0,0.8,1.6,0.6,1.8,1479.879651125898,1476.2145324210733,3.665118704824635,1474.0780888108784,1540.0102236053897,-65.93213479451106
E0,2023-12-23,Nott'm Forest,Bournemouth,A,2,9,4,9,0.4,0.3,0.6,2.4,1.8,2.0,9.4,12.0,2.8,4.8,13.8,18.4,8,14,0.0,0.5,0.5,2,0.2,1.2,1.0,1.0,1503.150786299393,1512.3870569319663,-9.236270632573223,1474.3227728520264,1498.017791132816,-23.69501828078955
E0,2023-12-24,Wolves,Chelsea,H,3,6,9,6,0.4,0.3,1.2,2.2,2.0,2.0,12.0,12.4,4.4,4.8,12.4,13.8,7,8,0.3,0.3,0.4,10,1.0,1.0,1.2,1.2,1514.0668109485796,1496.9512523208716,17.11555862770797,1482.78846908953,1494.2155762027526,-11.42710711322252
E0,2023-12-26,Newcastle,Nott'm Forest,A,1,2,15,2,0.8,0.1,0.6,2.4,0.6,2.4,11.6,9.4,3.6,2.8,18.0,13.8,3,3,1.0,0.0,0.0,2,0.2,1.6,0.2,1.2,1603.8059147897054,1445.4947594046596,158.31115538504582,1535.7873223355691,1470.521811469294,65.26551086627524
E0,2023-12-26,Bournemouth,Fulham,H,12,1,7,1,0.2,0.1,2.4,1.8,1.0,2.6,13.4,8.8,5.4,4.4,15.6,19.6,3,3,0.5,0.25,0.25,4,1.6,1.2,0.6,1.4,1483.6485253336657,1495.060224273543,-11.411698939877851,1501.8187525155483,1497.7106140639987,4.108138451549621
E0,2023-12-26,Sheffield United,Luton,A,2,4,6,4,0.3,0.125,0.4,2.8,1.2,2.0,5.6,9.2,1.4,2.4,14.0,20.2,4,3,0.5,0.5,0.0,0,0.4,2.0,0.8,1.6,1458.1092637922245,1468.276526495859,-10.167262703634378,1446.5038642655068,1478.3009900806985,-31.797125815191748
E0,2023-12-26,Burnley,Liverpool,A,4,9,3,9,0.1,0.4,1.0,1.4,1.6,1.0,7.8,15.0,3.2,4.6,16.8,10.4,3,3,0.125,0.6875,0.1875,16,0.6,0.8,1.0,0.6,1443.7044605732922,1533.6463469863274,-89.94188641303526,1463.0027421724096,1565.7396122103264,-102.7368700379168
E0,2023-12-26,Man United,Aston Villa,H,7,8,9,8,0.6,0.4,0.8,0.6,1.4,1.4,9.2,14.4,2.8,4.0,22.0,10.0,3,4,0.5,0.2,0.3,10,0.6,0.6,1.0,0.6,1532.572709379471,1508.7116096042334,23.86109977523756,1518.1161135324146,1549.828792397261,-31.71267886484634
E0,2023-12-27,Brentford,Wolves,A,3,3,9,3,0.4,0.2,0.8,1.6,1.2,2.2,10.4,12.0,3.4,4.4,16.4,12.4,10,3,0.25,0.5,0.25,4,0.4,1.0,1.0,1.0,1527.7558444500694,1451.5101272304803,76.24571721958887,1512.6966850702568,1486.0651753013676,26.631509768889146
E0,2023-12-27,Chelsea,Crystal Palace,H,3,5,8,5,0.3,0.3,1.4,2.2,1.2,1.8,13.8,10.2,4.8,3.6,14.6,12.6,3,6,0.8333333333333334,0.1666666666666666,0.0,18,0.8,1.6,1.0,0.8,1491.4799000846335,1491.9036441446608,-0.4237440600272748,1490.938869990915,1476.470299119484,14.468570871430984
E0,2023-12-27,Everton,Man City,A,12,7,10,7,0.4,0.5,1.6,0.8,1.8,1.4,11.4,12.0,5.0,5.8,13.0,12.4,4,11,0.0555555555555555,0.6666666666666666,0.2777777777777778,18,1.0,0.2,1.2,0.8,1492.2674145042592,1557.051423105505,-64.78400860124566,1502.4013150400924,1567.653678653517,-65.25236361342468
E0,2023-12-28,Brighton,Tottenham,H,5,10,7,10,0.4,0.6,1.4,1.8,1.8,1.2,12.0,10.2,4.6,3.4,14.6,15.0,7,5,0.2142857142857142,0.6428571428571429,0.1428571428571428,14,0.8,0.8,1.2,0.8,1526.2675109737158,1545.3963050822204,-19.128794108504508,1520.8988019508174,1541.0273891702864,-20.128587219468955
E0,2023-12-28,Arsenal,West Ham,A,7,6,15,6,0.8,0.4,1.2,1.2,1.4,2.8,15.4,11.4,4.2,3.8,9.4,15.8,5,5,0.7222222222222222,0.0555555555555555,0.2222222222222222,18,0.6,0.6,1.0,1.6,1579.2973928647102,1483.6102265876216,95.68716627708864,1569.102698561734,1509.3576363837624,59.745062177971704
E0,2023-12-30,Nott'm Forest,Man United,H,4,7,3,7,0.3,0.5,1.2,2.6,0.8,0.6,9.2,9.2,3.0,2.8,16.0,22.0,4,4,0.0,1.0,0.0,3,0.6,1.2,0.6,0.6,1495.5488635339282,1503.6595176853584,-8.110654151430253,1480.530256840277,1522.9517302648442,-42.42147342456724
E0,2023-12-30,Wolves,Everton,H,3,12,11,12,0.4,0.5,1.6,2.2,1.6,0.8,10.2,11.4,4.0,5.0,13.8,13.0,3,3,0.5454545454545454,0.2727272727272727,0.1818181818181818,11,0.8,1.0,1.0,0.2,1520.6202233722547,1512.5352155759256,8.085007796329137,1495.3877348692067,1496.7542173960037,-1.3664825267969718
E0,2023-12-30,Crystal Palace,Brentford,H,5,3,1,3,0.1,0.3,1.4,1.4,0.8,1.6,9.4,10.4,4.0,3.4,12.4,16.4,3,3,0.0,0.0,1.0,5,1.0,0.8,0.4,1.0,1461.036954094307,1497.637525690444,-36.600571596137115,1473.2217416035917,1503.3741255024174,-30.152383898825978
E0,2023-12-30,Aston Villa,Burnley,H,7,4,13,4,0.9,0.2,1.6,1.8,1.0,1.4,12.8,7.8,4.0,3.2,11.0,16.8,4,4,0.3333333333333333,0.2222222222222222,0.4444444444444444,9,0.8,1.0,0.6,0.8,1590.9459751902884,1482.301023771527,108.64495141876137,1544.9931756648316,1459.6925598587234,85.30061580610823
E0,2023-12-30,Man City,Sheffield United,H,10,2,9,2,0.7,0.0,2.4,1.4,0.4,2.8,15.8,5.6,7.4,1.4,11.4,14.0,3,4,1.0,0.0,0.0,5,1.8,0.6,0.4,2.0,1578.2559342015293,1434.8984647387892,143.35746946274003,1573.3007762976058,1442.808500320819,130.4922759767869
E0,2023-12-30,Luton,Chelsea,A,4,3,7,3,0.2222222222222222,0.3,1.4,2.2,1.4,2.2,9.8,13.8,2.8,4.8,19.8,14.6,4,3,0.0,1.0,0.0,1,1.2,2.0,0.8,1.6,1488.325453665538,1490.3978398971965,-2.0723862316583563,1481.9963540253864,1494.1874275068076,-12.1910734814212
E0,2023-12-31,Fulham,Arsenal,H,1,7,9,7,0.5,0.5,1.0,2.8,1.2,1.2,8.4,15.4,4.4,4.2,19.8,9.4,5,3,0.0,0.7142857142857143,0.2857142857142857,7,0.6,1.6,0.6,0.6,1500.361003854454,1558.9080042587582,-58.54700040430407,1493.680058853129,1559.834587279059,-66.15452842593004
E0,2023-12-31,Tottenham,Bournemouth,H,7,12,6,12,0.6,0.4,2.0,2.0,2.4,1.8,11.0,13.4,3.2,5.4,15.6,15.6,3,5,0.6923076923076923,0.1538461538461538,0.1538461538461538,13,1.4,1.2,1.6,1.2,1536.6584732583522,1519.9889796974312,16.669493560920955,1534.1530105103448,1505.849307726418,28.30370278392661
E0,2024-01-01,Liverpool,Newcastle,H,11,1,11,1,0.7,0.1,1.6,0.6,0.6,2.4,16.0,11.6,5.8,3.6,9.4,18.0,6,6,0.7058823529411765,0.0588235294117647,0.2352941176470588,17,1.2,0.4,0.2,1.6,1597.8328774343254,1467.768729881433,130.06414755289234,1569.049794524013,1525.7788769645863,43.27091755942638
E0,2024-01-02,West Ham,Brighton,D,9,5,10,5,0.6,0.3,1.6,2.0,1.4,1.8,9.8,12.0,3.6,4.6,18.8,14.6,5,5,0.0666666666666666,0.5333333333333333,0.4,15,1.0,1.0,0.8,0.8,1535.1050461799032,1515.530092927919,19.5749532519842,1518.6257476664375,1527.773180610759,-9.14743294432128
E0,2024-01-12,Burnley,Luton,D,4,4,3,4,0.1,0.2222222222222222,1.2,1.6,1.4,2.2,8.4,9.8,3.6,2.8,18.0,19.8,13,13,1.0,0.0,0.0,1,0.8,0.8,1.2,2.0,1437.0840959459197,1475.6672543852346,-38.58315843931496,1458.9768984459122,1478.5222263674918,-19.545327921579656
E0,2024-01-13,Chelsea,Fulham,H,3,1,10,1,0.4,0.1,1.2,2.4,1.0,2.8,12.8,8.4,4.8,4.4,16.0,19.8,14,13,0.7142857142857143,0.1428571428571428,0.1428571428571428,7,0.4,2.0,0.6,1.6,1497.977015116419,1486.9991138518037,10.977901264614957,1497.661555164702,1500.2384578152632,-2.5769026505611237
E0,2024-01-13,Newcastle,Man City,A,0,10,12,10,0.8,0.6,0.6,2.8,2.4,1.4,10.0,15.8,3.2,7.4,22.6,11.4,12,14,0.0588235294117647,0.8235294117647058,0.1176470588235294,17,0.6,2.2,1.8,0.6,1583.7890240477393,1568.3456183936826,15.443405654056733,1524.6550055676046,1573.7050717814957,-49.05006621389089
E0,2024-01-14,Everton,Aston Villa,D,9,7,7,7,0.3,0.4,1.4,1.4,1.6,1.8,11.4,12.8,4.2,4.0,13.0,11.0,15,15,0.0909090909090909,0.7272727272727273,0.1818181818181818,11,0.8,0.6,0.8,1.0,1480.9732192160816,1499.0403761393743,-18.06715692329294,1487.5148780830846,1545.7088370776428,-58.193958994558216
E0,2024-01-14,Man United,Tottenham,D,4,7,9,7,0.6,0.5,0.8,1.0,2.0,2.0,8.8,11.0,2.8,3.2,20.0,15.6,15,14,0.5263157894736842,0.3157894736842105,0.1578947368421052,19,0.6,1.0,1.4,1.2,1542.24394284433,1531.6475477623374,10.596395081992569,1520.2202852252524,1539.919817716168,-19.699532490915544
E0,2024-01-20,Brentford,Nott'm Forest,H,3,4,6,4,0.3,0.2,0.8,1.8,1.2,2.6,10.0,9.2,3.6,3.0,14.8,16.0,21,21,0.3333333333333333,0.0,0.6666666666666666,3,0.4,0.8,0.6,1.2,1509.110725314391,1465.5116501466257,43.59907516776525,1497.3865850982108,1483.2617018798687,14.12488321834212
E0,2024-01-20,Arsenal,Crystal Palace,H,7,5,12,5,0.7,0.3,1.4,1.4,1.4,1.4,15.2,9.4,4.6,4.0,10.6,12.4,20,21,0.5789473684210527,0.1578947368421052,0.2631578947368421,19,0.6,0.6,1.0,0.8,1560.7611702993595,1485.4065291128757,75.35464118648406,1553.2761883169246,1479.209282007798,74.06690630912658
E0,2024-01-21,Bournemouth,Liverpool,A,12,11,10,11,0.3,0.5,2.4,1.2,1.6,0.6,17.2,16.0,6.0,5.8,13.8,9.4,21,20,0.1538461538461538,0.7692307692307693,0.0769230769230769,13,1.6,1.0,1.2,0.4,1491.709635755405,1540.2667116137,-48.557075858294866,1500.0825005205952,1570.1736659209942,-70.09116540039895
E0,2024-01-21,Sheffield United,West Ham,D,2,9,6,9,0.2,0.5,0.4,2.2,1.6,2.0,6.0,9.8,1.8,3.6,15.0,18.8,22,19,0.2,0.6,0.2,5,0.4,1.4,1.0,1.0,1450.7185359028488,1502.146449152972,-51.42791325012331,1442.4042048369292,1517.4201465578865,-75.01594172095702
E0,2024-01-22,Brighton,Wolves,D,5,3,9,3,0.5,0.3,1.2,1.6,1.6,2.2,15.0,10.2,5.8,4.0,13.8,13.8,20,23,0.4545454545454545,0.1818181818181818,0.3636363636363636,11,0.6,0.8,0.8,1.0,1540.0162682935988,1470.155246366159,69.86102192743988,1528.9787817193103,1504.627074182126,24.35170753718444
E0,2024-01-30,Fulham,Everton,D,0,9,12,9,0.6,0.5,0.8,2.8,1.4,1.4,9.2,11.4,4.2,4.2,19.6,13.0,17,16,0.5714285714285714,0.2857142857142857,0.1428571428571428,7,0.4,1.6,0.8,0.6,1513.477801778723,1494.0565369500878,19.42126482863523,1498.113799985726,1487.1766484771365,10.93715150858975
E0,2024-01-30,Luton,Brighton,H,4,5,6,5,0.2,0.3,1.2,2.0,1.2,1.6,10.0,15.0,3.0,5.8,18.6,13.8,18,8,0.0,1.0,0.0,1,1.0,1.6,0.6,0.8,1481.377198349749,1517.9412951450215,-36.56409679527269,1477.9012253839546,1526.9036374659927,-49.00241208203806
E0,2024-01-30,Crystal Palace,Sheffield United,H,2,2,4,2,0.2,0.0,1.0,2.4,0.4,2.2,11.0,6.0,4.4,1.8,13.2,15.0,10,9,0.6,0.4,0.0,5,0.8,1.4,0.4,1.4,1473.0120349027204,1434.08987377101,38.92216113171048,1476.5489860740893,1443.7348694134043,32.81411666068493
E0,2024-01-30,Aston Villa,Newcastle,A,8,0,13,0,0.9,0.1,1.6,1.4,0.6,2.8,13.4,10.0,4.4,3.2,12.0,22.6,16,17,0.3636363636363636,0.3636363636363636,0.2727272727272727,11,0.8,0.8,0.6,2.2,1592.3772980159108,1465.5209870874698,126.85631092844096,1546.047066683591,1521.9921040110576,24.05496267253352
E0,2024-01-30,Nott'm Forest,Arsenal,A,4,7,3,7,0.3,0.5,1.6,2.6,1.4,1.4,9.8,15.2,3.4,4.6,14.0,10.6,10,10,0.3333333333333333,0.6666666666666666,0.0,3,0.8,1.4,0.6,0.6,1501.0117536131118,1545.7912063344893,-44.77945272137754,1480.583928672477,1555.9364842506334,-75.3525555781564
E0,2024-01-31,Man City,Burnley,H,10,4,9,4,0.7,0.2,2.4,1.8,1.2,1.6,17.0,8.4,7.6,3.6,12.4,18.0,18,19,0.7647058823529411,0.0588235294117647,0.1764705882352941,17,1.8,0.6,0.8,0.8,1579.0645251693086,1480.8697009459047,98.19482422340388,1576.3679733380425,1459.5978994294492,116.7700739085933
E0,2024-01-31,Tottenham,Brentford,H,5,3,9,3,0.7,0.3,2.0,2.2,0.8,1.8,12.2,10.0,4.2,3.6,14.8,14.8,17,11,0.2,0.2,0.6,5,1.2,1.0,0.4,0.8,1548.1920876699985,1485.6624448820307,62.52964278796753,1540.3295504830696,1500.0643583056026,40.26519217746704
E0,2024-01-31,Liverpool,Chelsea,H,13,3,11,3,0.8,0.4,2.2,0.4,1.2,2.4,14.0,12.8,6.0,4.8,10.0,16.0,10,18,0.2631578947368421,0.2105263157894736,0.5263157894736842,19,1.8,0.2,0.4,2.0,1600.0806202282886,1497.3460952129856,102.734525015303,1577.2997038494177,1499.7862129942396,77.51349085517813
E0,2024-02-01,West Ham,Bournemouth,D,10,12,11,12,0.5,0.4,1.6,1.8,2.4,1.2,10.6,17.2,4.2,6.0,19.8,13.8,11,11,0.3076923076923077,0.2307692307692307,0.4615384615384615,13,1.2,0.8,1.6,1.0,1532.6938439628004,1508.455365285785,24.238478677015337,1516.0894819814112,1492.9564625921716,23.133019389239507
E0,2024-02-01,Wolves,Man United,A,4,4,13,4,0.5,0.4,1.4,1.8,0.8,1.0,9.8,8.8,4.0,2.8,13.8,20.0,10,18,0.1818181818181818,0.5454545454545454,0.2727272727272727,11,0.6,0.6,0.6,1.0,1539.0989019980923,1498.1966276061748,40.90227439191767,1506.7022184354432,1519.810552458351,-13.108334022907457
E0,2024-02-03,Everton,Tottenham,D,7,5,7,5,0.3,0.5,0.8,1.0,2.0,2.2,14.0,12.2,4.2,4.2,15.4,14.8,4,3,0.0526315789473684,0.631578947368421,0.3157894736842105,19,0.4,0.4,1.2,1.0,1480.2967600041848,1532.467013296141,-52.170253291956215,1486.253956686112,1542.1398063387542,-55.885849652642264
E0,2024-02-03,Brighton,Crystal Palace,H,2,2,9,2,0.4,0.2,0.6,2.0,1.0,2.4,14.6,11.0,5.2,4.4,13.8,13.2,4,4,0.2,0.2666666666666666,0.5333333333333333,15,0.4,0.8,0.8,1.4,1535.8659797869636,1480.085937245458,55.78004254150551,1515.9101864516815,1478.414482668364,37.49570378331737
E0,2024-02-03,Burnley,Fulham,D,4,0,4,0,0.1,0.0,1.2,1.6,0.8,2.8,8.4,9.2,3.2,4.2,17.6,19.6,3,4,0.6,0.2,0.2,5,0.8,0.6,0.4,1.6,1438.326097912994,1482.749798192729,-44.42370027973516,1458.8264441985489,1499.0364917767502,-40.21004757820128
E0,2024-02-03,Newcastle,Luton,D,3,4,9,4,0.7,0.2,1.2,2.6,1.2,2.0,11.2,10.0,3.2,3.0,21.2,18.6,4,4,0.0,1.0,0.0,1,0.8,2.0,1.0,1.6,1578.4632209346455,1474.4252524181604,104.03796851648508,1533.1222599033326,1488.894676398266,44.227583505066605
E0,2024-02-03,Sheffield United,Aston Villa,A,1,8,4,8,0.2,0.4,0.6,2.6,1.6,1.4,6.0,13.4,2.6,4.4,15.2,12.0,4,4,0.4,0.2,0.4,5,0.2,1.6,0.8,0.8,1453.3798650557987,1499.7168353512714,-46.33697029547261,1441.8693728191292,1534.916910791316,-93.04753797218676
E0,2024-02-04,Arsenal,Liverpool,H,7,13,12,13,0.7,0.6,1.6,1.6,2.2,0.4,16.0,14.0,4.4,6.0,10.6,10.0,5,4,0.1578947368421052,0.5263157894736842,0.3157894736842105,19,0.8,0.8,1.8,0.2,1566.0817621667773,1554.5187874705468,11.562974696230413,1558.1175610679284,1579.4522483458304,-21.33468727790205
E0,2024-02-04,Chelsea,Wolves,A,3,4,13,4,0.5,0.3,1.2,2.4,1.4,1.8,12.2,9.8,4.6,4.0,18.8,13.8,4,3,0.2727272727272727,0.3636363636363636,0.3636363636363636,11,0.6,1.8,0.6,0.6,1502.2263307754934,1474.3055348727942,27.920795902699183,1497.6336684978269,1501.0646848217002,-3.4310163238733367
E0,2024-02-04,Bournemouth,Nott'm Forest,D,10,4,10,4,0.3,0.2,2.0,1.2,1.6,2.6,14.4,9.8,4.6,3.4,13.6,14.0,3,5,0.6666666666666666,0.0,0.3333333333333333,3,1.4,1.0,0.8,1.4,1477.4575598985582,1460.1561037318422,17.30145616671598,1492.6926480659852,1478.4028518551818,14.289796210803388
E0,2024-02-04,Man United,West Ham,H,4,10,10,10,0.5,0.5,1.0,1.6,1.6,1.8,11.2,10.6,3.6,4.2,18.4,19.8,3,3,0.5263157894736842,0.2105263157894736,0.2631578947368421,19,0.6,1.6,1.2,0.8,1541.4244773105263,1499.485120000022,41.93935731050419,1525.4480860720937,1516.353296507598,9.09478956449584
E0,2024-02-05,Brentford,Man City,A,0,10,6,10,0.4,0.6,0.8,2.4,2.4,1.8,10.4,17.0,3.6,7.6,15.2,12.4,5,5,0.5,0.5,0.0,4,0.2,1.4,1.8,0.6,1514.4662717291744,1573.6714215067764,-59.205149777601946,1498.2541024499185,1577.139428568943,-78.88532611902474
E0,2024-02-10,Man City,Everton,H,12,7,9,7,0.7,0.5,2.2,1.2,0.8,1.0,19.0,14.0,8.6,4.2,10.8,15.4,5,7,0.6842105263157895,0.0526315789473684,0.2631578947368421,19,1.8,0.2,0.4,0.4,1580.6074356311096,1492.2111533680393,88.39628226307036,1580.5708725184943,1486.6539418743046,93.91693064418996
E0,2024-02-10,Fulham,Bournemouth,H,1,10,10,10,0.6,0.4,1.0,2.6,2.0,1.2,10.4,14.4,4.6,4.6,19.6,13.6,7,6,0.2,0.6,0.2,5,0.2,1.8,1.4,1.0,1515.3231853607715,1507.927736233412,7.39544912735937,1499.2127123063742,1490.4873730770469,8.725339229327346
E0,2024-02-10,Liverpool,Burnley,H,12,4,11,4,0.8,0.2,2.2,0.8,1.2,1.6,14.4,8.4,5.6,3.2,9.8,17.6,6,7,0.7058823529411765,0.1176470588235294,0.1764705882352941,17,1.6,0.6,0.8,0.6,1604.3857092211138,1479.3267904841036,125.05891873701012,1572.846437155462,1458.6502236689248,114.19621348653708
E0,2024-02-10,Luton,Sheffield United,A,5,1,6,1,0.3,0.0,1.8,2.2,0.6,2.6,10.8,6.0,4.4,2.6,19.0,15.2,7,7,1.0,0.0,0.0,1,1.2,1.6,0.2,1.6,1503.3641003783716,1430.35888058246,73.00521979591167,1491.280481656053,1437.5397908009477,53.74069085510564
E0,2024-02-10,Tottenham,Brighton,H,6,2,12,2,0.7,0.2,2.2,2.2,0.6,2.0,12.8,14.6,5.0,5.2,14.2,13.8,7,7,0.6,0.2666666666666666,0.1333333333333333,15,1.2,0.8,0.4,0.8,1551.8125993813671,1495.9543931163992,55.858206264967976,1541.7398211505615,1519.6132936958202,22.126527454741336
E0,2024-02-10,Wolves,Brentford,A,7,0,10,0,0.5,0.2,1.8,1.6,0.8,2.4,10.6,10.4,4.2,3.6,14.4,15.2,6,5,0.6,0.2,0.2,5,0.8,0.4,0.2,1.4,1527.8238347706065,1482.041933170662,45.781901599944376,1507.770933127891,1494.8226585003663,12.948274627524825
E0,2024-02-10,Nott'm Forest,Newcastle,A,5,3,3,3,0.2,0.2,1.4,2.2,1.2,2.6,9.4,11.2,3.6,3.2,12.6,21.2,6,7,0.3333333333333333,0.6666666666666666,0.0,3,0.6,1.0,0.8,2.0,1496.649599978521,1487.78129887202,8.868301106501349,1480.60812684412,1530.7364546455456,-50.128327801425485
E0,2024-02-11,West Ham,Arsenal,A,7,7,9,7,0.4,0.5,1.2,2.2,1.6,1.6,12.8,16.0,4.2,4.4,20.0,10.6,7,7,0.1052631578947368,0.6842105263157895,0.2105263157894736,19,0.8,1.0,0.8,0.8,1533.2214730151734,1550.1533599690797,-16.931886953906314,1511.029517907787,1564.7233722582969,-53.69385435050981
E0,2024-02-11,Aston Villa,Man United,A,8,4,10,4,0.8,0.5,2.2,1.2,1.0,1.6,13.2,11.2,5.4,3.6,10.4,18.4,8,7,0.1818181818181818,0.5454545454545454,0.2727272727272727,11,0.8,0.8,0.6,1.6,1570.116986231361,1509.471694833661,60.645291397699566,1539.2464928094978,1530.7718646719045,8.4746281375933
E0,2024-02-12,Crystal Palace,Chelsea,A,2,3,7,3,0.3,0.4,1.0,2.8,1.2,2.4,9.2,12.2,3.8,4.6,14.2,18.8,9,8,0.1578947368421052,0.8421052631578947,0.0,19,0.8,1.2,0.6,1.8,1476.7430280912704,1493.0410062201604,-16.29797812889001,1474.7113754242257,1490.9274201916355,-16.216044767410267
E0,2024-02-17,Man City,Chelsea,D,12,6,11,6,0.7,0.5,2.2,1.2,1.6,2.2,19.0,12.4,8.6,5.0,10.8,15.8,7,5,0.5789473684210527,0.2631578947368421,0.1578947368421052,19,1.8,0.2,1.2,1.6,1584.690624339324,1504.9237689587164,79.76685538060747,1582.6124668726018,1496.8688015609137,85.74366531168812
E0,2024-02-17,Tottenham,Wolves,A,6,7,15,7,0.7,0.3,2.2,2.2,1.8,1.6,12.8,10.6,5.0,4.2,14.2,14.4,7,7,0.4545454545454545,0.4545454545454545,0.0909090909090909,11,1.2,0.8,0.8,0.4,1556.9424466850287,1487.7180314851764,69.22441519985227,1544.3047448023922,1499.1991728320709,45.10557197032131
E0,2024-02-17,Nott'm Forest,West Ham,H,5,7,3,7,0.2,0.4,1.4,2.2,1.2,2.2,9.4,12.8,3.6,4.2,12.6,20.0,7,6,0.3333333333333333,0.6666666666666666,0.0,3,0.6,1.0,0.8,1.0,1485.9463222705513,1488.8375628004007,-2.891240529849483,1475.2564879901352,1503.2740412941007,-28.017553303965546
E0,2024-02-17,Burnley,Arsenal,A,4,7,5,7,0.1,0.5,1.4,2.0,2.0,1.0,7.8,16.4,3.4,5.0,21.2,10.4,7,6,0.0588235294117647,0.7647058823529411,0.1764705882352941,17,0.8,1.0,0.8,0.4,1437.9736568537462,1565.6643131964522,-127.690656342706,1457.8475850326192,1572.478848871983,-114.63126383936378
E0,2024-02-17,Fulham,Aston Villa,A,1,8,10,8,0.6,0.4,1.0,2.6,2.2,1.2,10.4,13.2,4.6,5.4,19.6,10.4,7,6,0.2,0.8,0.0,5,0.2,1.8,0.8,0.8,1530.4449928120932,1508.3759993876347,22.06899342445854,1506.773616032035,1533.3166747368064,-26.543058704771283
E0,2024-02-17,Newcastle,Bournemouth,D,6,7,7,7,0.7,0.4,1.8,2.4,1.8,1.8,10.0,17.2,3.6,4.6,19.6,11.8,7,7,0.2727272727272727,0.2727272727272727,0.4545454545454545,11,1.0,1.4,1.4,1.2,1573.6916104190711,1492.8059287820904,80.88568163698073,1536.0880934995307,1482.926469351386,53.16162414814471
E0,2024-02-17,Brentford,Liverpool,A,3,12,6,12,0.4,0.5,1.2,1.8,2.2,0.8,9.0,14.4,4.2,5.6,15.2,9.8,7,7,0.2,0.6,0.2,5,0.4,1.0,1.6,0.6,1507.6033838300712,1541.3071650898105,-33.70378125973912,1503.394418796187,1573.6490757917677,-70.25465699558072
E0,2024-02-18,Sheffield United,Brighton,A,4,2,4,2,0.2,0.1,1.2,1.8,0.4,1.8,6.2,12.2,2.6,4.0,15.4,15.4,8,8,0.4,0.0,0.6,5,0.4,1.2,0.2,1.0,1444.7207010194354,1490.8245458127376,-46.10384479330219,1445.9507735602122,1517.0483700439895,-71.09759648377735
E0,2024-02-18,Luton,Man United,A,5,7,6,7,0.3,0.6,1.8,2.2,1.4,1.6,10.8,13.0,4.4,4.4,19.0,18.6,8,7,0.0,1.0,0.0,1,1.2,1.6,0.8,1.6,1486.5421348598427,1521.3313309790435,-34.789196119200824,1482.8694988967886,1536.7016827445957,-53.832183847806846
E0,2024-02-19,Everton,Crystal Palace,D,4,2,8,2,0.3,0.2,0.6,1.4,1.0,2.8,12.6,9.2,3.8,3.8,16.6,14.2,9,7,0.5263157894736842,0.1052631578947368,0.3684210526315789,19,0.2,0.8,0.8,1.2,1481.09673038057,1472.6797227571803,8.417007623389736,1484.6123475201975,1468.7699940549471,15.842353465250198
E0,2024-02-20,Man City,Brentford,H,12,3,11,3,0.6,0.2,2.2,1.2,1.2,1.8,19.0,9.0,8.6,4.2,10.8,15.2,3,3,0.6,0.4,0.0,5,1.8,0.2,0.4,1.0,1578.344532098659,1499.185453762303,79.15907833635606,1579.4394207522694,1499.832152232866,79.6072685194033
E0,2024-02-21,Liverpool,Luton,H,12,5,11,5,0.8,0.2,2.6,1.0,1.8,2.2,14.4,10.8,5.6,4.4,11.6,19.0,4,3,0.0,0.0,1.0,1,2.0,0.8,1.2,1.6,1605.9909864937251,1479.1968629337348,126.79412355999034,1577.2113423550886,1479.389154830829,97.82218752425956
E0,2024-02-24,Aston Villa,Nott'm Forest,H,10,5,7,5,0.7,0.2,2.2,1.0,1.4,2.2,13.4,9.4,5.4,3.6,10.4,12.6,7,7,0.3333333333333333,0.3333333333333333,0.3333333333333333,3,0.8,0.8,0.6,1.0,1558.2573500859785,1464.5666537097188,93.69069637625944,1536.0936988544183,1480.9295335515442,55.16416530287415
E0,2024-02-24,Brighton,Everton,D,5,4,11,4,0.5,0.5,1.4,1.4,0.6,1.4,15.8,12.6,5.8,3.8,11.4,16.6,6,5,0.2666666666666666,0.4666666666666667,0.2666666666666666,15,0.8,0.6,0.2,0.8,1543.2721942752414,1488.127964659825,55.14422961541641,1524.595952187675,1483.8262116546498,40.76974053302524
E0,2024-02-24,Crystal Palace,Burnley,H,2,4,7,4,0.2,0.2,1.0,2.8,1.4,2.0,9.4,7.8,4.2,3.4,16.2,21.2,5,7,0.4117647058823529,0.4117647058823529,0.1764705882352941,17,0.8,1.4,0.8,1.0,1464.8602653527144,1477.7215132114925,-12.861247858777917,1469.556129920495,1454.890255527803,14.665874392692103
E0,2024-02-24,Man United,Fulham,A,9,1,10,1,0.5,0.0,1.8,1.8,1.0,2.6,16.0,10.4,6.0,4.6,16.2,19.6,6,7,0.8571428571428571,0.0,0.1428571428571428,7,0.8,1.6,0.2,1.8,1552.0720345101477,1483.102239251977,68.96979525817073,1540.1820268105553,1503.996591914423,36.18543489613194
E0,2024-02-24,Bournemouth,Man City,A,5,12,8,12,0.3,0.6,1.6,2.2,2.2,1.2,17.6,19.0,5.2,8.6,11.2,10.8,7,4,0.0,1.0,0.0,13,1.4,1.6,1.8,0.2,1473.0470099206816,1580.5343094058796,-107.48729948519804,1483.7710812559897,1580.7358146120096,-96.9647333560199
E0,2024-02-24,Arsenal,Newcastle,H,10,6,12,6,0.8,0.3,3.0,0.8,1.8,2.4,17.2,10.0,5.4,3.6,10.0,19.6,7,7,0.7058823529411765,0.2352941176470588,0.0588235294117647,17,1.4,0.4,1.0,1.4,1579.2933845475138,1498.48457657999,80.80880796752376,1575.4361783767993,1535.2434815949268,40.19269678187243
E0,2024-02-25,Wolves,Sheffield United,H,10,4,7,4,0.5,0.1,2.0,1.4,1.2,1.8,11.8,6.2,5.0,2.6,13.6,15.4,8,7,0.4,0.4,0.2,5,0.8,0.6,0.4,1.2,1510.680314178965,1447.180846100989,63.49946807797619,1505.1773123128264,1438.4031914165266,66.77412089629979
E0,2024-02-26,West Ham,Brentford,H,4,3,8,3,0.4,0.2,0.8,2.4,1.0,1.6,12.6,8.6,3.8,4.2,19.2,16.6,9,6,0.0,1.0,0.0,5,0.4,1.2,0.4,1.0,1517.7105197878009,1496.5926660428229,21.11785374497822,1497.6009957326917,1498.535758373126,-0.9347626404342008
E0,2024-03-02,Luton,Aston Villa,A,5,10,6,10,0.3,0.5,2.0,2.8,2.2,1.0,11.2,13.4,4.2,5.4,21.8,10.4,10,7,0.0,1.0,0.0,1,1.2,2.2,0.8,0.8,1479.581446727923,1513.9300476228584,-34.34860089493509,1477.8016444186992,1537.989537111354,-60.187892692654714
E0,2024-03-02,Tottenham,Crystal Palace,H,6,2,12,2,0.6,0.2,2.2,2.2,1.0,2.8,12.8,9.4,5.0,4.2,14.2,16.2,14,7,0.7368421052631579,0.1052631578947368,0.1578947368421052,19,1.2,0.8,0.8,1.4,1544.9861677235176,1474.251994488276,70.73417323524154,1538.3266053216366,1477.4034961656473,60.92310915598932
E0,2024-03-02,Nott'm Forest,Liverpool,A,5,12,6,12,0.3,0.5,1.8,2.0,2.6,1.0,10.6,14.4,4.0,5.6,13.0,11.6,7,10,0.3333333333333333,0.6666666666666666,0.0,3,0.8,0.6,2.0,0.8,1497.2924133933695,1548.4316982164523,-51.13928482308279,1479.0336952946086,1578.7988527672187,-99.7651574726101
E0,2024-03-02,Fulham,Brighton,H,4,5,7,5,0.6,0.2,0.8,2.0,1.4,1.4,12.0,15.8,4.6,5.8,18.6,11.4,7,7,0.4285714285714285,0.0,0.5714285714285714,7,0.4,1.6,0.8,0.6,1524.8909445768695,1505.919710100109,18.971234476760856,1510.2312586236749,1522.8708386228368,-12.639579999161924
E0,2024-03-02,Everton,West Ham,A,2,4,6,4,0.3,0.3,0.4,1.6,0.8,2.4,12.0,12.6,3.2,3.8,18.4,19.2,7,5,0.5263157894736842,0.3684210526315789,0.1052631578947368,19,0.4,1.0,0.4,1.2,1479.5244586494744,1477.4914716775825,2.032986971891887,1485.551325219488,1501.5246411333665,-15.973315913878425
E0,2024-03-02,Brentford,Chelsea,D,3,7,3,7,0.4,0.4,1.4,2.2,1.8,2.0,9.4,11.0,5.0,5.4,18.2,20.2,5,14,0.6,0.2,0.2,5,0.6,1.4,1.2,1.4,1500.478850703429,1511.2698611993812,-10.79101049595215,1494.612112972451,1500.041847681246,-5.4297347087949674
E0,2024-03-02,Newcastle,Wolves,H,6,10,5,10,0.6,0.4,1.8,2.4,2.0,1.4,8.8,11.8,3.4,5.0,18.6,13.6,7,6,0.1818181818181818,0.1818181818181818,0.6363636363636364,11,1.0,1.4,0.8,0.6,1572.0023866098638,1499.6743104466875,72.32807616317632,1533.145878091791,1505.9573495913137,27.188528500477332
E0,2024-03-03,Burnley,Bournemouth,A,3,5,2,5,0.1,0.4,1.2,2.4,1.6,2.2,7.0,17.6,2.8,5.2,18.4,11.2,8,8,0.6363636363636364,0.3636363636363636,0.0,11,0.8,1.4,1.4,1.6,1432.0589978441135,1494.4951525912977,-62.43615474718399,1447.0428892826508,1482.166813993067,-35.123924710416304
E0,2024-03-03,Man City,Man United,H,15,9,13,9,0.6,0.6,2.4,1.0,1.8,1.8,21.6,16.0,9.4,6.0,9.0,16.2,8,8,0.5263157894736842,0.3684210526315789,0.1052631578947368,19,1.8,0.0,0.8,1.6,1580.9373198181397,1528.2920191109629,52.6453007071766,1582.340081874932,1533.9473601013035,48.39272177362818
E0,2024-03-04,Sheffield United,Arsenal,A,4,10,4,10,0.2,0.5,1.2,1.6,3.0,0.8,7.4,17.2,3.2,5.4,15.0,10.0,8,9,0.2,0.6,0.2,5,0.4,0.8,1.4,0.4,1429.6255367320643,1571.5789722060847,-141.95343547402035,1437.6231541380394,1577.5337818799353,-139.91062774189595
E0,2024-03-09,Man United,Everton,H,9,2,7,2,0.5,0.4,2.0,2.0,0.4,1.6,14.4,12.0,5.6,3.2,19.2,18.4,6,7,0.5263157894736842,0.1578947368421052,0.3157894736842105,19,0.8,1.8,0.4,1.0,1539.6027010916443,1491.5781917895015,48.02450930214263,1530.9814644195026,1480.17433984546,50.80712457404252
E0,2024-03-09,Bournemouth,Sheffield United,D,5,4,5,4,0.3,0.1,1.4,1.8,1.2,1.6,16.0,7.4,4.4,3.2,13.0,15.0,6,5,0.3333333333333333,0.3333333333333333,0.3333333333333333,3,1.0,1.2,0.4,0.8,1469.838475394837,1445.620771544014,24.217703850822545,1483.4237817203675,1434.6000594071954,48.82372231317208
E0,2024-03-09,Crystal Palace,Luton,D,1,5,10,5,0.3,0.2,0.8,3.0,2.0,2.8,9.2,11.2,4.0,4.2,15.2,21.8,7,7,0.0,1.0,0.0,1,0.6,1.8,1.2,2.2,1480.5549978430186,1476.021842109475,4.533155733543481,1474.108551403382,1475.665760593157,-1.5572091897749942
E0,2024-03-09,Wolves,Fulham,H,10,4,9,4,0.5,0.1,2.0,1.4,0.8,2.0,11.4,12.0,5.0,4.6,13.8,18.6,7,7,0.4285714285714285,0.1428571428571428,0.4285714285714285,7,0.8,0.6,0.4,1.6,1512.24038873594,1495.5715726704802,16.668816065459623,1500.0395327128683,1517.386060488554,-17.346527775685445
E0,2024-03-09,Arsenal,Brentford,H,12,3,12,3,0.8,0.2,4.0,0.6,1.4,2.2,19.0,9.4,7.0,5.0,8.2,18.2,5,7,0.6,0.2,0.2,5,1.6,0.4,0.6,1.4,1583.488591553786,1488.745375241473,94.74321631231282,1580.556876610779,1494.603379972796,85.95349663798288
E0,2024-03-10,Aston Villa,Tottenham,A,10,6,7,6,0.7,0.4,2.4,1.2,2.2,2.2,12.8,12.8,6.0,5.0,12.2,14.2,8,8,0.4545454545454545,0.5454545454545454,0.0,11,0.6,1.2,1.2,0.8,1562.0490265998494,1531.6670429197557,30.381983680093754,1540.125420936896,1541.621550083902,-1.4961291470060587
E0,2024-03-10,Brighton,Nott'm Forest,H,4,5,9,5,0.4,0.1,1.2,1.8,1.8,2.0,15.2,10.6,5.6,4.0,11.6,13.0,8,8,0.3333333333333333,0.3333333333333333,0.3333333333333333,3,0.6,0.8,0.8,0.6,1539.8219671455647,1460.7749771958477,79.04698994971704,1515.7160367579577,1476.9354418602588,38.78059489769885
E0,2024-03-10,West Ham,Burnley,D,7,3,8,3,0.4,0.1,1.4,1.6,1.2,2.4,13.2,7.0,3.8,2.8,20.8,18.4,8,7,0.4705882352941176,0.2941176470588235,0.2352941176470588,17,1.0,1.0,0.8,1.4,1525.5578105891504,1462.026780721188,63.53102986796239,1506.901626507395,1445.7859215553508,61.11570495204387
E0,2024-03-10,Liverpool,Man City,D,12,15,13,15,0.8,0.6,2.4,0.8,2.4,1.0,16.0,21.6,5.6,9.4,11.6,9.0,8,7,0.3157894736842105,0.3684210526315789,0.3157894736842105,19,1.8,0.6,1.8,0.0,1609.1660073179848,1583.7428439317246,25.423163386260285,1580.8971062015682,1585.305977556733,-4.40887135516482
E0,2024-03-11,Chelsea,Newcastle,H,8,6,12,6,0.4,0.2,2.0,2.0,1.8,2.4,11.2,8.8,5.6,3.4,20.2,18.6,9,9,0.5882352941176471,0.3529411764705882,0.0588235294117647,17,1.2,1.4,1.0,1.4,1488.813834163111,1494.289369573718,-5.475535410606881,1500.050580680901,1539.0636949702362,-39.013114289335135
E0,2024-03-13,Bournemouth,Luton,H,5,6,5,6,0.3,0.2,1.4,1.8,2.0,2.4,16.0,11.4,4.4,4.4,13.0,20.6,4,4,0.5,0.5,0.0,0,1.0,1.2,1.2,1.6,1466.5596095858982,1476.321325770046,-9.761716184147872,1481.7843488158985,1475.8155024234425,5.968846392455816
E0,2024-03-16,Fulham,Tottenham,H,4,8,10,8,0.6,0.4,1.0,1.8,2.4,1.6,15.4,13.0,5.0,5.2,14.8,12.6,7,6,0.0,0.8571428571428571,0.1428571428571428,7,0.6,1.4,1.6,0.6,1539.2005483066278,1554.2862342249243,-15.085685918296576,1515.5532753707753,1552.9311457364863,-37.37787036571103
E0,2024-03-16,Burnley,Brentford,H,1,3,2,3,0.1,0.2,1.2,2.8,1.4,2.0,7.8,9.4,3.2,5.0,19.0,19.0,6,7,0.3333333333333333,0.6666666666666666,0.0,3,0.4,1.8,0.6,1.4,1429.5450623895133,1488.269095727916,-58.724033338402705,1447.9809613522389,1494.3652402160178,-46.384278863778945
E0,2024-03-16,Luton,Nott'm Forest,D,3,4,3,4,0.3,0.1,2.0,2.8,1.6,2.0,10.6,10.8,4.4,4.4,21.2,13.0,3,6,0.0,0.0,1.0,1,0.8,2.0,0.8,0.6,1475.309679076839,1458.2778517681725,17.031827308666607,1472.703422967992,1475.6868791464212,-2.983456178429151
E0,2024-03-17,West Ham,Aston Villa,D,7,10,6,10,0.4,0.5,1.4,1.6,2.4,1.2,13.2,12.8,3.8,6.0,20.8,12.2,7,7,0.4545454545454545,0.1818181818181818,0.3636363636363636,11,1.0,1.0,0.6,1.2,1521.167730995374,1518.2018152739429,2.9659157214312017,1504.706586710506,1528.8158252843118,-24.10923857380567
E0,2024-03-30,Newcastle,West Ham,H,6,7,5,7,0.6,0.4,2.2,2.8,1.4,1.6,8.0,13.2,3.6,3.8,17.8,20.8,19,13,0.5294117647058824,0.2352941176470588,0.2352941176470588,17,1.2,1.8,1.0,1.0,1583.8380203667543,1488.2454424256389,95.59257794111568,1535.2105343573628,1505.2671367997643,29.943397557598473
E0,2024-03-30,Bournemouth,Everton,H,5,2,5,2,0.4,0.4,1.4,1.8,0.2,1.6,16.0,13.0,4.4,2.8,13.0,18.8,17,21,0.4615384615384615,0.4615384615384615,0.0769230769230769,13,1.0,1.2,0.2,1.0,1472.783768496799,1485.5618258668287,-12.778057370029728,1484.896428271349,1477.1661568841234,7.73027138722523
E0,2024-03-30,Chelsea,Burnley,D,8,1,12,1,0.5,0.1,2.0,2.0,1.2,2.8,11.2,7.8,5.6,3.2,20.2,19.0,19,14,0.6470588235294118,0.1176470588235294,0.2352941176470588,17,1.2,1.4,0.4,1.8,1496.5201553888578,1466.4168603149649,30.10329507389315,1503.9037412937744,1453.023251962925,50.88048933084906
E0,2024-03-30,Nott'm Forest,Crystal Palace,D,2,1,6,1,0.3,0.1,1.2,2.0,0.8,3.0,11.0,9.2,4.4,4.0,11.2,15.2,14,21,0.3333333333333333,0.0,0.6666666666666666,3,0.4,0.8,0.6,1.8,1493.0959065246702,1467.6621049637454,25.43380156092485,1475.8223393990456,1473.9588095730965,1.863529825949172
E0,2024-03-30,Sheffield United,Fulham,D,4,4,1,4,0.2,0.1,1.4,1.8,1.0,1.8,9.0,15.4,4.6,5.0,19.0,14.8,21,14,0.0,0.6666666666666666,0.3333333333333333,3,0.4,1.0,0.6,1.4,1423.5793472703767,1491.906002434923,-68.32665516454631,1436.239492311665,1522.9307694720037,-86.69127716033904
E0,2024-03-30,Tottenham,Luton,H,5,3,12,3,0.6,0.1,2.0,2.2,2.0,2.8,13.4,10.6,5.0,4.4,12.8,21.2,14,14,1.0,0.0,0.0,1,1.4,1.0,0.8,2.0,1551.5760572480483,1470.097166859145,81.47889038890298,1545.553651635258,1472.567962715368,72.98568891988998
E0,2024-03-30,Aston Villa,Wolves,H,11,10,6,10,0.6,0.4,2.2,0.8,2.0,1.4,13.4,11.4,6.2,5.0,12.2,13.8,13,21,0.1111111111111111,0.5555555555555556,0.3333333333333333,9,0.8,0.6,0.8,0.6,1539.4298352946807,1487.838676689797,51.59115860488373,1528.2552751950536,1501.872317830647,26.382957364406593
E0,2024-03-30,Brentford,Man United,D,3,9,4,9,0.4,0.5,1.2,1.8,2.0,2.0,9.4,14.4,5.0,5.6,18.6,19.2,14,21,0.2,0.8,0.0,5,0.6,1.0,0.8,1.8,1500.4613847041194,1522.3602277473608,-21.898843043241413,1489.3229496053314,1533.989647380839,-44.6666977755076
E0,2024-03-31,Liverpool,Brighton,H,12,4,13,4,0.7,0.2,2.4,0.8,1.2,1.8,16.0,15.2,5.6,5.6,11.6,11.6,21,21,0.6,0.1333333333333333,0.2666666666666666,15,1.8,0.6,0.6,0.8,1609.227634667739,1491.6101063703504,117.61752829738862,1580.9279198764452,1516.9645994717953,63.96332040464995
E0,2024-03-31,Man City,Arsenal,D,13,12,13,12,0.6,0.6,2.2,1.0,4.0,0.6,20.0,19.0,9.4,7.0,12.0,8.2,21,22,0.7894736842105263,0.1052631578947368,0.1052631578947368,19,1.4,0.2,1.6,0.4,1586.8691111817416,1577.6251616677723,9.243949513969255,1585.275163881856,1580.7950163675578,4.480147514298096
E0,2024-04-02,West Ham,Tottenham,D,4,5,6,5,0.4,0.4,1.6,2.4,2.0,2.2,14.0,13.4,4.0,5.0,19.6,12.8,3,3,0.2631578947368421,0.4736842105263157,0.2631578947368421,19,1.0,1.6,1.4,1.0,1522.28883117389,1539.5312460224677,-17.24241484857771,1503.0362695647127,1546.611482620215,-43.57521305550222
E0,2024-04-02,Burnley,Wolves,D,2,7,5,7,0.2,0.3,1.2,2.6,1.2,1.6,9.6,11.8,3.6,4.6,21.8,13.2,3,3,0.4444444444444444,0.2222222222222222,0.3333333333333333,9,0.6,1.8,0.6,0.8,1439.6296436108862,1481.0623995218773,-41.43275591099109,1454.2918178693449,1498.4841792466873,-44.19236137734242
E0,2024-04-02,Nott'm Forest,Fulham,H,2,5,4,5,0.2,0.1,1.2,2.0,1.6,1.8,11.0,18.6,4.4,6.2,11.2,13.2,3,3,0.0,1.0,0.0,3,0.4,0.8,1.2,1.6,1490.7180292160365,1488.9742744320945,1.743754783941995,1474.6334007447283,1521.4649054705892,-46.83150472586067
E0,2024-04-02,Newcastle,Everton,D,6,2,8,2,0.6,0.3,2.2,2.8,0.4,1.4,8.0,12.4,3.6,3.4,17.8,18.6,3,3,0.4117647058823529,0.4705882352941176,0.1176470588235294,17,1.2,1.8,0.4,1.0,1588.2997548368578,1479.9070805842432,108.3926742526146,1537.4414015924144,1474.3387842428306,63.10261734958385
E0,2024-04-02,Bournemouth,Crystal Palace,H,5,2,8,2,0.5,0.1,1.4,1.8,0.8,2.8,16.0,8.6,4.4,3.6,13.0,15.8,3,3,0.1538461538461538,0.4615384615384615,0.3846153846153846,13,1.0,1.2,0.6,1.8,1478.4385137793845,1470.0399822723791,8.398531507005146,1487.7238009126413,1475.1477482274136,12.57605268522775
E0,2024-04-03,Arsenal,Luton,H,13,2,12,2,0.9,0.1,3.8,0.2,2.0,3.0,17.6,9.2,6.8,4.0,7.6,22.0,3,4,1.0,0.0,0.0,1,1.6,0.2,0.6,2.4,1583.964871067343,1467.9815048892317,115.98336617811152,1581.5072948698853,1471.510131730411,109.9971631394742
E0,2024-04-03,Brentford,Brighton,D,3,3,5,3,0.3,0.2,1.2,1.8,1.4,2.2,9.4,12.6,5.0,4.6,18.6,16.4,4,3,0.2,0.6,0.2,5,0.6,1.0,0.6,1.0,1502.261844908031,1489.065786874169,13.1960580338623,1490.223179707287,1515.6924397237044,-25.469260016417365
E0,2024-04-03,Man City,Aston Villa,H,13,11,11,11,0.5,0.5,2.2,1.0,2.2,0.8,20.0,13.4,9.4,6.2,12.0,12.2,3,4,0.8181818181818182,0.0909090909090909,0.0909090909090909,11,1.4,0.2,0.8,0.6,1585.4445541770865,1517.0807150954265,68.36383908165999,1584.5628853795283,1531.6434137790134,52.91947160051495
E0,2024-04-04,Liverpool,Sheffield United,H,12,4,13,4,0.7,0.1,2.4,0.8,1.4,1.8,16.0,9.0,5.6,4.6,11.6,19.0,4,5,1.0,0.0,0.0,5,1.8,0.6,0.4,1.0,1611.7719541639208,1448.8996373529526,162.8723168109682,1582.200079624536,1437.705356313079,144.49472331145716
E0,2024-04-04,Chelsea,Man United,H,8,10,10,10,0.5,0.4,2.0,2.0,2.0,1.8,11.2,14.6,5.6,5.6,20.2,23.8,5,5,0.2105263157894736,0.3684210526315789,0.4210526315789473,19,1.2,1.4,0.8,1.6,1493.9830235760187,1520.5597675434492,-26.576743967430502,1502.6351753873548,1533.0894172788833,-30.454241891528454
E0,2024-04-06,Crystal Palace,Man City,A,2,13,10,13,0.3,0.6,0.8,2.0,2.2,1.0,6.8,20.0,3.0,9.4,13.8,12.0,4,3,0.1578947368421052,0.5789473684210527,0.2631578947368421,19,0.6,1.4,1.4,0.2,1480.2555141824475,1583.6812165819704,-103.42570239952283,1472.4237777973544,1588.2460593140606,-115.8222815167062
E0,2024-04-06,Aston Villa,Brentford,D,10,3,6,3,0.6,0.1,2.4,1.6,1.2,1.8,11.8,9.4,5.8,5.0,15.2,18.6,3,3,0.4,0.2,0.4,5,0.8,1.0,0.6,1.0,1546.2061124626005,1478.184514506543,68.02159795605735,1527.9602398444813,1489.4408090926047,38.5194307518766
E0,2024-04-06,Everton,Burnley,H,2,2,3,2,0.3,0.1,0.6,1.6,1.2,2.6,10.2,9.6,3.2,3.6,17.2,21.8,4,4,0.4705882352941176,0.4705882352941176,0.0588235294117647,17,0.6,1.0,0.6,1.8,1468.7704879014182,1468.9539921278038,-0.1835042263855939,1476.3271119858423,1456.6989254149933,19.62818657084904
E0,2024-04-06,Fulham,Newcastle,A,5,6,10,6,0.7,0.2,1.8,2.2,2.2,2.8,19.4,8.0,6.0,3.6,13.0,17.8,4,4,0.0,0.7142857142857143,0.2857142857142857,7,1.4,1.6,1.2,1.8,1553.9555365090844,1486.5830483479713,67.3724881611131,1515.083743594836,1535.4530738494032,-20.369330254567103
E0,2024-04-06,Luton,Bournemouth,H,1,5,4,5,0.3,0.5,1.2,2.6,1.4,1.8,8.0,16.0,2.6,4.4,20.8,13.0,3,4,0.0,1.0,0.0,1,0.2,2.0,1.0,1.2,1475.0387585715907,1497.009088045898,-21.97032947430739,1470.907505931627,1490.4477713427004,-19.540265411073506
E0,2024-04-06,Wolves,West Ham,A,7,4,9,4,0.6,0.4,1.4,1.8,1.6,2.4,11.8,14.0,4.4,4.0,13.6,19.6,4,4,0.5454545454545454,0.4545454545454545,0.0,11,0.6,0.8,1.0,1.6,1515.905958971497,1483.7837079555352,32.122251015961865,1496.077071701039,1503.688585078039,-7.611513377000165
E0,2024-04-06,Brighton,Arsenal,A,4,13,11,13,0.4,0.6,1.4,1.4,3.8,0.2,15.6,17.6,5.4,6.8,13.8,7.6,3,3,0.4,0.4,0.2,15,0.6,0.8,1.6,0.2,1542.31909257324,1579.0497186724274,-36.730626099187475,1516.4748103383868,1582.1099206686697,-65.63511033028271
E0,2024-04-07,Tottenham,Nott'm Forest,H,6,2,12,2,0.7,0.1,1.8,1.6,1.2,2.0,12.2,11.0,5.2,4.4,12.0,11.2,5,5,1.0,0.0,0.0,3,1.0,0.6,0.4,0.8,1553.691719217962,1458.5487722734208,95.14294694454134,1545.9591671068886,1481.014562620482,64.94460448640666
E0,2024-04-07,Sheffield United,Chelsea,D,4,8,2,8,0.2,0.3,1.6,2.0,2.0,2.0,9.8,11.2,4.8,5.6,21.2,20.2,3,3,0.2,0.6,0.2,5,0.6,1.2,1.2,1.4,1426.5110752732055,1511.287327198691,-84.77625192548544,1437.2684995903066,1507.126740994253,-69.8582414039463
E0,2024-04-07,Man United,Liverpool,D,7,12,10,12,0.6,0.6,1.8,2.0,2.4,0.8,14.2,16.0,5.0,5.6,26.2,11.6,3,3,0.2631578947368421,0.3157894736842105,0.4210526315789473,19,0.6,1.4,1.8,0.6,1545.6190670143174,1552.6282050851516,-7.009138070834297,1528.5978516719852,1582.6369363473086,-54.039084675323465
E0,2024-04-13,Bournemouth,Man United,D,5,7,10,7,0.5,0.3,1.4,1.6,1.8,2.0,12.8,14.2,3.8,5.0,14.4,26.2,7,6,0.1538461538461538,0.7692307692307693,0.0769230769230769,13,1.0,1.2,0.6,1.4,1483.8864546395027,1511.576636329653,-27.69018169015021,1483.9393889053986,1529.9950834583556,-46.05569455295699
E0,2024-04-13,Nott'm Forest,Wolves,D,2,7,7,7,0.3,0.3,1.0,2.0,1.4,1.8,11.2,11.8,5.0,4.4,12.4,13.6,6,7,0.0,0.3333333333333333,0.6666666666666666,3,0.2,0.8,0.6,0.8,1503.480352967543,1476.2481844305807,27.232168536962263,1478.967703091903,1491.1202703811866,-12.152567289283525
E0,2024-04-13,Newcastle,Tottenham,H,9,6,9,6,0.5,0.3,2.0,2.0,1.8,1.6,9.4,12.2,4.0,5.2,13.8,12.0,7,6,0.2352941176470588,0.6470588235294118,0.1176470588235294,17,1.0,1.0,1.0,0.6,1584.3230993508348,1538.226614995815,46.09648435501981,1542.1755347076337,1548.0060266354674,-5.830491927833691
E0,2024-04-13,Burnley,Brighton,D,2,4,5,4,0.2,0.1,1.0,2.2,1.4,1.4,9.2,15.6,3.2,5.4,21.4,13.8,7,7,0.2307692307692307,0.1538461538461538,0.6153846153846154,13,0.4,1.6,0.6,0.8,1444.4438587021828,1490.6305281035334,-46.18666940135063,1453.1586826927642,1511.83101960649,-58.67233691372576
E0,2024-04-13,Brentford,Sheffield United,H,1,4,3,4,0.2,0.1,1.4,2.4,1.6,2.0,9.2,9.8,4.4,4.8,17.4,21.2,7,6,0.0,1.0,0.0,1,1.0,1.4,0.6,1.2,1500.6971036786665,1448.0259239074078,52.671179771258494,1492.0116165006696,1439.534299867892,52.4773166327775
E0,2024-04-13,Man City,Luton,H,13,1,11,1,0.6,0.1,2.4,1.2,1.2,2.6,19.0,8.0,9.2,2.6,12.0,20.8,7,7,1.0,0.0,0.0,1,1.4,0.4,0.2,2.0,1592.8109020461509,1466.7762532916631,126.03464875448776,1589.5099549167712,1477.4158883689288,112.09406654784244
E0,2024-04-14,Liverpool,Crystal Palace,A,10,2,13,2,0.7,0.0,2.4,1.2,0.8,2.0,17.8,6.8,5.0,3.0,11.6,13.8,7,8,0.7368421052631579,0.1578947368421052,0.1052631578947368,19,1.8,1.0,0.6,1.4,1612.6456676094656,1464.592041412261,148.0536261972045,1581.2397045609382,1471.1598821946438,110.07982236629437
E0,2024-04-14,West Ham,Fulham,A,6,5,6,5,0.3,0.1,1.6,2.2,1.8,2.2,13.0,19.4,3.8,6.0,18.2,13.0,8,8,0.7142857142857143,0.1428571428571428,0.1428571428571428,7,1.2,1.4,1.4,1.6,1523.5934622005427,1476.2119506805875,47.38151151995521,1508.6453863978911,1508.361282736605,0.2841036612862808
E0,2024-04-14,Arsenal,Aston Villa,A,13,10,15,10,0.9,0.5,4.0,0.0,2.4,1.6,17.8,11.8,7.6,5.8,7.8,15.2,8,8,0.6363636363636364,0.3636363636363636,0.0,11,1.6,0.0,0.8,1.0,1585.170122664911,1509.714367226362,75.4557554385492,1586.753711400566,1525.3894324364164,61.36427896414966
E0,2024-04-15,Chelsea,Everton,H,6,2,10,2,0.6,0.2,1.8,2.0,0.6,1.6,10.0,10.2,4.6,3.2,19.4,17.2,8,9,0.4736842105263157,0.2631578947368421,0.2631578947368421,19,1.2,1.2,0.6,1.0,1502.966154789815,1483.8837360702662,19.08241871954874,1504.8609407166675,1479.8673547080714,24.99358600859614
E0,2024-04-20,Luton,Brentford,A,1,1,4,1,0.3,0.1,1.2,2.8,1.4,2.4,6.4,9.2,2.4,4.4,21.6,17.4,7,7,0.0,1.0,0.0,1,0.4,2.0,1.0,1.4,1488.0555234461942,1483.3261293226728,4.729394123521388,1476.3123218543203,1496.1727685686074,-19.86044671428681
E0,2024-04-20,Sheffield United,Burnley,A,4,2,2,2,0.1,0.1,1.2,1.8,1.0,2.2,9.6,9.2,4.2,3.2,20.6,21.4,7,7,0.4,0.4,0.2,5,0.6,1.4,0.4,1.6,1431.042675828376,1461.873506683345,-30.830830854969236,1435.373147799954,1454.5481569243047,-19.17500912435071
E0,2024-04-20,Wolves,Arsenal,A,5,13,6,13,0.6,0.6,1.0,1.8,4.0,0.0,11.2,17.8,3.8,7.6,14.2,7.8,7,6,0.2727272727272727,0.5454545454545454,0.1818181818181818,11,0.4,0.8,1.6,0.0,1505.9923563317925,1588.3373001362208,-82.34494380442834,1491.2885978719437,1577.2289658712912,-85.94036799934747
E0,2024-04-21,Crystal Palace,West Ham,H,5,6,7,6,0.3,0.5,0.8,1.2,1.6,2.2,7.0,13.0,3.0,3.8,15.4,18.2,7,7,0.2631578947368421,0.3157894736842105,0.4210526315789473,19,0.4,1.2,1.2,1.4,1477.7277229770266,1493.6973105952395,-15.969587618213154,1478.7332501859714,1501.653070783516,-22.919820597544685
E0,2024-04-21,Fulham,Liverpool,A,7,10,9,10,0.6,0.6,1.8,1.8,2.4,1.2,20.0,17.8,6.6,5.0,13.6,11.6,7,7,0.1428571428571428,0.5714285714285714,0.2857142857142857,7,1.6,1.2,1.8,1.0,1540.5106147926228,1549.8337415124106,-9.323126719787751,1515.3535983509803,1573.6663365696104,-58.3127382186301
E0,2024-04-21,Everton,Nott'm Forest,H,2,2,6,2,0.3,0.1,0.6,2.4,1.0,2.0,11.2,11.2,3.4,5.0,16.2,12.4,6,8,0.3333333333333333,0.0,0.6666666666666666,3,0.6,1.0,0.2,0.8,1475.8509733458766,1454.4550532162632,21.395920129613387,1471.891078903168,1478.799375601146,-6.90829669797813
E0,2024-04-21,Aston Villa,Bournemouth,H,10,5,7,5,0.5,0.5,1.8,1.6,1.4,1.6,11.2,12.8,4.2,3.8,16.8,14.4,7,8,0.2,0.6,0.2,5,1.0,1.0,1.0,1.2,1541.0644976464707,1483.9923231712946,57.0721744751761,1534.9141779656916,1483.8941567751835,51.02002119050803
E0,2024-04-23,Arsenal,Chelsea,H,13,6,12,6,0.8,0.2,3.2,0.0,1.8,2.0,17.6,10.0,7.0,4.6,7.8,19.4,3,8,0.3684210526315789,0.2631578947368421,0.3684210526315789,19,1.4,0.0,1.2,1.2,1566.1206316063613,1506.75572664352,59.36490496284114,1579.4935303429545,1512.837216521571,66.65631382138326
E0,2024-04-24,Wolves,Bournemouth,A,5,4,6,4,0.5,0.4,1.0,1.8,1.4,2.0,11.2,13.8,3.8,4.2,14.2,15.4,4,3,0.5714285714285714,0.1428571428571428,0.2857142857142857,7,0.4,0.8,1.0,1.4,1501.463227388466,1478.0125353826877,23.450692005778365,1489.0240334002806,1480.9042628808802,8.11977051940039
E0,2024-04-24,Crystal Palace,Newcastle,H,5,9,7,9,0.4,0.3,0.8,1.2,2.0,2.0,7.0,9.4,3.0,4.0,15.4,13.8,3,11,0.1764705882352941,0.3529411764705882,0.4705882352941176,17,0.4,1.2,1.0,1.0,1495.285567436706,1500.0279700644328,-4.742402627726733,1487.5121724158112,1548.1559582179736,-60.64378580216248
E0,2024-04-24,Everton,Liverpool,H,2,10,8,10,0.4,0.7,0.6,2.4,2.2,1.4,11.2,17.8,3.4,5.0,16.2,11.8,3,3,0.0526315789473684,0.4210526315789473,0.5263157894736842,19,0.6,1.0,1.4,1.0,1486.2982349777872,1561.542911031244,-75.24467605345671,1477.114709719123,1579.520921329027,-102.40621160990396
E0,2024-04-24,Man United,Sheffield United,H,5,4,8,4,0.5,0.1,1.8,2.2,1.2,1.8,12.4,9.6,4.4,4.2,25.6,20.6,11,4,0.6,0.2,0.2,5,0.6,1.2,0.6,1.4,1548.4135305870584,1439.703619771532,108.70991081552644,1530.0403155885708,1429.0972018461466,100.9431137424242
E0,2024-04-25,Brighton,Man City,A,5,13,8,13,0.4,0.7,1.4,1.2,2.4,1.2,18.4,19.0,6.4,9.2,12.8,12.0,12,12,0.0666666666666666,0.8666666666666667,0.0666666666666666,15,0.8,0.6,1.4,0.4,1533.0315111094465,1586.209007787391,-53.17749667794487,1510.441545374949,1590.613521431379,-80.17197605642968
E0,2024-04-27,Aston Villa,Chelsea,D,10,6,10,6,0.5,0.2,1.8,1.6,1.6,2.2,11.2,10.6,4.2,4.2,16.8,19.2,6,4,0.2727272727272727,0.6363636363636364,0.0909090909090909,11,1.0,1.0,1.0,1.6,1547.0442854350777,1500.824595616589,46.21968981848863,1537.904071859995,1509.8716510081056,28.032420851889356
E0,2024-04-27,Everton,Brentford,H,2,4,10,4,0.5,0.2,0.6,2.4,2.4,2.4,11.2,12.2,3.4,5.8,16.2,13.6,3,7,0.4,0.4,0.2,5,0.6,1.0,1.6,1.4,1504.9956392751683,1499.003054715423,5.99258455974541,1486.4634118678136,1504.0112312649826,-17.54781939716895
E0,2024-04-27,Wolves,Luton,H,5,1,6,1,0.4,0.1,1.0,1.8,1.2,2.8,11.2,6.4,3.8,2.4,14.2,21.6,3,7,0.0,0.0,1.0,1,0.4,0.8,0.4,2.0,1491.8932660199453,1464.569120262447,27.324145757498172,1484.23905271602,1468.4738591579455,15.765193558074545
E0,2024-04-27,Fulham,Crystal Palace,D,7,5,6,5,0.5,0.1,1.8,1.8,0.8,1.2,20.0,7.0,6.6,3.0,13.6,15.4,6,3,0.1428571428571428,0.4285714285714285,0.4285714285714285,7,1.6,1.2,0.4,1.2,1528.8014452737896,1479.7387773949165,49.06266787887307,1509.4990135915637,1494.7326428991282,14.76637069243543
E0,2024-04-27,Man United,Burnley,D,5,5,10,5,0.6,0.2,1.8,2.2,1.6,1.8,12.4,10.6,4.4,4.2,25.6,20.0,3,7,0.5882352941176471,0.0588235294117647,0.3529411764705882,17,0.6,1.2,0.8,1.4,1554.6059953184008,1474.4253985909602,80.18059672744062,1533.136547954242,1460.8241028781122,72.31244507612973
E0,2024-04-27,West Ham,Liverpool,D,6,10,6,10,0.3,0.7,2.0,2.6,2.0,1.2,9.4,20.4,3.4,6.2,19.4,12.0,6,3,0.1052631578947368,0.7894736842105263,0.1052631578947368,19,1.4,1.2,1.4,0.8,1509.6088309717925,1542.8455067338623,-33.236675762070035,1492.8741485536764,1570.1722191803365,-77.29807062666009
E0,2024-04-27,Newcastle,Sheffield United,H,6,1,11,1,0.5,0.1,1.4,2.2,1.0,2.4,8.0,10.2,3.4,4.4,15.4,21.6,3,3,0.8,0.2,0.0,5,0.8,1.2,0.6,1.8,1596.2839463715145,1433.5111550401896,162.77279133132492,1540.9354877346568,1426.0009694804753,114.93451825418153
E0,2024-04-28,Bournemouth,Brighton,H,7,5,11,5,0.4,0.1,1.4,1.4,1.4,1.2,13.0,18.4,4.6,6.4,17.0,12.8,4,3,0.4545454545454545,0.3636363636363636,0.1818181818181818,11,0.8,1.2,0.8,0.6,1483.7959903790725,1487.8515796404522,-4.055589261379737,1485.6892435651405,1505.283256241657,-19.594012676516513
E0,2024-04-28,Tottenham,Arsenal,A,5,13,12,13,0.8,0.6,1.4,2.0,3.2,0.0,11.2,17.6,4.4,7.0,13.8,7.8,15,5,0.3684210526315789,0.3684210526315789,0.2631578947368421,19,0.8,1.0,1.4,0.0,1557.7854382751198,1592.8664290795473,-35.08099080442753,1542.0256031251274,1582.45909585642,-40.43349273129252
E0,2024-04-28,Nott'm Forest,Man City,A,1,13,8,13,0.3,0.7,0.8,2.2,2.6,0.8,11.2,16.4,4.4,8.2,12.0,11.0,7,3,0.0,0.6666666666666666,0.3333333333333333,3,0.2,1.0,1.2,0.4,1503.1436979860289,1596.525586053976,-93.3818880679471,1473.5757447851906,1595.7718105646711,-122.1960657794807
E0,2024-05-02,Chelsea,Tottenham,H,4,5,10,5,0.7,0.2,1.4,2.4,1.4,2.0,12.0,11.2,4.2,4.4,18.4,13.8,5,4,0.5789473684210527,0.3157894736842105,0.1052631578947368,19,0.8,1.6,0.8,1.0,1518.918706399622,1526.2657679751353,-7.34706157551318,1511.8284133294833,1540.0701421364588,-28.241728806975516
E0,2024-05-03,Luton,Everton,D,0,2,4,2,0.3,0.1,1.2,3.0,0.6,2.4,6.6,11.2,3.2,3.4,20.0,16.2,6,6,1.0,0.0,0.0,1,0.4,2.2,0.6,1.0,1472.378598053444,1467.931184460459,4.447413592984958,1467.0229945083463,1489.4882969696712,-22.465302461324654
E0,2024-05-04,Arsenal,Bournemouth,H,13,7,12,7,0.8,0.4,2.8,0.4,1.4,1.4,16.2,13.0,6.2,4.6,9.0,17.0,6,6,0.6923076923076923,0.1538461538461538,0.1538461538461538,13,0.8,0.4,0.8,1.2,1572.0517626332924,1487.5824967512085,84.46926588208385,1584.4145568450886,1494.6449542987289,89.76960254635969
E0,2024-05-04,Brentford,Fulham,D,4,7,6,7,0.3,0.2,2.0,1.8,1.8,1.8,11.4,20.0,5.0,6.6,13.8,13.6,7,7,0.6666666666666666,0.3333333333333333,0.0,3,1.4,1.2,1.6,1.2,1509.019407814542,1490.1965819093375,18.82282590520435,1500.9863461631253,1506.4734856304035,-5.487139467278212
E0,2024-05-04,Burnley,Newcastle,A,6,6,5,6,0.2,0.3,1.8,1.4,1.4,2.2,13.4,8.0,5.6,3.4,22.4,15.4,7,7,0.2,0.4666666666666667,0.3333333333333333,15,1.0,1.0,0.8,1.2,1447.222807165264,1485.5870290977991,-38.3642219325352,1462.2628482013015,1541.6012128094158,-79.33836460811426
E0,2024-05-04,Sheffield United,Nott'm Forest,A,1,1,2,1,0.1,0.1,1.2,3.2,0.8,2.2,10.8,11.2,4.6,4.4,23.0,12.0,7,6,0.0,1.0,0.0,1,0.6,2.6,0.2,1.0,1418.4907839207613,1444.0077915843526,-25.517007663591357,1425.3352444057164,1471.26728465596,-45.93204025024352
E0,2024-05-04,Man City,Wolves,H,13,5,13,5,0.7,0.3,2.4,0.6,1.0,1.8,13.6,11.2,6.2,3.8,12.0,14.2,6,7,0.6363636363636364,0.2727272727272727,0.0909090909090909,11,1.0,0.4,0.4,0.8,1595.018035075367,1476.5848394120949,118.43319566327204,1598.0802706939023,1485.6899173656188,112.39035332828372
E0,2024-05-05,Brighton,Aston Villa,H,2,10,7,10,0.4,0.5,0.4,1.8,1.8,1.6,16.2,11.2,4.6,4.2,14.6,16.8,7,8,0.1111111111111111,0.6666666666666666,0.2222222222222222,9,0.2,1.0,1.0,1.0,1522.7149328428618,1528.7638582849122,-6.048925442050404,1496.3275455080686,1535.9473095386174,-39.61976403054882
E0,2024-05-05,Chelsea,West Ham,H,4,6,13,6,0.8,0.4,1.4,2.4,2.0,2.6,12.0,9.4,4.2,3.4,18.4,19.4,3,8,0.4736842105263157,0.3157894736842105,0.2105263157894736,19,0.8,1.6,1.4,1.2,1531.768421782264,1476.1394661355605,55.62895564670384,1518.2532710208045,1495.04958844154,23.203682579264296
E0,2024-05-05,Liverpool,Tottenham,H,8,4,10,4,0.6,0.2,1.6,1.4,1.0,2.0,23.0,13.2,6.2,3.8,11.2,14.2,8,3,0.5789473684210527,0.1578947368421052,0.2631578947368421,19,1.2,0.8,0.8,1.0,1597.4989316268102,1513.416052592493,84.08287903431687,1567.9967792924726,1533.6452844451378,34.351494847334834
E0,2024-05-06,Crystal Palace,Man United,H,5,5,10,5,0.5,0.3,0.8,1.2,1.8,2.2,7.8,12.4,3.0,4.4,13.4,25.6,9,9,0.2105263157894736,0.631578947368421,0.1578947368421052,19,0.4,1.2,0.6,1.2,1509.7265084033395,1511.6671005900832,-1.9405921867435152,1497.7581708602884,1531.6978026310526,-33.93963177076421
E0,2024-05-11,Wolves,Crystal Palace,A,2,5,6,5,0.5,0.1,0.8,2.6,0.8,1.2,9.2,7.8,2.6,3.0,15.2,13.4,7,5,0.3636363636363636,0.5454545454545454,0.0909090909090909,11,0.4,1.0,0.4,1.2,1494.794995319143,1485.7898333172368,9.005162001906228,1482.8110973846165,1504.4837524291586,-21.672655044542125
E0,2024-05-11,West Ham,Luton,H,6,0,4,0,0.2,0.1,2.0,3.2,1.2,3.0,10.0,6.6,3.2,3.2,20.6,20.0,6,8,1.0,0.0,0.0,1,1.4,1.4,0.4,2.2,1513.95971074752,1461.667390963249,52.2923197842706,1489.015548989239,1467.7720931778092,21.24345581142984
E0,2024-05-11,Tottenham,Burnley,H,1,6,9,6,0.8,0.2,0.6,2.8,1.8,1.4,13.6,13.4,4.0,5.6,17.2,22.4,6,7,0.6470588235294118,0.1176470588235294,0.2352941176470588,17,0.4,1.4,1.0,1.0,1553.874516297782,1477.3028892373388,76.57162706044323,1531.969986389186,1455.8628039144226,76.10718247476348
E0,2024-05-11,Nott'm Forest,Chelsea,A,4,4,5,4,0.3,0.2,1.0,1.6,1.4,2.4,12.2,12.0,4.6,4.2,12.2,18.4,7,6,0.3333333333333333,0.0,0.6666666666666666,3,0.4,0.8,0.8,1.6,1498.526777727567,1504.7381202593442,-6.211342531777291,1474.8593184749184,1524.2873104731052,-49.427991998186826
E0,2024-05-11,Everton,Sheffield United,H,2,1,12,1,0.5,0.1,0.6,2.4,1.2,3.2,12.0,10.8,3.4,4.6,15.2,23.0,8,7,0.4,0.4,0.2,5,0.4,0.8,0.6,2.6,1511.0454094788834,1432.1797048906717,78.86570458821188,1488.7391983002085,1421.743210586758,66.99598771345063
E0,2024-05-11,Bournemouth,Brentford,A,6,4,13,4,0.5,0.2,1.0,1.6,2.0,1.8,12.0,11.4,3.6,5.0,18.6,13.8,7,7,0.0,0.3333333333333333,0.6666666666666666,3,0.4,1.2,1.4,1.2,1501.7074118462492,1492.9532845117085,8.754127334540954,1492.144689220698,1501.21154861199,-9.066859391292155
E0,2024-05-11,Fulham,Man City,A,5,13,7,13,0.4,0.8,1.4,1.6,2.4,0.6,19.6,13.6,6.2,6.2,10.8,12.0,7,7,0.0,1.0,0.0,7,1.2,1.0,1.0,0.4,1522.7503893514693,1601.142506312438,-78.39211696096868,1506.248283181539,1600.959090674905,-94.71080749336625
E0,2024-05-11,Newcastle,Brighton,D,6,2,13,2,0.5,0.1,1.6,2.0,0.4,1.8,11.2,16.2,4.6,4.6,16.2,14.6,7,6,0.1333333333333333,0.4,0.4666666666666667,15,0.8,1.4,0.2,1.0,1597.6153965210326,1469.9401581732754,127.67523834775716,1548.0012570962947,1500.7366149425084,47.264642153786326
E0,2024-05-12,Man United,Arsenal,A,2,13,8,13,0.5,0.7,1.4,2.8,2.8,0.4,9.6,16.2,3.0,6.2,24.8,9.0,6,8,0.3684210526315789,0.3684210526315789,0.2631578947368421,19,0.6,1.6,0.8,0.4,1551.7285046720222,1596.777351056885,-45.04884638486283,1524.9722210621824,1586.9148219231197,-61.94260086093732
E0,2024-05-13,Aston Villa,Liverpool,D,7,8,8,8,0.4,0.6,1.4,1.6,1.6,1.4,9.2,23.0,3.8,6.2,16.8,11.2,8,8,0.1818181818181818,0.7272727272727273,0.0909090909090909,11,0.8,1.0,1.2,0.8,1543.1307607923225,1538.494626958135,4.636133834187376,1531.5382401041777,1569.6720773484242,-38.133837244246706
E0,2024-05-14,Tottenham,Man City,A,1,13,12,13,0.8,0.9,0.6,2.8,3.0,0.6,13.6,13.8,4.0,6.8,17.2,9.6,3,3,0.3157894736842105,0.5263157894736842,0.1578947368421052,19,0.4,1.4,1.6,0.4,1558.6960172329982,1614.3781460021078,-55.68212876910957,1534.380736856794,1607.5769105197396,-73.19617366294551
E0,2024-05-15,Brighton,Chelsea,A,3,6,7,6,0.5,0.3,0.6,1.4,1.8,2.6,16.2,12.6,4.4,4.0,15.8,16.2,4,4,0.1333333333333333,0.6,0.2666666666666666,15,0.2,0.8,1.2,1.6,1531.5330717117413,1514.14531752805,17.387754183691413,1502.9204768124928,1528.9909091074585,-26.070432294965485
E0,2024-05-15,Man United,Newcastle,H,2,6,8,6,0.4,0.4,1.4,2.8,1.6,2.0,9.6,11.2,3.0,4.6,24.8,16.2,3,4,0.5882352941176471,0.2941176470588235,0.1176470588235294,17,0.6,1.6,0.8,1.4,1549.1711976051563,1498.3871176715568,50.78407993359974,1523.6935675287496,1545.8173952263105,-22.123827697560955
E0,2024-05-19,Man City,West Ham,H,15,6,13,6,0.8,0.3,3.2,0.4,2.0,3.2,13.4,10.0,6.6,3.2,7.8,20.6,5,8,0.8421052631578947,0.0526315789473684,0.1052631578947368,19,2.0,0.2,1.4,1.4,1600.7756750373717,1464.071387230958,136.70428780641373,1609.770826074085,1493.0671311337355,116.70369494034958
E0,2024-05-19,Luton,Fulham,A,0,5,5,5,0.3,0.2,0.8,2.8,1.4,1.6,5.8,19.6,2.6,6.2,20.0,10.8,8,8,0.0,1.0,0.0,1,0.4,2.0,1.2,1.0,1473.876795392369,1489.746177011608,-15.869381619238766,1463.7205110333125,1499.6304633367035,-35.90995230339104
E0,2024-05-19,Liverpool,Wolves,H,6,2,10,2,0.7,0.3,2.0,2.0,0.8,2.6,21.4,9.2,7.2,2.6,13.4,15.2,6,8,0.9090909090909092,0.0909090909090909,0.0,11,1.2,1.2,0.4,1.0,1600.8495277387133,1470.82719945009,130.02232828862316,1568.5327804833532,1477.52694767675,91.00583280660317
E0,2024-05-19,Crystal Palace,Aston Villa,H,8,7,10,7,0.6,0.5,1.2,0.8,1.4,1.6,9.6,9.2,3.4,3.8,13.2,16.8,8,6,0.2727272727272727,0.5454545454545454,0.1818181818181818,11,0.4,0.8,0.8,1.0,1523.1776715410804,1519.9457194160327,3.2319521250476555,1509.767902137025,1532.6775369692486,-22.909634832223674
E0,2024-05-19,Brentford,Newcastle,A,7,6,7,6,0.2,0.4,2.2,1.6,1.8,1.8,11.8,14.8,5.2,5.8,13.0,16.0,8,4,0.0,0.8,0.2,5,1.8,1.2,1.0,1.4,1509.469812712272,1491.3384739164817,18.131338795790494,1505.3692462453191,1542.2930733487729,-36.923827103453505
E0,2024-05-19,Burnley,Nott'm Forest,A,5,4,5,4,0.1,0.2,1.6,1.4,1.0,1.6,12.6,12.2,5.4,4.6,22.2,12.2,8,8,0.0,0.0,1.0,1,1.0,0.8,0.4,0.8,1434.4227185915065,1451.1918592222696,-16.76914063076333,1453.4520534468145,1470.155719840565,-16.703666393750837
E0,2024-05-19,Brighton,Man United,A,3,2,6,2,0.4,0.3,0.6,1.4,1.4,2.8,16.2,9.6,4.4,3.0,15.8,24.8,4,4,0.4666666666666667,0.5333333333333333,0.0,15,0.2,0.8,0.6,1.6,1521.0011478373312,1498.2159374523426,22.78521038498866,1497.6545148752875,1527.2178894062872,-29.56337453099968
E0,2024-05-19,Arsenal,Everton,H,13,2,12,2,0.8,0.0,1.8,0.4,0.6,2.4,14.0,12.0,5.2,3.4,11.0,15.2,7,8,0.5789473684210527,0.3157894736842105,0.1052631578947368,19,0.6,0.4,0.4,0.8,1577.0522927893542,1466.432987121534,110.6193056678203,1588.1934754565525,1490.7445094531208,97.44896600343144
E0,2024-05-19,Chelsea,Bournemouth,H,8,6,13,6,0.8,0.3,1.8,2.4,1.0,1.6,11.8,12.0,4.0,3.6,15.8,18.6,4,8,0.5384615384615384,0.3076923076923077,0.1538461538461538,13,1.2,1.4,0.4,1.2,1543.8365006868664,1482.5819665951467,61.254534091719734,1534.256871044663,1487.9869915873687,46.26987945729434
E0,2024-05-19,Sheffield United,Tottenham,A,0,1,2,1,0.1,0.2,0.8,3.0,0.6,2.8,10.8,13.6,3.0,4.0,19.6,17.2,8,5,0.2,0.6,0.2,5,0.4,2.2,0.4,1.4,1411.3067162828445,1510.0654564805902,-98.75874019774596,1419.7378994338455,1532.1868213024488,-112.44892186860328
